Date,Close,High,Low,Open,Volume,close_lag_1,close_lag_2,close_lag_3,close_lag_5,ma_5,ma_10,target
2020-01-15,2783.480712890625,2783.480712890625,2753.0934672207304,2777.403198470209,112825318,2777.4033203125,2740.9384765625,2680.1640625,2661.93115234375,2731.21455078125,2701.4349365234375,2777.4033203125
2020-01-16,2777.4033203125,2789.5583496865625,2740.9385586225126,2777.4033203125,147387255,2783.480712890625,2777.4033203125,2740.9384765625,2674.086181640625,2751.877978515625,2711.1588623046873,2813.867919921875
2020-01-17,2813.867919921875,2819.9454342588374,2795.635703343168,2807.7904055849126,133295352,2777.4033203125,2783.480712890625,2777.4033203125,2680.1640625,2778.61875,2723.921533203125,2832.100341796875
2020-01-20,2832.100341796875,2850.332557595745,2813.867799565838,2850.332557595745,90022804,2813.867919921875,2777.4033203125,2783.480712890625,2740.9384765625,2796.851123046875,2741.5461669921874,2838.177734375
2020-01-21,2838.177734375,2844.255248191841,2819.945192924476,2838.177734375,81224962,2832.100341796875,2813.867919921875,2777.4033203125,2777.4033203125,2809.006005859375,2757.955322265625,2862.4873046875
2020-01-22,2862.4873046875,2862.4873046875,2838.1775771985444,2844.255090678817,90609115,2838.177734375,2832.100341796875,2813.867919921875,2783.480712890625,2824.80732421875,2778.0109375,2880.720458984375
2020-01-23,2880.720458984375,2892.875162102845,2850.332885107689,2868.5654294337005,153849977,2862.4873046875,2838.177734375,2832.100341796875,2777.4033203125,2845.470751953125,2798.674365234375,2880.720458984375
2020-01-24,2880.720458984375,2886.7979737597125,2844.255696764556,2874.642944209038,105620964,2880.720458984375,2862.4873046875,2838.177734375,2813.867919921875,2858.841259765625,2818.7300048828124,2826.022705078125
2020-01-27,2826.022705078125,2856.4099477122954,2819.94519126486,2856.4099477122954,103076840,2880.720458984375,2880.720458984375,2862.4873046875,2832.100341796875,2857.625732421875,2827.238427734375,2807.79052734375
2020-01-28,2807.79052734375,2819.9455565447734,2777.4032807733865,2783.480795373898,104935872,2826.022705078125,2880.720458984375,2880.720458984375,2838.177734375,2851.548291015625,2830.2771484375,2807.79052734375
2020-01-29,2807.79052734375,2832.100585745797,2795.6358245749216,2807.79052734375,214362682,2807.79052734375,2826.022705078125,2880.720458984375,2862.4873046875,2840.608935546875,2832.7081298828125,2783.480712890625
2020-01-30,2783.480712890625,2856.4102330712453,2783.480712890625,2856.4102330712453,96500596,2807.79052734375,2807.79052734375,2826.022705078125,2880.720458984375,2821.160986328125,2833.315869140625,2710.551025390625
2020-01-31,2710.551025390625,2783.480708676935,2710.551025390625,2777.40319426572,150763654,2783.480712890625,2807.79052734375,2807.79052734375,2880.720458984375,2787.127099609375,2822.9841796875,2710.551025390625
2020-02-03,2710.551025390625,2728.7834054081795,2704.4736741955016,2710.551025390625,144745560,2710.551025390625,2783.480712890625,2807.79052734375,2826.022705078125,2764.032763671875,2810.829248046875,2771.325927734375
2020-02-04,2771.325927734375,2850.3329692825546,2747.0161943473254,2850.3329692825546,123617275,2710.551025390625,2710.551025390625,2783.480712890625,2807.79052734375,2756.73984375,2804.1440673828124,2771.325927734375
2020-02-05,2771.325927734375,2783.480957644007,2740.938679392509,2777.403442689191,100395764,2771.325927734375,2710.551025390625,2710.551025390625,2807.79052734375,2749.446923828125,2795.0279296875,2765.248046875
2020-02-06,2765.248046875,2789.558103477496,2753.093345005923,2789.558103477496,104342852,2771.325927734375,2771.325927734375,2710.551025390625,2783.480712890625,2745.800390625,2783.4806884765626,2765.248046875
2020-02-07,2765.248046875,2783.480589326872,2759.1708591565466,2783.480589326872,146349277,2765.248046875,2771.325927734375,2771.325927734375,2710.551025390625,2756.739794921875,2771.933447265625,2734.86083984375
2020-02-10,2734.86083984375,2753.093382544222,2674.0861871571065,2734.86083984375,187982906,2765.248046875,2765.248046875,2771.325927734375,2710.551025390625,2761.6017578125,2762.8172607421875,2740.9384765625
2020-02-11,2740.9384765625,2759.171020077736,2722.706096263359,2759.171020077736,93666727,2734.86083984375,2765.248046875,2765.248046875,2771.325927734375,2755.524267578125,2756.1320556640626,2753.09326171875
2020-02-12,2753.09326171875,2771.3254771868865,2747.015747751984,2747.015747751984,143167912,2740.9384765625,2734.86083984375,2765.248046875,2771.325927734375,2751.877734375,2750.6623291015626,2777.4033203125
2020-02-13,2777.4033203125,2789.5583496865625,2759.171102683606,2783.4808349995315,87683284,2753.09326171875,2740.9384765625,2734.86083984375,2765.248046875,2754.3087890625,2750.05458984375,2765.248046875
2020-02-14,2765.248046875,2789.558103477496,2753.093345005923,2753.093345005923,139707803,2777.4033203125,2753.09326171875,2740.9384765625,2765.248046875,2754.3087890625,2755.5242919921875,2716.628173828125
2020-02-17,2716.628173828125,2759.170605759389,2716.628173828125,2722.7056874206014,131738165,2765.248046875,2777.4033203125,2753.09326171875,2734.86083984375,2750.662255859375,2756.1320068359373,2674.086181640625
2020-02-18,2674.086181640625,2734.860834201894,2674.086181640625,2716.6284547551218,97565635,2716.628173828125,2765.248046875,2777.4033203125,2740.9384765625,2737.291796875,2746.4080322265627,2722.705810546875
2020-02-19,2722.705810546875,2722.705810546875,2704.4734321610117,2710.550782812248,110893685,2674.086181640625,2716.628173828125,2765.248046875,2753.09326171875,2731.214306640625,2741.5460205078125,2771.325927734375
2020-02-20,2771.325927734375,2783.480957644007,2740.938679392509,2747.0161943473254,108000305,2722.705810546875,2674.086181640625,2716.628173828125,2777.4033203125,2729.998828125,2742.15380859375,2740.9384765625
2020-02-21,2740.9384765625,2771.3257226557034,2740.9384765625,2771.3257226557034,117658802,2771.325927734375,2722.705810546875,2674.086181640625,2765.248046875,2725.1369140625,2739.7228515625,2728.783203125
2020-02-24,2728.783203125,2759.1707729284644,2716.6283384196945,2759.1707729284644,113200755,2740.9384765625,2771.325927734375,2722.705810546875,2716.628173828125,2727.567919921875,2739.115087890625,2734.86083984375
2020-02-25,2734.86083984375,2765.2480845790283,2710.5509461258757,2710.5509461258757,125324724,2728.783203125,2740.9384765625,2771.325927734375,2674.086181640625,2739.7228515625,2738.50732421875,2722.705810546875
2020-02-26,2722.705810546875,2740.9381889327387,2716.6282966795616,2734.8606750654253,164120194,2734.86083984375,2728.783203125,2740.9384765625,2722.705810546875,2739.7228515625,2735.4685791015627,2607.908935546875
2020-02-27,2607.908935546875,2765.772665995645,2601.594338845653,2765.772665995645,227877075,2722.705810546875,2734.86083984375,2728.783203125,2771.325927734375,2707.039453125,2718.519140625,2645.796142578125
2020-02-28,2645.796142578125,2645.796142578125,2468.9887938815345,2519.505058092626,211162617,2607.908935546875,2722.705810546875,2734.86083984375,2740.9384765625,2688.010986328125,2706.5739501953126,2513.19091796875
2020-03-02,2513.19091796875,2652.1110419707634,2513.19091796875,2645.796444629819,206428685,2645.796142578125,2607.908935546875,2722.705810546875,2728.783203125,2644.892529296875,2686.230224609375,2588.96533203125
2020-03-03,2588.96533203125,2639.481770115548,2525.8198692174387,2557.3926854159054,218258509,2513.19091796875,2645.796142578125,2607.908935546875,2734.86083984375,2615.713427734375,2677.7181396484375,2664.73974609375
2020-03-04,2664.73974609375,2677.368769671308,2607.9088856200774,2614.223312617303,127937929,2588.96533203125,2513.19091796875,2645.796142578125,2722.705810546875,2604.12021484375,2671.921533203125,2620.5380859375
2020-03-05,2620.5380859375,2715.256362698252,2607.9090615081886,2708.941765692037,146949558,2664.73974609375,2588.96533203125,2513.19091796875,2607.908935546875,2606.646044921875,2656.8427490234376,2532.134521484375
2020-03-06,2532.134521484375,2557.392741076256,2525.819924190623,2551.0781437825044,175334118,2620.5380859375,2664.73974609375,2588.96533203125,2645.796142578125,2583.913720703125,2635.962353515625,2367.9560546875
2020-03-09,2367.9560546875,2494.247146020704,2367.9560546875,2462.674330791624,163934401,2532.134521484375,2620.5380859375,2664.73974609375,2513.19091796875,2554.866748046875,2599.879638671875,2468.988525390625
2020-03-10,2468.988525390625,2544.762998258698,2386.899287006093,2386.899287006093,182576203,2367.9560546875,2532.134521484375,2620.5380859375,2588.96533203125,2530.87138671875,2573.2924072265623,2468.988525390625
2020-03-11,2468.988525390625,2544.762998258698,2450.044907173607,2494.2467395410126,195275262,2468.988525390625,2367.9560546875,2532.134521484375,2664.73974609375,2491.721142578125,2547.9206787109374,2279.55224609375
2020-03-12,2279.55224609375,2424.786950483512,2273.2376494899063,2412.1577572758247,167137546,2468.988525390625,2468.988525390625,2367.9560546875,2620.5380859375,2423.523974609375,2515.085009765625,2349.012451171875
2020-03-13,2349.012451171875,2380.5852666400497,2121.6886546337505,2279.552392808386,295725807,2279.55224609375,2468.988525390625,2468.988525390625,2532.134521484375,2386.899560546875,2485.406640625,2210.092529296875
2020-03-16,2210.092529296875,2367.956281389509,2184.8343086120776,2367.956281389509,196265939,2349.012451171875,2279.55224609375,2468.988525390625,2367.9560546875,2355.32685546875,2455.0968017578125,2058.54296875
2020-03-17,2058.54296875,2254.293928468895,2058.54296875,2210.092093384528,229429422,2210.092529296875,2349.012451171875,2279.55224609375,2468.988525390625,2273.237744140625,2402.0545654296875,1982.768310546875
2020-03-18,1982.768310546875,2172.204842467394,1951.195668282188,2064.85755351788,272919333,2058.54296875,2210.092529296875,2349.012451171875,2468.988525390625,2175.993701171875,2333.857421875,1850.162841796875
2020-03-19,1850.162841796875,1982.768348871082,1850.162841796875,1976.453922045955,151744210,1982.768310546875,2058.54296875,2210.092529296875,2279.55224609375,2090.1158203125,2256.8198974609377,1774.3883056640625
2020-03-20,1774.3883056640625,1875.4211762415032,1723.8720399584554,1850.162958597143,658210668,1850.162841796875,1982.768310546875,2058.54296875,2349.012451171875,1975.1909912109375,2181.045275878906,1654.412109375
2020-03-23,1654.412109375,1704.92854849709,1654.412109375,1673.3557316500023,180848183,1774.3883056640625,1850.162841796875,1982.768310546875,2210.092529296875,1864.0549072265626,2109.690881347656,1540.75
2020-03-24,1540.75,1736.5009634290448,1540.75,1629.1536718442849,544651637,1654.412109375,1774.3883056640625,1850.162841796875,2058.54296875,1760.4963134765626,2016.8670288085937,1856.4775390625
2020-03-26,1856.4775390625,1894.364780403984,1578.6373170033198,1578.6373170033198,698059077,1540.75,1654.412109375,1774.3883056640625,1982.768310546875,1735.2381591796875,1955.6159301757812,2039.599365234375
2020-03-27,2039.599365234375,2317.439400961778,1894.3646662084927,1894.3646662084927,529032687,1856.4775390625,1540.75,1654.412109375,1850.162841796875,1773.1254638671876,1931.6206420898438,1900.6793212890625
2020-03-30,1900.6793212890625,1989.082994876172,1900.6793212890625,1989.082994876172,239264252,2039.599365234375,1856.4775390625,1540.75,1774.3883056640625,1798.3836669921875,1886.7873291015626,1906.993896484375
2020-03-31,1906.993896484375,2020.6557854773716,1875.421083592891,1957.5101596944028,346502244,1900.6793212890625,2039.599365234375,1856.4775390625,1654.412109375,1848.9000244140625,1856.4774658203125,1850.162841796875
2020-04-01,1850.162841796875,1944.8811095879091,1831.219222155289,1900.679273896507,298923123,1906.993896484375,1900.6793212890625,2039.599365234375,1540.75,1910.7825927734375,1835.639453125,1812.275634765625
2020-04-02,1812.275634765625,1831.219254744339,1768.0737982875903,1799.646441724412,329876337,1850.162841796875,1906.993896484375,1900.6793212890625,1856.4775390625,1901.9422119140625,1818.590185546875,1824.904541015625
2020-04-03,1824.904541015625,1862.7919481227648,1787.01730349158,1850.1627558926864,322467159,1812.275634765625,1850.162841796875,1906.993896484375,2039.599365234375,1859.0032470703125,1816.06435546875,1906.993896484375
2020-04-06,1906.993896484375,1913.308323396188,1837.5338437895932,1862.79206018616,313615306,1824.904541015625,1812.275634765625,1850.162841796875,1900.6793212890625,1860.266162109375,1829.3249145507812,1913.3087158203125
2020-04-07,1913.3087158203125,2045.9142519126651,1862.7924422492777,1957.51056118443,445935822,1906.993896484375,1824.904541015625,1812.275634765625,1906.993896484375,1861.5291259765625,1855.2145751953126,1780.702880859375
2020-04-08,1780.702880859375,1919.6229914257915,1780.702880859375,1894.364774087978,322246825,1913.3087158203125,1906.993896484375,1824.904541015625,1850.162841796875,1847.6371337890625,1879.20986328125,1761.75927734375
2020-04-09,1761.75927734375,1837.533930092328,1736.5010597608907,1805.9611157179756,292370749,1780.702880859375,1913.3087158203125,1906.993896484375,1812.275634765625,1837.5338623046875,1869.738037109375,1749.1302490234375
2020-04-13,1749.1302490234375,1793.3320872884822,1704.9284107583928,1761.7592729921164,136106890,1761.75927734375,1780.702880859375,1913.3087158203125,1824.904541015625,1822.37900390625,1840.6911254882812,1831.2191162109373
2020-04-14,1831.2191162109373,1831.2191162109373,1749.1300459855884,1761.759068488299,241711574,1749.1302490234375,1761.75927734375,1780.702880859375,1906.993896484375,1807.2240478515625,1833.7451049804688,1742.8157958984375
2020-04-15,1742.8157958984375,1888.05034663315,1723.8721735924423,1831.219479715165,351010672,1831.2191162109373,1749.1302490234375,1761.75927734375,1913.3087158203125,1773.1254638671876,1817.327294921875,1648.0972900390625
2020-04-16,1648.0972900390625,1749.1301546709776,1629.1536703163542,1749.1301546709776,404530667,1742.8157958984375,1831.2191162109373,1749.1302490234375,1780.702880859375,1746.604345703125,1797.1207397460937,1787.0177001953125
2020-04-17,1787.0177001953125,1793.3322977121422,1679.6703903248715,1685.9848182585688,442565694,1648.0972900390625,1742.8157958984375,1831.2191162109373,1761.75927734375,1751.6560302734374,1794.5949462890626,1755.4447021484375
2020-04-20,1755.4447021484375,1831.2193558292247,1742.8156779931971,1818.5901620908696,244213568,1787.0177001953125,1648.0972900390625,1742.8157958984375,1749.1302490234375,1752.9189208984376,1787.6489624023438,1717.557373046875
2020-04-21,1717.557373046875,1761.7592097245615,1698.6137529825958,1736.500993111154,146163154,1755.4447021484375,1787.0177001953125,1648.0972900390625,1831.2191162109373,1730.186572265625,1768.7053100585938,1761.75927734375
2020-04-22,1761.75927734375,1787.0174949266093,1673.3556005952992,1704.9284149696514,197501041,1717.557373046875,1755.4447021484375,1787.0177001953125,1742.8157958984375,1733.9752685546875,1753.5503662109375,1768.073974609375
2020-04-23,1768.073974609375,1818.5902430626627,1761.7593774590432,1787.0175964772484,237791877,1761.75927734375,1717.557373046875,1755.4447021484375,1648.0972900390625,1757.97060546875,1752.2874755859375,1660.7265625
2020-04-24,1660.7265625,1768.0740396734773,1660.7265625,1768.0740396734773,323088010,1768.073974609375,1761.75927734375,1717.557373046875,1787.0177001953125,1732.7123779296876,1742.1842041015625,1679.6697998046875
2020-04-27,1679.6697998046875,1704.9280114088638,1648.0969929036987,1692.2988208152392,200872709,1660.7265625,1768.073974609375,1761.75927734375,1755.4447021484375,1717.5573974609374,1735.2381591796875,1635.4683837890625
2020-04-28,1635.4683837890625,1698.613843911275,1622.8391900147506,1692.299247024119,295130807,1679.6697998046875,1660.7265625,1768.073974609375,1717.557373046875,1701.139599609375,1715.6630859375,1629.1539306640625
2020-04-29,1629.1539306640625,1654.4121508584428,1616.524735775307,1641.7829559696877,230054013,1635.4683837890625,1679.6697998046875,1660.7265625,1761.75927734375,1674.6185302734375,1704.2968994140624,1723.8720703125
2020-04-30,1723.8720703125,1730.18649764744,1648.097416045175,1654.4120129632308,475289499,1629.1539306640625,1635.4683837890625,1679.6697998046875,1768.073974609375,1665.7781494140625,1711.8743774414063,1660.7265625
2020-05-04,1660.7265625,1692.2993798303985,1641.7829399350126,1685.984782447693,220673601,1723.8720703125,1629.1539306640625,1635.4683837890625,1660.7265625,1665.7781494140625,1699.245263671875,1660.7265625
2020-05-05,1660.7265625,1692.2993798303985,1648.097537317718,1660.7265625,203241160,1660.7265625,1723.8720703125,1629.1539306640625,1679.6697998046875,1661.989501953125,1689.7734497070312,1654.412109375
2020-05-06,1654.412109375,1673.3557316500023,1641.7829148029143,1660.7265370779166,190361478,1660.7265625,1660.7265625,1723.8720703125,1635.4683837890625,1665.7782470703125,1683.4589233398438,1635.4683837890625
2020-05-08,1635.4683837890625,1679.6702228329227,1629.1537869019066,1667.041029058611,226345299,1654.412109375,1660.7265625,1660.7265625,1629.1539306640625,1667.0411376953125,1670.829833984375,1654.412109375
2020-05-11,1654.412109375,1667.0411343639596,1641.7829148029143,1660.7265370779166,170062057,1635.4683837890625,1654.412109375,1660.7265625,1723.8720703125,1653.1491455078126,1659.4636474609374,1572.32275390625
2020-05-12,1572.32275390625,1660.7264319839917,1559.693729716479,1654.4120046806638,405546974,1654.412109375,1635.4683837890625,1654.412109375,1660.7265625,1635.4683837890625,1650.6232666015626,1559.693603515625
2020-05-13,1559.693603515625,1591.2664158100465,1540.749983972213,1553.3790071401204,372457853,1572.32275390625,1654.412109375,1635.4683837890625,1660.7265625,1615.2617919921875,1638.6256469726563,1483.9190673828125
2020-05-14,1483.9190673828125,1566.008317690017,1471.2900432649196,1540.7500998711168,517300545,1559.693603515625,1572.32275390625,1654.412109375,1654.412109375,1581.16318359375,1623.4707153320312,1414.4591064453125
2020-05-15,1414.4591064453125,1515.491893706295,1395.5154005396823,1502.8626999081696,654135428,1483.9190673828125,1559.693603515625,1572.32275390625,1635.4683837890625,1536.961328125,1602.0012329101562,1370.25732421875
2020-05-18,1370.25732421875,1433.4028718737393,1363.9427270574704,1420.77367755118,501017513,1414.4591064453125,1483.9190673828125,1559.693603515625,1654.412109375,1480.13037109375,1566.6397583007813,1496.5482177734375
2020-05-19,1496.5482177734375,1528.120861946009,1420.773566509669,1420.773566509669,584451204,1370.25732421875,1414.4591064453125,1483.9190673828125,1572.32275390625,1464.9754638671875,1550.221923828125,1566.00830078125
2020-05-20,1566.00830078125,1578.6373247627828,1464.975430596538,1490.233648142716,433842983,1496.5482177734375,1370.25732421875,1414.4591064453125,1559.693603515625,1466.2384033203125,1540.75009765625,1591.266357421875
2020-05-26,1591.266357421875,1610.209976270191,1559.6935462859517,1610.209976270191,444514707,1566.00830078125,1496.5482177734375,1370.25732421875,1483.9190673828125,1487.707861328125,1534.4355224609376,1660.7265625
2020-05-27,1660.7265625,1660.7265625,1591.2666696227554,1603.8956948050377,476102523,1591.266357421875,1566.00830078125,1496.5482177734375,1414.4591064453125,1536.9613525390625,1536.9613403320313,1723.8720703125
2020-05-28,1723.8720703125,1755.4447157365485,1667.041037216227,1667.041037216227,498739044,1660.7265625,1591.266357421875,1566.00830078125,1370.25732421875,1607.6843017578126,1543.9073364257813,1862.792236328125
2020-05-29,1862.792236328125,1862.7922363281248,1704.928496109629,1704.928496109629,959884609,1723.8720703125,1660.7265625,1591.266357421875,1496.5482177734375,1680.93310546875,1572.9542846679688,2008.02685546875
2020-06-02,2008.02685546875,2077.486917260368,1862.7923041467327,1862.7923041467327,514215761,1862.792236328125,1723.8720703125,1660.7265625,1566.00830078125,1769.33681640625,1617.7876098632812,1957.510009765625
2020-06-03,1957.510009765625,2071.171890053079,1900.679154413444,2020.655630712171,481917223,2008.02685546875,1862.792236328125,1723.8720703125,1591.266357421875,1842.585546875,1665.1467041015626,1932.252197265625
2020-06-04,1932.252197265625,2020.656051064622,1913.3085748741,1970.139611631803,275162272,1957.510009765625,2008.02685546875,1862.792236328125,1660.7265625,1896.890673828125,1716.9260131835938,1963.8245849609373
2020-06-05,1963.8245849609373,1976.4537768496175,1869.1063241281963,1938.5663707666672,294137820,1932.252197265625,1957.510009765625,2008.02685546875,1723.8720703125,1944.8811767578125,1776.2827392578124,2083.80126953125
2020-06-08,2083.80126953125,2128.003106420308,2001.712022749352,2008.0266193286768,422772612,1963.8245849609373,1932.252197265625,1957.510009765625,1862.792236328125,1989.0829833984376,1835.0080444335938,2026.97021484375
2020-06-09,2026.97021484375,2121.6884840497974,2026.97021484375,2115.3738875472327,279951975,2083.80126953125,1963.8245849609373,1932.252197265625,2008.02685546875,1992.8716552734375,1881.1042358398438,1913.3087158203125
2020-06-10,1913.3087158203125,2008.0270043386045,1894.365092033282,2008.0270043386045,487562851,2026.97021484375,2083.80126953125,1963.8245849609373,1957.510009765625,1984.031396484375,1913.3084716796875,1875.4212646484373
2020-06-11,1875.4212646484373,1976.4541399885447,1831.2194240829208,1976.4541399885447,409589324,1913.3087158203125,2026.97021484375,2083.80126953125,1932.252197265625,1972.6652099609375,1934.7779418945313,1913.3087158203125
2020-06-12,1913.3087158203125,1919.6233136103688,1768.0741537309857,1831.2196228821335,519350210,1875.4212646484373,1913.3087158203125,2026.97021484375,1963.8245849609373,1962.5620361328124,1953.7216064453125,1831.2191162109373
2020-06-15,1831.2191162109373,1925.9373785220896,1824.904520168036,1919.6227824791883,253847754,1913.3087158203125,1875.4212646484373,1913.3087158203125,2083.80126953125,1912.04560546875,1950.5642944335937,1976.4539794921875
2020-06-16,1976.4539794921875,1989.0830030926104,1869.1065157646071,1875.4211123563723,372556634,1831.2191162109373,1913.3087158203125,1875.4212646484373,2026.97021484375,1901.9423583984376,1947.4070068359374,1957.510009765625
2020-06-17,1957.510009765625,2020.655630712171,1944.880987326171,2020.655630712171,240003025,1976.4539794921875,1831.2191162109373,1913.3087158203125,1913.3087158203125,1910.7826171875,1947.4070068359374,1925.9373779296875
2020-06-18,1925.9373779296875,1970.1392110502168,1919.622781888728,1925.9373779296875,144039347,1957.510009765625,1976.4539794921875,1831.2191162109373,1875.4212646484373,1920.88583984375,1946.7755249023437,1957.510009765625
2020-06-19,1957.510009765625,1963.824605776898,1932.2517953036247,1944.880987326171,183669732,1925.9373779296875,1957.510009765625,1976.4539794921875,1913.3087158203125,1929.7260986328124,1946.1440673828124,1932.252197265625
2020-06-22,1932.252197265625,1963.8250143069188,1913.3085748741,1957.5104169820345,104916512,1957.510009765625,1925.9373779296875,1957.510009765625,1831.2191162109373,1949.93271484375,1930.98916015625,1900.6793212890625
2020-06-23,1900.6793212890625,1932.2519649512544,1881.7357011751255,1906.993917854744,188566907,1932.252197265625,1957.510009765625,1925.9373779296875,1976.4539794921875,1934.777783203125,1918.3600708007812,1970.1396484375
2020-06-24,1970.1396484375,1982.7686737400736,1900.6795853155184,1925.9378055037964,339338591,1900.6793212890625,1932.252197265625,1957.510009765625,1957.510009765625,1937.3037109375,1924.0431640625,1932.252197265625
2020-06-25,1932.252197265625,1963.8250143069188,1919.623172198984,1957.5104169820345,174033235,1970.1396484375,1900.6793212890625,1932.252197265625,1925.9373779296875,1938.5666748046874,1929.7262573242188,1913.3087158203125
2020-06-26,1913.3087158203125,1970.139756764544,1906.9942876133955,1957.51056118443,162039618,1932.252197265625,1970.1396484375,1900.6793212890625,1957.510009765625,1929.726416015625,1929.7262573242188,1919.623046875
2020-06-29,1919.623046875,1932.2520711171464,1881.7358045654453,1919.623046875,130693147,1913.3087158203125,1932.252197265625,1970.1396484375,1932.252197265625,1927.2005859375,1938.566650390625,1913.3087158203125
2020-06-30,1913.3087158203125,1963.8251589744868,1913.3087158203125,1938.5669373974,147418716,1919.623046875,1913.3087158203125,1932.252197265625,1900.6793212890625,1929.72646484375,1932.2521240234375,1932.252197265625
2020-07-01,1932.252197265625,1938.566794590509,1913.3085748741,1919.623172198984,111421694,1913.3087158203125,1919.623046875,1913.3087158203125,1970.1396484375,1922.148974609375,1929.7263427734374,1932.252197265625
2020-07-02,1932.252197265625,1951.1959892402776,1919.623172198984,1951.1959892402776,186436280,1932.252197265625,1913.3087158203125,1919.623046875,1932.252197265625,1922.148974609375,1930.3578247070313,1925.9373779296875
2020-07-03,1925.9373779296875,1951.195592510432,1919.622781888728,1932.251804387554,54421019,1932.252197265625,1932.252197265625,1913.3087158203125,1913.3087158203125,1924.67470703125,1927.2005615234375,1919.623046875
2020-07-06,1919.623046875,1957.5102891845547,1913.308449962369,1938.5666680297772,148148028,1925.9373779296875,1932.252197265625,1932.252197265625,1919.623046875,1924.67470703125,1925.937646484375,1913.3087158203125
2020-07-07,1913.3087158203125,1944.8815351874564,1913.3087158203125,1938.5669373974,228112810,1919.623046875,1925.9373779296875,1932.252197265625,1913.3087158203125,1924.67470703125,1927.2005859375,2014.34130859375
2020-07-08,2014.34130859375,2020.6559054636275,1913.3084370081667,1919.6230338780445,373640813,1913.3087158203125,1919.623046875,1925.9373779296875,1932.252197265625,1941.092529296875,1931.620751953125,1982.768310546875
2020-07-09,1982.768310546875,2039.5993379562703,1982.768310546875,2014.3411223946607,211404181,2014.34130859375,1913.3087158203125,1919.623046875,1932.252197265625,1951.195751953125,1936.67236328125,1963.8245849609373
2020-07-10,1963.8245849609373,1989.082799155208,1957.5099890165973,1976.4537768496175,117829855,1982.768310546875,2014.34130859375,1913.3087158203125,1925.9373779296875,1958.773193359375,1941.7239501953125,1995.397705078125
2020-07-13,1995.397705078125,2008.026729345593,1925.937647649259,1976.4540838853643,105451891,1963.8245849609373,1982.768310546875,2014.34130859375,1919.623046875,1973.928125,1949.301416015625,2001.7119140625
2020-07-14,2001.7119140625,2052.228344787994,1976.4538682828509,1995.3974874091368,232365483,1995.397705078125,1963.8245849609373,1982.768310546875,1913.3087158203125,1991.6087646484375,1958.1417358398437,1976.4539794921875
2020-07-15,1976.4539794921875,2045.913863669176,1976.4539794921875,2020.6558164683292,182296468,2001.7119140625,1995.397705078125,1963.8245849609373,2014.34130859375,1984.031298828125,1962.5619140625,1982.768310546875
2020-07-16,1982.768310546875,1995.3975031192288,1976.4538838437973,1976.4538838437973,128809144,1976.4539794921875,2001.7119140625,1995.397705078125,1982.768310546875,1984.031298828125,1967.613525390625,1957.510009765625
2020-07-17,1957.510009765625,1989.082820238898,1957.510009765625,1982.768224227625,131548742,1982.768310546875,1976.4539794921875,2001.7119140625,1963.8245849609373,1982.7683837890625,1970.7707885742188,1925.9373779296875
2020-07-20,1925.9373779296875,1976.453807091176,1913.308185847769,1957.5100189682985,150206164,1957.510009765625,1982.768310546875,1976.4539794921875,1995.397705078125,1968.876318359375,1971.4022216796875,1989.0830078125
2020-07-21,1989.0830078125,2008.02662804964,1925.937550494332,1925.937550494332,224576578,1925.9373779296875,1957.510009765625,1982.768310546875,2001.7119140625,1966.350537109375,1978.9796508789063,1957.510009765625
2020-07-22,1957.510009765625,2001.711842678352,1951.195583337444,1995.397416250171,190916547,1989.0830078125,1925.9373779296875,1957.510009765625,1976.4539794921875,1962.5617431640626,1973.2965209960937,1982.768310546875
2020-07-23,1982.768310546875,1995.3975031192288,1957.5100949852656,1970.13928755762,162646279,1957.510009765625,1989.0830078125,1925.9373779296875,1982.768310546875,1962.5617431640626,1973.2965209960937,1951.1961669921875
2020-07-24,1951.1961669921875,1982.7688173265888,1951.196166992188,1976.4543890095945,104287961,1982.768310546875,1957.510009765625,1989.0830078125,1957.510009765625,1961.298974609375,1972.0336791992188,1989.0830078125
2020-07-27,1989.0830078125,1989.0830078125,1951.1957673382208,1951.1957673382208,103970385,1951.1961669921875,1982.768310546875,1957.510009765625,1925.9373779296875,1973.9281005859375,1971.4022094726563,1982.768310546875
2020-07-28,1982.768310546875,2001.711929822307,1957.5100949852656,1995.3975031192288,113763744,1989.0830078125,1951.1961669921875,1982.768310546875,1989.0830078125,1972.6651611328125,1969.5078491210938,1970.1396484375
2020-07-29,1970.1396484375,1989.083271182926,1957.510453551796,1982.7686737400736,73895646,1982.768310546875,1989.0830078125,1951.1961669921875,1957.510009765625,1975.1910888671875,1968.876416015625,1995.397705078125
2020-07-30,1995.397705078125,2001.7121324203008,1963.82489003478,1976.4540838853643,86328061,1970.1396484375,1982.768310546875,1989.0830078125,1982.768310546875,1977.7169677734375,1970.13935546875,1888.05029296875
2020-08-03,1888.05029296875,2008.0267902741064,1875.421268318086,2001.7121931572133,373214336,1995.397705078125,1970.1396484375,1982.768310546875,1951.1961669921875,1965.08779296875,1963.1933837890624,1944.88134765625
2020-08-04,1944.88134765625,1944.88134765625,1894.36490937302,1894.36490937302,171919769,1888.05029296875,1995.397705078125,1970.1396484375,1989.0830078125,1956.2474609375,1965.0877807617187,1944.88134765625
2020-08-05,1944.88134765625,1963.8249696166804,1919.6231285146348,1957.510372435496,177648668,1944.88134765625,1888.05029296875,1995.397705078125,1982.768310546875,1948.670068359375,1960.6676147460937,1963.8245849609373
2020-08-06,1963.8245849609373,1976.4537768496175,1951.1955626553477,1957.5099890165973,126064817,1944.88134765625,1944.88134765625,1888.05029296875,1970.1396484375,1947.4070556640625,1961.299072265625,1963.8245849609373
2020-08-07,1963.8245849609373,1976.4537768496175,1932.251774822327,1963.8245849609373,98910738,1963.8245849609373,1944.88134765625,1944.88134765625,1995.397705078125,1941.092431640625,1959.4046997070313,1976.4539794921875
2020-08-10,1976.4539794921875,1989.0830030926104,1957.5101897168915,1963.8247863086567,100613457,1963.8245849609373,1963.8245849609373,1944.88134765625,1888.05029296875,1958.7731689453126,1961.9304809570312,2014.34130859375
2020-08-11,2014.34130859375,2033.284929620268,1976.4540665407137,1976.4540665407137,189708286,1976.4539794921875,1963.8245849609373,1963.8245849609373,1944.88134765625,1972.6651611328125,1964.4563110351562,2115.3740234375
2020-08-12,2115.3740234375,2128.0032172539204,2014.341320821717,2014.341320821717,505369848,2014.34130859375,1976.4539794921875,1963.8245849609373,1944.88134765625,2006.7636962890624,1977.7168823242187,2102.744873046875
2020-08-13,2102.744873046875,2178.519522649836,2083.8012530419114,2115.373896522482,235648930,2115.3740234375,2014.34130859375,1976.4539794921875,1963.8245849609373,2034.54775390625,1990.9774047851563,2109.059326171875
2020-08-14,2109.059326171875,2115.37375268878,2071.171919154976,2102.7447300718763,109069303,2102.744873046875,2115.3740234375,2014.34130859375,1963.8245849609373,2063.5947021484376,2002.3435668945312,2222.7216796875
2020-08-18,2222.7216796875,2229.03610754424,2109.05977368549,2109.05977368549,288206078,2109.059326171875,2102.744873046875,2115.3740234375,1976.4539794921875,2112.8482421875,2035.8107055664063,2247.979736328125
2020-08-19,2247.979736328125,2298.496176816722,2222.721685666957,2222.721685666957,239290433,2222.7216796875,2109.059326171875,2102.744873046875,2014.34130859375,2159.575927734375,2066.1205444335938,2298.495849609375
2020-08-24,2298.495849609375,2304.810446167304,2222.7213692466507,2229.035796221473,214473234,2247.979736328125,2222.7216796875,2109.059326171875,2115.3740234375,2196.20029296875,2101.4819946289062,2399.52880859375
2020-08-25,2399.52880859375,2399.52880859375,2298.4959381092026,2317.439558929277,197233406,2298.495849609375,2247.979736328125,2222.7216796875,2102.744873046875,2255.557080078125,2145.0524169921873,2361.641357421875
2020-08-26,2361.641357421875,2412.157791809632,2336.3833098111068,2399.528768004248,178162157,2399.52880859375,2298.495849609375,2247.979736328125,2109.059326171875,2306.073486328125,2184.834094238281,2336.383056640625
2020-08-27,2336.383056640625,2386.899315971329,2311.1248421837267,2361.6411015144317,206786961,2361.641357421875,2399.52880859375,2298.495849609375,2222.7216796875,2328.80576171875,2220.827001953125,2330.068603515625
2020-08-28,2330.068603515625,2361.6412463355337,2304.8103875098363,2342.697626726968,85678499,2336.383056640625,2361.641357421875,2399.52880859375,2247.979736328125,2345.22353515625,2252.3997314453127,2216.40673828125
2020-08-31,2216.40673828125,2361.641269777257,2210.0921418213484,2336.383223103859,292651694,2330.068603515625,2336.383056640625,2361.641357421875,2298.495849609375,2328.805712890625,2262.5030029296877,2279.55224609375
2020-09-01,2279.55224609375,2292.181439301438,2197.463168576211,2241.665005636902,216658972,2216.40673828125,2330.068603515625,2336.383056640625,2399.52880859375,2304.810400390625,2280.183740234375,2311.125244140625
2020-09-02,2311.125244140625,2311.125244140625,2266.923403549127,2285.867025290752,117619091,2279.55224609375,2216.40673828125,2330.068603515625,2361.641357421875,2294.707177734375,2300.39033203125,2260.608642578125
2020-09-03,2260.608642578125,2330.068696984606,2241.66502220965,2311.125076616131,197577052,2311.125244140625,2279.55224609375,2216.40673828125,2336.383056640625,2279.552294921875,2304.1790283203127,2241.6650390625
2020-09-04,2241.6650390625,2279.5522800842864,2197.463201342712,2279.5522800842864,148013826,2260.608642578125,2311.125244140625,2279.55224609375,2330.068603515625,2261.87158203125,2303.54755859375,2216.40673828125
2020-09-07,2216.40673828125,2254.2939778744512,2210.0921418213484,2241.664954537752,104297421,2241.6650390625,2260.608642578125,2311.125244140625,2216.40673828125,2261.87158203125,2295.3386474609374,2222.7216796875
2020-09-08,2222.7216796875,2254.29432772059,2216.40708224763,2216.40708224763,89521636,2216.40673828125,2241.6650390625,2260.608642578125,2279.55224609375,2250.50546875,2277.6579345703126,2153.26123046875
2020-09-09,2153.26123046875,2203.777492179585,2134.3176111293,2197.463065455168,196282440,2222.7216796875,2216.40673828125,2241.6650390625,2311.125244140625,2218.932666015625,2256.819921875,2008.02685546875
2020-09-10,2008.02685546875,2083.801514582277,2008.02685546875,2083.801514582277,305637969,2153.26123046875,2222.7216796875,2216.40673828125,2260.608642578125,2168.41630859375,2223.9843017578123,2052.228515625
2020-09-11,2052.228515625,2090.1157570314813,1900.679380415964,1906.9939771780812,641858446,2008.02685546875,2153.26123046875,2222.7216796875,2241.6650390625,2130.52900390625,2196.20029296875,2172.205078125
2020-09-14,2172.205078125,2178.519675096233,2083.801398860203,2083.801398860203,303482811,2052.228515625,2008.02685546875,2153.26123046875,2216.40673828125,2121.688671875,2191.780126953125,2102.744873046875
2020-09-15,2102.744873046875,2184.8339495960863,2090.115679988162,2172.2049261204797,215087925,2172.205078125,2052.228515625,2008.02685546875,2222.7216796875,2097.693310546875,2174.0993896484374,2058.54296875
2020-09-16,2058.54296875,2140.6320425972235,2045.913776106981,2128.0030195373047,152384862,2102.744873046875,2172.205078125,2052.228515625,2153.26123046875,2078.749658203125,2148.841162109375,2020.655517578125
2020-09-17,2020.655517578125,2090.115391480786,2001.7117306049456,2064.8573480160453,184375724,2058.54296875,2102.744873046875,2172.205078125,2008.02685546875,2081.275390625,2124.845849609375,2033.284912109375
2020-09-18,2033.284912109375,2064.85772660374,2014.3412912460017,2020.6558880614973,223172404,2020.655517578125,2058.54296875,2102.744873046875,2052.228515625,2077.486669921875,2104.0078369140624,2014.34130859375
2020-09-21,2014.34130859375,2052.228550646786,1989.083090697354,2020.6559054636275,125587849,2033.284912109375,2020.655517578125,2058.54296875,2172.205078125,2045.913916015625,2083.8012939453124,1976.4539794921875
2020-09-22,1976.4539794921875,2014.341219876564,1957.5101897168915,1963.8247863086567,148046607,2014.34130859375,2033.284912109375,2020.655517578125,2102.744873046875,2020.6557373046876,2059.174523925781,1944.88134765625
2020-09-23,1944.88134765625,2008.026810718726,1925.9377256958196,2001.7122135375412,132670981,1976.4539794921875,2014.34130859375,2033.284912109375,2058.54296875,1997.9234130859375,2038.3365356445313,1913.3087158203125
2020-09-24,1913.3087158203125,1944.8815351874564,1900.6796898233388,1913.3087158203125,180569548,1944.88134765625,1976.4539794921875,2014.34130859375,2020.655517578125,1976.454052734375,2028.8647216796876,1995.397705078125
2020-09-25,1995.397705078125,2008.026729345593,1919.6230507239663,1932.2520749914347,186363128,1913.3087158203125,1944.88134765625,1976.4539794921875,2033.284912109375,1968.876611328125,2023.181640625,1951.1961669921875
2020-09-28,1951.1961669921875,2039.5998592615408,1944.8815690920503,2008.027039343996,149014953,1995.397705078125,1913.3087158203125,1944.88134765625,2014.34130859375,1956.2475830078124,2001.0807495117188,1919.623046875
2020-09-29,1919.623046875,1995.3977010772253,1906.994022632854,1970.139483009817,200970281,1951.1961669921875,1995.397705078125,1913.3087158203125,1976.4539794921875,1944.881396484375,1982.7685668945312,1919.623046875
2020-09-30,1919.623046875,1944.8812649424085,1894.3648288075915,1932.2520711171464,184622458,1919.623046875,1951.1961669921875,1995.397705078125,1944.88134765625,1939.829736328125,1968.8765747070313,1995.397705078125
2020-10-01,1995.397705078125,2001.7121324203008,1932.2520749914347,1951.1958657673115,143036570,1919.623046875,1919.623046875,1951.1961669921875,1913.3087158203125,1956.2475341796876,1966.3507934570312,1957.510009765625
2020-10-02,1957.510009765625,2026.970057140352,1932.2517953036247,2008.026438689625,172772944,1995.397705078125,1919.623046875,1919.623046875,1995.397705078125,1948.6699951171875,1958.7733032226563,1995.397705078125
2020-10-05,1995.397705078125,2001.7121324203008,1963.82489003478,1995.397705078125,101996951,1957.510009765625,1995.397705078125,1919.623046875,1951.1961669921875,1957.510302734375,1956.8789428710938,2014.34130859375
2020-10-06,2014.34130859375,2045.9139537769083,2008.026711723872,2033.284929620268,132900775,1995.397705078125,1957.510009765625,1995.397705078125,1919.623046875,1976.453955078125,1960.66767578125,1970.1396484375
2020-10-07,1970.1396484375,2001.7122964855,1944.8814282492224,1995.3978686257776,317619596,2014.34130859375,1995.397705078125,1957.510009765625,1919.623046875,1986.557275390625,1963.193505859375,1989.0830078125
2020-10-08,1989.0830078125,2001.7120314428903,1963.8247909686115,1989.0830078125,136318754,1970.1396484375,2014.34130859375,1995.397705078125,1995.397705078125,1985.2943359375,1970.7709350585938,1989.0830078125
2020-10-09,1989.0830078125,2001.7120314428903,1970.1393875753604,1989.0830078125,89241681,1989.0830078125,1970.1396484375,2014.34130859375,1957.510009765625,1991.608935546875,1970.1394653320312,2014.34130859375
2020-10-12,2014.34130859375,2026.9703327503903,1989.083090697354,1995.397687567232,172174643,1989.0830078125,1989.0830078125,1970.1396484375,1995.397705078125,1995.39765625,1976.4539794921875,2071.172119140625
2020-10-13,2071.172119140625,2083.801312560057,1989.0830402467611,2014.3412575025145,224885904,2014.34130859375,1989.0830078125,1989.0830078125,2014.34130859375,2006.763818359375,1991.60888671875,2121.688720703125
2020-10-14,2121.688720703125,2134.317915116915,2077.4868794211066,2083.8014766280016,213271353,2071.172119140625,2014.34130859375,1989.0830078125,1970.1396484375,2037.0736328125,2011.8154541015624,2090.115966796875
2020-10-15,2090.115966796875,2134.317978984728,2090.115966796875,2121.688784193019,201627762,2121.688720703125,2071.172119140625,2014.34130859375,1989.0830078125,2057.280224609375,2021.2872802734375,2052.228515625
2020-10-16,2052.228515625,2121.688571258957,2026.970298159642,2109.0595473178337,154490628,2090.115966796875,2121.688720703125,2071.172119140625,1989.0830078125,2069.909326171875,2030.759130859375,2071.172119140625
2020-10-19,2071.172119140625,2077.4867158503407,2039.599474758267,2058.543095304304,105821057,2052.228515625,2090.115966796875,2121.688720703125,2014.34130859375,2081.27548828125,2038.336572265625,2052.228515625
2020-10-20,2052.228515625,2077.486733090358,2026.970298159642,2071.1721363282404,147444676,2071.172119140625,2052.228515625,2090.115966796875,2071.172119140625,2077.486767578125,2042.12529296875,2045.913818359375
2020-10-21,2045.913818359375,2090.1156543566017,2039.59939149056,2071.172034583948,128682202,2052.228515625,2071.172119140625,2052.228515625,2121.688720703125,2062.331787109375,2049.7027099609377,2083.80126953125
2020-10-22,2083.80126953125,2083.80126953125,2020.6558124873256,2033.284836062868,176153302,2045.913818359375,2052.228515625,2071.172119140625,2090.115966796875,2061.06884765625,2059.1745361328126,2077.48681640625
2020-10-23,2077.48681640625,2115.374059332168,2064.8577919586505,2115.374059332168,128973377,2083.80126953125,2045.913818359375,2052.228515625,2052.228515625,2066.1205078125,2068.0149169921874,2109.059326171875
2020-10-26,2109.059326171875,2121.6883487887785,2077.4865152549746,2083.8011113549737,111346673,2077.48681640625,2083.80126953125,2045.913818359375,2071.172119140625,2073.69794921875,2077.48671875,2121.688720703125
2020-10-27,2121.688720703125,2146.946939947581,2102.745098665563,2109.059695872458,201640192,2109.059326171875,2077.48681640625,2083.80126953125,2052.228515625,2087.589990234375,2082.53837890625,2134.317626953125
2020-11-02,2134.317626953125,2140.632053724357,2083.8011952846614,2121.688434244458,172465378,2121.688720703125,2109.059326171875,2077.48681640625,2045.913818359375,2105.270751953125,2083.80126953125,2134.317626953125
2020-11-03,2134.317626953125,2146.9466500786903,2121.688434244458,2140.632053724357,133604017,2134.317626953125,2121.688720703125,2109.059326171875,2083.80126953125,2115.3740234375,2088.221435546875,2077.48681640625
2020-11-04,2077.48681640625,2159.5758992734445,2077.48681640625,2159.5758992734445,152055736,2134.317626953125,2134.317626953125,2121.688720703125,2077.48681640625,2115.3740234375,2090.747265625,2203.777587890625
2020-11-05,2203.777587890625,2203.777587890625,2121.6885106601408,2128.0031072419038,258276321,2077.48681640625,2134.317626953125,2134.317626953125,2109.059326171875,2134.31767578125,2104.0078125,2247.979736328125
2020-11-06,2247.979736328125,2273.237956572424,2191.1488679658014,2216.4070882101,295649686,2203.777587890625,2077.48681640625,2134.317626953125,2121.688720703125,2159.57587890625,2123.5829345703123,2330.068603515625
2020-11-09,2330.068603515625,2330.068603515625,2260.6085518954824,2323.754007118402,283205831,2247.979736328125,2203.777587890625,2077.48681640625,2134.317626953125,2198.72607421875,2151.9984130859375,2525.81982421875
2020-11-10,2525.81982421875,2532.1344212625704,2380.585279292719,2399.5289008410605,622129055,2330.068603515625,2247.979736328125,2203.777587890625,2134.317626953125,2277.026513671875,2196.2002685546877,2601.59423828125
2020-11-11,2601.59423828125,2645.796074314963,2494.246946425533,2506.875969756692,392814584,2525.81982421875,2330.068603515625,2247.979736328125,2077.48681640625,2381.847998046875,2248.6110107421873,2494.247314453125
2020-11-12,2494.247314453125,2588.965427370289,2475.3035222865637,2588.965427370289,366633582,2601.59423828125,2525.81982421875,2330.068603515625,2203.777587890625,2439.941943359375,2287.1298095703123,2525.81982421875
2020-11-13,2525.81982421875,2576.336261403074,2500.561605626588,2506.8762026704085,261115910,2494.247314453125,2601.59423828125,2525.81982421875,2247.979736328125,2495.5099609375,2327.542919921875,2500.561767578125
2020-11-16,2500.561767578125,2570.021830809445,2481.61814480288,2557.392805486992,212327977,2525.81982421875,2494.247314453125,2601.59423828125,2330.068603515625,2529.60859375,2364.167333984375,2500.561767578125
2020-11-17,2500.561767578125,2538.4491827117463,2481.61814480288,2525.8199878061623,198939646,2500.561767578125,2525.81982421875,2494.247314453125,2525.81982421875,2524.556982421875,2400.791748046875,2551.078125
2020-11-18,2551.078125,2557.3927222472603,2506.876283435429,2513.190880682689,200926500,2500.561767578125,2500.561767578125,2525.81982421875,2601.59423828125,2514.453759765625,2448.15087890625,2551.078125
2020-11-19,2551.078125,2607.909161059092,2513.190880682689,2532.1345028413443,219674674,2551.078125,2500.561767578125,2500.561767578125,2494.247314453125,2525.819921875,2482.8809326171877,2538.448974609375
2020-11-20,2538.448974609375,2576.336217053865,2519.505183804013,2551.077998896499,137266310,2551.078125,2551.078125,2500.561767578125,2525.81982421875,2528.345751953125,2511.9278564453125,2576.3359375
2020-11-23,2576.3359375,2588.9649604167703,2532.134102916656,2532.134102916656,135864336,2538.448974609375,2551.078125,2551.078125,2500.561767578125,2543.5005859375,2536.55458984375,2652.110595703125
2020-11-24,2652.110595703125,2671.0542149552098,2576.335949111688,2601.594164642167,226784757,2576.3359375,2538.448974609375,2551.078125,2500.561767578125,2573.8103515625,2549.1836669921877,2727.885498046875
2020-11-25,2727.885498046875,2772.087339721447,2683.683656372303,2727.885498046875,311676963,2652.110595703125,2576.3359375,2538.448974609375,2551.078125,2609.171826171875,2561.81279296875,2708.941650390625
2020-11-26,2708.941650390625,2727.8852710198494,2664.7398123947314,2664.7398123947314,150181303,2727.885498046875,2652.110595703125,2576.3359375,2551.078125,2640.74453125,2583.2822265625,2696.312744140625
2020-11-27,2696.312744140625,2759.458205520818,2696.312744140625,2734.199987052117,126437063,2708.941650390625,2727.885498046875,2652.110595703125,2538.448974609375,2672.31728515625,2600.3315185546876,2582.651123046875
2020-11-30,2582.651123046875,2702.627461672663,2519.50548530546,2683.683838183493,493687757,2696.312744140625,2708.941650390625,2727.885498046875,2576.3359375,2673.580322265625,2608.5404541015623,2677.369140625
2020-12-01,2677.369140625,2689.99833553546,2570.0218318017423,2607.909246949992,251258199,2582.651123046875,2696.312744140625,2708.941650390625,2652.110595703125,2678.63203125,2626.22119140625,2715.25634765625
2020-12-02,2715.25634765625,2740.5145659580658,2683.6835323832006,2727.885372015599,149985830,2677.369140625,2582.651123046875,2696.312744140625,2727.885498046875,2676.106201171875,2642.639013671875,2778.4013671875
2020-12-03,2778.4013671875,2778.4013671875,2715.2559162570524,2746.828556930731,218887830,2715.25634765625,2677.369140625,2582.651123046875,2708.941650390625,2689.99814453125,2665.371337890625,2715.25634765625
2020-12-04,2715.25634765625,2778.401808619231,2696.3127263256674,2778.401808619231,165420527,2778.4013671875,2715.25634765625,2677.369140625,2696.312744140625,2693.786865234375,2683.0520751953127,2778.4013671875
2020-12-07,2778.4013671875,2791.030389540353,2746.828556930731,2746.828556930731,154937236,2715.25634765625,2778.4013671875,2715.25634765625,2582.651123046875,2732.9369140625,2703.2586181640627,2778.4013671875
2020-12-08,2778.4013671875,2778.4013671875,2740.5141305458496,2778.4013671875,89400744,2778.4013671875,2715.25634765625,2778.4013671875,2677.369140625,2753.143359375,2715.8876953125,2734.2001953125
2020-12-10,2734.2001953125,2809.974856490258,2734.2001953125,2809.974856490258,212997338,2778.4013671875,2778.4013671875,2715.25634765625,2715.25634765625,2756.93212890625,2716.5191650390625,2702.627197265625
2020-12-11,2702.627197265625,2778.401853392153,2689.9981727027634,2778.401853392153,191894904,2734.2001953125,2778.4013671875,2778.4013671875,2778.4013671875,2741.777294921875,2715.8877197265624,2702.627197265625
2020-12-14,2702.627197265625,2721.5709884845974,2696.3127697757545,2715.2563914116063,140126140,2702.627197265625,2734.2001953125,2778.4013671875,2715.25634765625,2739.25146484375,2716.5191650390625,2702.627197265625
2020-12-15,2702.627197265625,2708.941794338616,2677.3689785567817,2702.627197265625,147085740,2702.627197265625,2702.627197265625,2734.2001953125,2778.4013671875,2724.096630859375,2728.5167724609373,2727.885498046875
2020-12-16,2727.885498046875,2746.8291202526734,2715.256473104051,2740.5146925728245,143051750,2702.627197265625,2702.627197265625,2702.627197265625,2778.4013671875,2713.99345703125,2733.568408203125,2734.2001953125
2020-12-17,2734.2001953125,2753.143818211157,2721.5711699077733,2753.143818211157,155902502,2727.885498046875,2702.627197265625,2702.627197265625,2734.2001953125,2713.99345703125,2735.46279296875,2702.627197265625
2020-12-18,2702.627197265625,2715.2563914116063,2696.3127697757545,2696.3127697757545,228155710,2734.2001953125,2727.885498046875,2702.627197265625,2702.627197265625,2713.99345703125,2727.8853759765625,2658.425048828125
2020-12-21,2658.425048828125,2740.514292514077,2658.425048828125,2734.199696172904,240869950,2702.627197265625,2734.2001953125,2727.885498046875,2702.627197265625,2705.15302734375,2722.20224609375,2607.908935546875
2020-12-22,2607.908935546875,2702.627038149649,2601.594338845653,2677.3688209278725,188635658,2658.425048828125,2702.627197265625,2734.2001953125,2702.627197265625,2686.209375,2705.1530029296873,2626.85205078125
2020-12-23,2626.85205078125,2639.481072171337,2494.2465630614865,2620.537455294668,187175822,2607.908935546875,2658.425048828125,2702.627197265625,2727.885498046875,2666.002685546875,2689.9980712890624,2683.68359375
2020-12-28,2683.68359375,2689.998190865627,2626.852728458722,2683.68359375,94730336,2626.85205078125,2607.908935546875,2658.425048828125,2734.2001953125,2655.899365234375,2684.9464111328125,2639.4814453125
2020-12-29,2639.4814453125,2702.626900355908,2633.1668489332287,2683.6832808011955,82725388,2683.68359375,2626.85205078125,2607.908935546875,2702.627197265625,2643.27021484375,2678.6318359375,2633.166748046875
2020-12-30,2633.166748046875,2658.424963013123,2607.9087026637226,2645.795940321547,99024700,2639.4814453125,2683.68359375,2626.85205078125,2658.425048828125,2638.2185546875,2671.685791015625,2721.570556640625
2021-01-04,2721.570556640625,2727.8849831285565,2620.5376978365966,2620.5376978365966,106226854,2633.166748046875,2639.4814453125,2683.68359375,2607.908935546875,2660.95087890625,2673.580126953125,2696.312744140625
2021-01-05,2696.312744140625,2715.256365596371,2677.36895310176,2715.256365596371,106964857,2721.570556640625,2633.166748046875,2639.4814453125,2626.85205078125,2674.843017578125,2670.4228515625,2652.110595703125
2021-01-06,2652.110595703125,2715.256049737773,2626.852380172646,2702.6268571809846,128299616,2696.312744140625,2721.570556640625,2633.166748046875,2683.68359375,2668.52841796875,2662.2138916015624,2702.627197265625
2021-01-07,2702.627197265625,2708.941794338616,2658.42535692093,2689.9981727027634,141798389,2652.110595703125,2696.312744140625,2721.570556640625,2639.4814453125,2681.157568359375,2662.2138916015624,2772.0869140625
2021-01-08,2772.0869140625,2772.0869140625,2715.256056171585,2734.199675468557,205011531,2702.627197265625,2652.110595703125,2696.312744140625,2633.166748046875,2708.9416015625,2673.580078125,2936.26513671875
2021-01-11,2936.26513671875,2942.579732810193,2784.7160176057773,2791.030444114126,422093240,2772.0869140625,2702.627197265625,2652.110595703125,2721.570556640625,2751.880517578125,2706.4156982421873,2980.467529296875
2021-01-12,2980.467529296875,3012.0401765105967,2948.8948820831533,2955.209479359148,260390447,2936.26513671875,2772.0869140625,2702.627197265625,2696.312744140625,2808.711474609375,2741.77724609375,3024.668701171875
2021-01-13,3024.668701171875,3056.241341393023,2999.410656828192,3012.039509416945,231181533,2980.467529296875,2936.26513671875,2772.0869140625,2652.110595703125,2883.223095703125,2775.8757568359374,3012.039794921875
2021-01-14,3012.039794921875,3049.92703461174,2980.4671517080224,3043.6127773019366,146980798,3024.668701171875,2980.467529296875,2936.26513671875,2702.627197265625,2945.105615234375,2813.131591796875,2892.063720703125
2021-01-15,2892.063720703125,3012.0400462600983,2873.1199296943323,3012.0400462600983,225189839,3012.039794921875,3024.668701171875,2980.467529296875,2772.0869140625,2969.1009765625,2839.0212890625,2917.321533203125
2021-01-18,2917.321533203125,2936.265322677195,2866.805439604692,2892.0634864039084,182568723,2892.063720703125,3012.039794921875,3024.668701171875,2936.26513671875,2965.312255859375,2858.59638671875,2917.321533203125
2021-01-19,2917.321533203125,2967.8379659677685,2911.0072758779784,2967.8379659677685,152430182,2917.321533203125,2892.063720703125,3012.039794921875,2980.467529296875,2952.683056640625,2880.697265625,3087.81494140625
2021-01-20,3087.81494140625,3106.758393679949,2936.265627385431,2948.894821678727,277723446,2917.321533203125,2917.321533203125,2892.063720703125,3024.668701171875,2965.3123046875,2924.2677001953125,3024.668701171875
2021-01-21,3024.668701171875,3125.7015568789607,3012.039509416945,3106.7577692465657,177275431,3087.81494140625,2917.321533203125,2917.321533203125,3012.039794921875,2967.8380859375,2956.4718505859373,2980.467529296875
2021-01-22,2980.467529296875,3068.8712128282973,2955.209479359148,3068.8712128282973,183332136,3024.668701171875,3087.81494140625,2917.321533203125,2892.063720703125,2985.51884765625,2977.309912109375,3018.35498046875
2021-01-25,3018.35498046875,3024.6695781771373,2911.007836924989,3024.6695781771373,165278734,2980.467529296875,3024.668701171875,3087.81494140625,2917.321533203125,3005.725537109375,2985.518896484375,2936.26513671875
2021-01-26,2936.26513671875,3024.668803666575,2917.321348444421,3018.3542075751325,163850580,3018.35498046875,2980.467529296875,3024.668701171875,2917.321533203125,3009.5142578125,2981.0986572265624,2917.321533203125
2021-01-27,2917.321533203125,2980.467158950481,2841.5470536392654,2936.265322677195,198692361,2936.26513671875,3018.35498046875,2980.467529296875,3087.81494140625,2975.415576171875,2970.3639404296873,2822.603759765625
2021-01-28,2822.603759765625,2936.265661822735,2791.0309432452127,2892.0638204440324,176270344,2917.321533203125,2936.26513671875,3018.35498046875,3024.668701171875,2935.002587890625,2951.4203369140623,2639.4814453125
2021-01-29,2639.4814453125,2911.007224207047,2639.4814453125,2885.7488386899613,308226863,2822.603759765625,2917.321533203125,2936.26513671875,2980.467529296875,2866.80537109375,2926.162109375,2778.4013671875
2021-02-01,2778.4013671875,2803.659581476297,2500.5611795938225,2639.481273390661,355113743,2639.4814453125,2822.603759765625,2917.321533203125,3018.35498046875,2818.8146484375,2912.2700927734377,2753.143798828125
2021-02-02,2753.143798828125,2835.2328873387464,2689.998333082791,2835.2328873387464,167527833,2778.4013671875,2639.4814453125,2822.603759765625,2936.26513671875,2782.190380859375,2895.8523193359374,2765.772705078125
2021-02-03,2765.772705078125,2828.9181642333047,2753.1435114972214,2828.9181642333047,124241205,2753.143798828125,2778.4013671875,2639.4814453125,2917.321533203125,2751.880615234375,2863.648095703125,2835.232666015625
2021-02-04,2835.232666015625,2892.0636994582896,2759.4581808695625,2809.9746173556823,162519997,2765.772705078125,2753.143798828125,2778.4013671875,2822.603759765625,2754.406396484375,2844.7044921875,2822.603759765625
2021-02-05,2822.603759765625,2866.805770727452,2791.0309432452127,2866.805770727452,99005120,2835.232666015625,2765.772705078125,2753.143798828125,2639.4814453125,2791.030859375,2828.918115234375,2816.288818359375
2021-02-08,2816.288818359375,2860.490823919167,2809.974391493494,2860.490823919167,120218986,2822.603759765625,2835.232666015625,2765.772705078125,2778.4013671875,2798.608349609375,2808.7114990234377,2917.321533203125
2021-02-09,2917.321533203125,3012.039802241055,2841.5470536392654,2841.5470536392654,464366860,2816.288818359375,2822.603759765625,2835.232666015625,2753.143798828125,2831.443896484375,2806.817138671875,2936.26513671875
2021-02-10,2936.26513671875,2974.15237410122,2904.6924954277238,2923.635944535864,202155881,2917.321533203125,2816.288818359375,2822.603759765625,2765.772705078125,2865.5423828125,2808.7114990234377,2955.208984375
2021-02-11,2955.208984375,2974.15243386379,2923.636003283358,2967.8378376454616,99681961,2936.26513671875,2917.321533203125,2816.288818359375,2835.232666015625,2889.537646484375,2821.972021484375,2974.152587890625
2021-02-15,2974.152587890625,3018.354424541875,2967.8379913452736,2974.152587890625,93158189,2955.208984375,2936.26513671875,2917.321533203125,2822.603759765625,2919.847412109375,2855.4391357421873,2948.89453125
2021-02-16,2948.89453125,2993.0963677569707,2942.57993472526,2993.0963677569707,71623667,2974.152587890625,2955.208984375,2936.26513671875,2816.288818359375,2946.3685546875,2872.4884521484373,2923.63623046875
2021-02-17,2923.63623046875,2986.781858392661,2917.321633759737,2974.1526649746347,101529553,2948.89453125,2974.152587890625,2955.208984375,2917.321533203125,2947.631494140625,2889.5376953125,2948.89453125
2021-02-18,2948.89453125,3012.0398181649803,2936.265338200519,2967.837981658009,152089286,2923.63623046875,2948.89453125,2974.152587890625,2936.26513671875,2950.157373046875,2907.8498779296874,3024.668701171875
2021-02-19,3024.668701171875,3024.668701171875,2904.6923969985705,2904.6923969985705,109884637,2948.89453125,2923.63623046875,2948.89453125,2955.208984375,2964.04931640625,2926.7934814453124,3024.668701171875
2021-02-22,3024.668701171875,3075.1851290254176,3005.72491353948,3062.555937270488,157619632,3024.668701171875,2948.89453125,2923.63623046875,2974.152587890625,2974.1525390625,2946.9999755859376,3024.668701171875
2021-02-23,3024.668701171875,3049.9267455155577,2993.0960609507265,3037.2978929268047,107810772,3024.668701171875,3024.668701171875,2948.89453125,2948.89453125,2989.307373046875,2967.8379638671877,2986.78173828125
2021-02-24,2986.78173828125,3043.6127672107264,2974.152545371098,3024.6689778454984,105582023,3024.668701171875,3024.668701171875,3024.668701171875,2923.63623046875,3001.936474609375,2974.783984375,2986.78173828125
2021-02-25,2986.78173828125,3012.0397849353462,2948.8944987170016,3012.0397849353462,131635423,2986.78173828125,3024.668701171875,3024.668701171875,2948.89453125,3009.513916015625,2979.83564453125,2974.152587890625
2021-02-26,2974.152587890625,2999.410974072032,2967.8379913452736,2986.7817809813287,161796404,2986.78173828125,2986.78173828125,3024.668701171875,3024.668701171875,2999.410693359375,2981.7300048828124,3049.92724609375
2021-03-01,3049.92724609375,3049.92724609375,2980.4673583736826,3030.983794518382,127020403,2974.152587890625,2986.78173828125,2986.78173828125,3024.668701171875,3004.46240234375,2989.307470703125,3030.983642578125
2021-03-02,3030.983642578125,3081.5000761904857,3030.983642578125,3075.185479593164,75195758,3049.92724609375,2974.152587890625,2986.78173828125,3024.668701171875,3005.725390625,2997.5163818359374,3062.556396484375
2021-03-03,3062.556396484375,3062.556396484375,2993.0965097494773,3030.9837515290787,85026738,3030.983642578125,3049.92724609375,2974.152587890625,2986.78173828125,3020.880322265625,3011.4083984375,3005.72509765625
2021-03-04,3005.72509765625,3062.556124868463,2986.781648029644,3062.556124868463,117897176,3062.556396484375,3030.983642578125,3049.92724609375,2986.78173828125,3024.668994140625,3017.091455078125,3012.039794921875
2021-03-05,3012.039794921875,3012.0397949218755,2967.837958755998,2993.096344660047,71188389,3005.72509765625,3062.556396484375,3030.983642578125,2974.152587890625,3032.246435546875,3015.828564453125,2986.78173828125
2021-03-08,2986.78173828125,3043.6127672107264,2986.78173828125,3030.983574300574,69917647,3012.039794921875,3005.72509765625,3062.556396484375,3049.92724609375,3019.617333984375,3012.0398681640627,2892.063720703125
2021-03-09,2892.063720703125,2999.411191420474,2879.434526697263,2999.411191420474,165527119,2986.78173828125,3012.039794921875,3005.72509765625,3030.983642578125,2991.833349609375,2998.7793701171877,2923.63623046875
2021-03-10,2923.63623046875,2942.58002059579,2898.3781827989183,2936.2654238867767,77405916,2892.063720703125,2986.78173828125,3012.039794921875,3062.556396484375,2964.04931640625,2992.4648193359376,2892.063720703125
2021-03-12,2892.063720703125,2961.523609402889,2866.805671857639,2961.523609402889,152360111,2923.63623046875,2892.063720703125,2986.78173828125,3005.72509765625,2941.317041015625,2982.993017578125,2885.749267578125
2021-03-15,2885.749267578125,2923.636512318458,2879.43467026036,2892.0638648958893,95483079,2892.063720703125,2923.63623046875,2892.063720703125,3012.039794921875,2916.058935546875,2974.152685546875,2980.467529296875
2021-03-16,2980.467529296875,3012.0401765105967,2911.0076375934373,2942.580284807159,151028868,2885.749267578125,2892.063720703125,2923.63623046875,2986.78173828125,2914.79609375,2967.2067138671873,2948.89453125
2021-03-17,2948.89453125,2967.837981658009,2904.692694743029,2955.20912777474,116245827,2980.467529296875,2885.749267578125,2892.063720703125,2892.063720703125,2926.162255859375,2958.997802734375,3005.72509765625
2021-03-18,3005.72509765625,3012.039693920518,2961.523262972573,2974.1524555011088,95635541,2948.89453125,2980.467529296875,2885.749267578125,2923.63623046875,2942.580029296875,2953.3146728515626,2948.89453125
2021-03-19,2948.89453125,2999.410964281711,2948.89453125,2999.410964281711,166398004,3005.72509765625,2948.89453125,2980.467529296875,2892.063720703125,2953.94619140625,2947.6316162109374,2923.63623046875
2021-03-22,2923.63623046875,2967.8380682656216,2917.321633759737,2967.8380682656216,67100278,2948.89453125,3005.72509765625,2948.89453125,2885.749267578125,2961.523583984375,2938.791259765625,2948.89453125
2021-03-23,2948.89453125,2980.46717470749,2936.265338200519,2980.46717470749,115036356,2923.63623046875,2948.89453125,3005.72509765625,2980.467529296875,2955.208984375,2935.0025390625,2948.89453125
2021-03-24,2948.89453125,2986.7817712322303,2936.265338200519,2986.7817712322303,120514341,2948.89453125,2923.63623046875,2948.89453125,2948.89453125,2955.208984375,2940.6856201171877,2917.321533203125
2021-03-25,2917.321533203125,2967.8379659677685,2892.0634864039084,2967.8379659677685,95145043,2948.89453125,2948.89453125,2923.63623046875,3005.72509765625,2937.528271484375,2940.054150390625,2980.467529296875
2021-03-26,2980.467529296875,2980.467529296875,2917.32189570318,2923.636492979175,106978057,2917.321533203125,2948.89453125,2948.89453125,2948.89453125,2943.84287109375,2948.89453125,2980.467529296875
2021-03-29,2980.467529296875,3018.3547737865915,2980.467529296875,3018.3547737865915,106807554,2980.467529296875,2917.321533203125,2948.89453125,2923.63623046875,2955.209130859375,2958.366357421875,2841.546875
2021-03-30,2841.546875,2967.8377793889845,2828.917852394339,2967.8377793889845,214898061,2980.467529296875,2980.467529296875,2917.321533203125,2948.89453125,2933.739599609375,2944.4742919921873,2778.4013671875
2021-03-31,2778.4013671875,2828.917795765094,2689.997701968256,2809.9741774442687,323139711,2841.546875,2980.467529296875,2980.467529296875,2948.89453125,2899.640966796875,2927.4249755859373,2708.941650390625
2021-04-01,2708.941650390625,2759.458085123964,2658.425215657286,2746.8288916490737,340183845,2778.4013671875,2841.546875,2980.467529296875,2917.321533203125,2857.964990234375,2897.746630859375,2652.110595703125
2021-04-05,2652.110595703125,2734.1996689898583,2626.852380172646,2727.885072711464,345533898,2708.941650390625,2778.4013671875,2841.546875,2980.467529296875,2792.293603515625,2868.0682373046875,2716.071533203125
2021-04-06,2716.071533203125,2735.472015622594,2683.737280055388,2696.6708771107224,167319270,2652.110595703125,2708.941650390625,2778.4013671875,2980.467529296875,2739.414404296875,2847.311767578125,2716.071533203125
2021-04-07,2716.071533203125,2741.9387273137945,2690.204165419522,2735.472015622594,116953800,2716.071533203125,2652.110595703125,2708.941650390625,2841.546875,2714.3193359375,2824.0294677734373,2813.07421875
2021-04-08,2813.07421875,2819.5411047427588,2735.4722815287,2748.405879841266,158572578,2716.071533203125,2716.071533203125,2652.110595703125,2778.4013671875,2721.25390625,2810.4474365234373,2813.07421875
2021-04-09,2813.07421875,2845.4084750408424,2813.07421875,2832.474876728276,125277643,2813.07421875,2716.071533203125,2716.071533203125,2708.941650390625,2742.080419921875,2800.022705078125,2722.5380859375
2021-04-12,2722.5380859375,2838.941147330993,2716.0713746238616,2838.941147330993,115119078,2813.07421875,2813.07421875,2716.071533203125,2652.110595703125,2756.16591796875,2774.2297607421874,2690.2041015625
2021-04-13,2690.2041015625,2754.8724326500173,2664.336734392907,2722.538180269793,120186645,2722.5380859375,2813.07421875,2813.07421875,2716.071533203125,2750.992431640625,2745.20341796875,2813.07421875
2021-04-14,2813.07421875,2813.07421875,2729.0053955359413,2767.8063641465915,113531640,2690.2041015625,2722.5380859375,2813.07421875,2716.071533203125,2770.39296875,2742.35615234375,2851.875
2021-04-15,2851.875,2851.875,2767.806013755718,2838.941229651836,86272180,2813.07421875,2690.2041015625,2722.5380859375,2813.07421875,2778.153125,2749.703515625,2806.607177734375
2021-04-16,2806.607177734375,2884.209105867325,2787.206695701137,2877.742394304866,74495706,2851.875,2813.07421875,2690.2041015625,2813.07421875,2776.859716796875,2759.470068359375,2832.474365234375
2021-04-19,2832.474365234375,2832.474365234375,2787.206518805525,2819.540595584464,62185614,2806.607177734375,2851.875,2813.07421875,2722.5380859375,2798.84697265625,2777.5064453125,2787.206298828125
2021-04-20,2787.206298828125,2800.139893784346,2729.0046873428664,2774.2725301989985,98216076,2832.474365234375,2806.607177734375,2851.875,2690.2041015625,2818.247412109375,2784.619921875,2735.47216796875
2021-04-21,2735.47216796875,2774.2731349686237,2735.47216796875,2741.9388800201,51954007,2787.206298828125,2832.474365234375,2806.607177734375,2813.07421875,2802.727001953125,2786.5599853515623,2716.071533203125
2021-04-22,2716.071533203125,2754.872498042063,2716.071533203125,2735.472015622594,118813822,2735.47216796875,2787.206298828125,2832.474365234375,2851.875,2775.56630859375,2776.859716796875,2748.40576171875
2021-04-23,2748.40576171875,2767.8062451902706,2709.6047947757097,2716.071680490531,120513461,2716.071533203125,2735.47216796875,2787.206298828125,2806.607177734375,2763.926025390625,2770.39287109375,2677.270263671875
2021-04-26,2677.270263671875,2748.4054781773584,2670.8035522971404,2741.9385931296983,157367288,2748.40576171875,2716.071533203125,2735.47216796875,2832.474365234375,2732.885205078125,2765.8660888671875,2696.6708984375
2021-04-27,2696.6708984375,2716.071554683334,2683.7373012798794,2716.071554683334,146082083,2677.270263671875,2748.40576171875,2716.071533203125,2787.206298828125,2714.778125,2766.5127685546877,2670.8037109375
2021-04-28,2670.8037109375,2729.005158804712,2670.8037109375,2696.6709053187483,126586116,2696.6708984375,2677.270263671875,2748.40576171875,2735.47216796875,2701.84443359375,2752.2857177734377,2690.2041015625
2021-04-29,2690.2041015625,2716.071468732093,2677.270331141239,2709.6045835214622,124711354,2670.8037109375,2696.6708984375,2677.270263671875,2716.071533203125,2696.670947265625,2736.1186279296876,2619.06884765625
2021-04-30,2619.06884765625,2690.204062932943,2619.06884765625,2683.737177815173,257497837,2690.2041015625,2670.8037109375,2696.6708984375,2748.40576171875,2670.803564453125,2717.364794921875,2593.20166015625
2021-05-03,2593.20166015625,2632.00262619978,2586.7347745913485,2625.535914307817,124235705,2619.06884765625,2690.2041015625,2670.8037109375,2677.270263671875,2653.98984375,2693.4375244140624,2625.53564453125
2021-05-04,2625.53564453125,2632.002355758751,2593.201393702061,2599.668278602483,84287635,2593.20166015625,2619.06884765625,2690.2041015625,2696.6708984375,2639.76279296875,2677.270458984375,2644.93603515625
2021-05-05,2644.93603515625,2670.803400200876,2638.469150476865,2657.8696308421054,117321536,2625.53564453125,2593.20166015625,2619.06884765625,2670.8037109375,2634.5892578125,2668.216845703125,2657.869873046875
2021-05-06,2657.869873046875,2670.8036435842664,2632.002505645023,2670.8036435842664,86226199,2644.93603515625,2625.53564453125,2593.20166015625,2690.2041015625,2628.122412109375,2662.3966796875,2619.06884765625
2021-05-07,2619.06884765625,2677.270292697402,2612.60196253848,2677.270292697402,83358229,2657.869873046875,2644.93603515625,2625.53564453125,2619.06884765625,2628.122412109375,2649.46298828125,2619.06884765625
2021-05-10,2619.06884765625,2644.9362144544043,2619.06884765625,2619.06884765625,81377755,2619.06884765625,2657.869873046875,2644.93603515625,2593.20166015625,2633.295849609375,2643.6428466796874,2580.267578125
2021-05-11,2580.267578125,2612.601828380551,2573.8008670122244,2606.134943594857,167031505,2619.06884765625,2619.06884765625,2657.869873046875,2625.53564453125,2624.242236328125,2632.0025146484377,2522.06640625
2021-05-17,2522.06640625,2586.734740015808,2522.06640625,2560.867371774897,214824800,2580.267578125,2619.06884765625,2619.06884765625,2644.93603515625,2599.668310546875,2617.1287841796875,2522.06640625
2021-05-18,2522.06640625,2560.867371774897,2515.599520771538,2560.867371774897,127276708,2522.06640625,2580.267578125,2619.06884765625,2657.869873046875,2572.5076171875,2600.3150146484377,2502.665771484375
2021-05-19,2502.665771484375,2547.933619738323,2489.732001313004,2489.732001313004,135307947,2522.06640625,2522.06640625,2580.267578125,2619.06884765625,2549.227001953125,2588.67470703125,2509.132568359375
2021-05-20,2509.132568359375,2541.46664530522,2470.331432882273,2483.265202598948,164832677,2502.665771484375,2522.06640625,2522.06640625,2619.06884765625,2527.23974609375,2580.2677978515626,2515.599365234375
2021-05-21,2515.599365234375,2554.400502033171,2496.19888367144,2534.99984679731,121124632,2509.132568359375,2502.665771484375,2522.06640625,2580.267578125,2514.306103515625,2569.274169921875,2612.601806640625
2021-05-24,2612.601806640625,2625.535576104389,2528.53299981783,2567.3339608632864,147190132,2515.599365234375,2509.132568359375,2502.665771484375,2522.06640625,2532.41318359375,2566.0407470703126,2625.53564453125
2021-05-25,2625.53564453125,2677.2702027158625,2612.601874730406,2632.002355758751,168676803,2612.601806640625,2515.599365234375,2509.132568359375,2522.06640625,2553.10703125,2562.80732421875,2554.400390625
2021-05-27,2554.400390625,2709.6044100323043,2554.400390625,2677.2701597223618,622692705,2625.53564453125,2612.601806640625,2515.599365234375,2502.665771484375,2563.453955078125,2556.340478515625,2632.002685546875
2021-05-28,2632.002685546875,2696.67102163523,2599.668604339169,2612.602202087663,274099434,2554.400390625,2625.53564453125,2612.601806640625,2509.132568359375,2588.027978515625,2557.6338623046877,2754.8720703125
2021-05-31,2754.8720703125,2767.805665359727,2657.8694996031268,2670.8032683232605,326538660,2632.002685546875,2554.400390625,2625.53564453125,2515.599365234375,2635.88251953125,2575.0943115234377,2754.8720703125
2021-06-02,2754.8720703125,2832.47416161458,2735.471590905207,2813.07350853438,312257333,2754.8720703125,2632.002685546875,2554.400390625,2612.601806640625,2664.336572265625,2598.3748779296875,2819.541015625
2021-06-03,2819.541015625,2819.541015625,2729.0053092797616,2761.339564548609,173444725,2754.8720703125,2754.8720703125,2632.002685546875,2625.53564453125,2703.137646484375,2628.1223388671874,2806.607177734375
2021-06-04,2806.607177734375,2838.941256565461,2774.2729252303598,2832.474545003002,138144236,2819.541015625,2754.8720703125,2754.8720703125,2554.400390625,2753.57900390625,2658.5164794921875,2748.40576171875
2021-06-07,2748.40576171875,2813.074097848132,2722.5383925324086,2806.607385806254,152755788,2806.607177734375,2819.541015625,2754.8720703125,2632.002685546875,2776.859619140625,2682.443798828125,2716.071533203125
2021-06-08,2716.071533203125,2767.8060950973977,2709.604647838991,2767.8060950973977,108888570,2748.40576171875,2806.607177734375,2819.541015625,2754.8720703125,2769.09951171875,2702.491015625,2729.0048828125
2021-06-09,2729.0048828125,2761.339133028406,2651.402786498074,2651.402786498074,107433795,2716.071533203125,2748.40576171875,2806.607177734375,2754.8720703125,2763.92607421875,2714.1313232421876,2780.739990234375
2021-06-10,2780.739990234375,2793.673587868352,2754.8726212934807,2767.806218927457,106984877,2729.0048828125,2716.071533203125,2748.40576171875,2819.541015625,2756.165869140625,2729.6517578125,2767.805908203125
2021-06-11,2767.805908203125,2813.0737553495155,2767.805908203125,2813.0737553495155,57809408,2780.739990234375,2729.0048828125,2716.071533203125,2806.607177734375,2748.405615234375,2750.9923095703125,2813.07421875
2021-06-14,2813.07421875,2813.07421875,2767.8063641465915,2800.140620437434,133363443,2767.805908203125,2780.739990234375,2729.0048828125,2748.40576171875,2761.339306640625,2769.099462890625,2735.47216796875
2021-06-15,2735.47216796875,2813.074101968496,2722.538396520164,2813.074101968496,200713646,2813.07421875,2767.805908203125,2780.739990234375,2716.071533203125,2765.21943359375,2767.15947265625,2593.20166015625
2021-06-16,2593.20166015625,2696.6709608299752,2593.20166015625,2683.737363373112,481002668,2735.47216796875,2813.07421875,2767.805908203125,2729.0048828125,2738.0587890625,2750.992431640625,2606.135009765625
2021-06-17,2606.135009765625,2632.002375892265,2541.466681285488,2573.8009323620176,336253477,2593.20166015625,2735.47216796875,2813.07421875,2780.739990234375,2703.13779296875,2729.6518310546876,2528.533203125
2021-06-18,2528.533203125,2625.5357872110694,2528.533203125,2625.5357872110694,325605954,2606.135009765625,2593.20166015625,2735.47216796875,2767.805908203125,2655.283251953125,2701.84443359375,2547.93359375
2021-06-21,2547.93359375,2567.3340751362507,2496.1988609380483,2509.1326309774986,159544775,2528.533203125,2606.135009765625,2593.20166015625,2813.07421875,2602.255126953125,2681.797216796875,2612.601806640625
2021-06-22,2612.601806640625,2632.0022871633537,2534.999710876795,2547.933480340558,132832794,2547.93359375,2528.533203125,2606.135009765625,2735.47216796875,2577.6810546875,2671.450244140625,2547.93359375
2021-06-23,2547.93359375,2632.0024043147287,2547.93359375,2619.068807948203,178751767,2612.601806640625,2547.93359375,2528.533203125,2593.20166015625,2568.62744140625,2653.343115234375,2580.267578125
2021-06-24,2580.267578125,2593.2013476963875,2560.8670974408365,2586.7344629106938,55421157,2547.93359375,2612.601806640625,2547.93359375,2606.135009765625,2563.453955078125,2633.2958740234376,2580.267578125
2021-06-25,2580.267578125,2612.601828380551,2580.267578125,2606.134943594857,83150216,2580.267578125,2547.93359375,2612.601806640625,2528.533203125,2573.800830078125,2614.542041015625,2541.46630859375
2021-06-28,2541.46630859375,2580.2672652573056,2541.46630859375,2573.8005549286445,155357663,2580.267578125,2580.267578125,2547.93359375,2547.93359375,2572.507373046875,2587.38125,2522.06640625
2021-06-29,2522.06640625,2528.533291728462,2496.199038009089,2496.199038009089,133952393,2541.46630859375,2580.267578125,2580.267578125,2612.601806640625,2554.40029296875,2566.040673828125,2547.93359375
2021-06-30,2547.93359375,2567.3340751362507,2515.599342324299,2522.066227344024,124133954,2522.06640625,2541.46630859375,2580.267578125,2547.93359375,2554.40029296875,2561.5138671875,2547.93359375
2021-07-01,2547.93359375,2567.3340751362507,2528.5331123637493,2547.93359375,105240907,2547.93359375,2522.06640625,2541.46630859375,2580.267578125,2547.93349609375,2555.6937255859375,2580.267578125
2021-07-02,2580.267578125,2606.134943594857,2567.3339822265307,2586.7344629106938,93832940,2547.93359375,2547.93359375,2522.06640625,2580.267578125,2547.93349609375,2560.8671630859376,2522.06640625
2021-07-05,2522.06640625,2560.867371774897,2509.1328089660133,2541.4668890124485,93466744,2580.267578125,2547.93359375,2547.93359375,2541.46630859375,2544.053515625,2558.2804443359373,2515.599365234375
2021-07-06,2515.599365234375,2554.400502033171,2515.599365234375,2554.400502033171,60849751,2522.06640625,2580.267578125,2547.93359375,2522.06640625,2542.760107421875,2548.5802001953125,2470.33154296875
2021-07-07,2470.33154296875,2547.93364370825,2463.864657822226,2534.9998734152027,163599005,2515.599365234375,2522.06640625,2580.267578125,2547.93359375,2527.239697265625,2540.8199951171873,2502.665771484375
2021-07-08,2502.665771484375,2522.0662530685063,2470.331519728872,2515.59936798282,162349164,2470.33154296875,2515.599365234375,2522.06640625,2547.93359375,2518.1861328125,2533.059814453125,2457.39794921875
2021-07-09,2457.39794921875,2502.6657979514302,2444.4641789105967,2496.198912797354,140611578,2502.665771484375,2470.33154296875,2515.599365234375,2580.267578125,2493.61220703125,2520.7728515625,2431.530517578125
2021-07-12,2431.530517578125,2470.3314801243278,2425.063632596117,2457.3978838332346,131702194,2457.39794921875,2502.665771484375,2470.33154296875,2522.06640625,2475.505029296875,2509.7792724609376,2444.464111328125
2021-07-13,2444.464111328125,2457.3978812786963,2431.530515050477,2457.3978812786963,175683484,2431.530517578125,2457.39794921875,2502.665771484375,2515.599365234375,2461.277978515625,2502.01904296875,2399.1962890625
2021-07-14,2399.1962890625,2457.397907105923,2392.729577692173,2444.464137019418,115704508,2444.464111328125,2431.530517578125,2457.39794921875,2470.33154296875,2447.050927734375,2487.1453125,2463.8642578125
2021-07-15,2463.8642578125,2483.2649101023644,2412.129706058228,2425.0633005785708,139855425,2399.1962890625,2444.464111328125,2431.530517578125,2502.665771484375,2439.290625,2478.73837890625,2483.265380859375
2021-07-16,2483.265380859375,2496.198977831563,2463.8647248916936,2489.7320925090025,108336691,2463.8642578125,2399.1962890625,2444.464111328125,2457.39794921875,2444.464111328125,2469.0381591796877,2444.464111328125
2021-07-19,2444.464111328125,2489.7319588092782,2444.464111328125,2489.7319588092782,69326497,2483.265380859375,2463.8642578125,2399.1962890625,2431.530517578125,2447.050830078125,2461.2779296875,2470.33154296875
2021-07-21,2470.33154296875,2509.132680174964,2463.864657822226,2489.7320247353928,111008747,2444.464111328125,2483.265380859375,2463.8642578125,2444.464111328125,2452.22431640625,2456.7511474609373,2522.06640625
2021-07-22,2522.06640625,2528.533291728462,2483.2654407251025,2502.6659234875515,93842180,2470.33154296875,2444.464111328125,2483.265380859375,2399.1962890625,2476.79833984375,2461.9246337890627,2502.665771484375
2021-07-23,2502.665771484375,2554.4005048240087,2476.798404814558,2547.933619738323,95960267,2522.06640625,2470.33154296875,2444.464111328125,2463.8642578125,2484.558642578125,2461.9246337890627,2476.79833984375
2021-07-26,2476.79833984375,2522.0661869102423,2470.331454927702,2522.0661869102423,90198037,2502.665771484375,2522.06640625,2470.33154296875,2483.265380859375,2483.265234375,2463.8646728515623,2457.39794921875
2021-07-27,2457.39794921875,2496.198912797354,2437.997467429448,2496.198912797354,99741692,2476.79833984375,2502.665771484375,2522.06640625,2444.464111328125,2485.852001953125,2466.451416015625,2412.130126953125
2021-07-28,2412.130126953125,2463.8646877346105,2405.6632417280907,2457.397976182506,77777283,2457.39794921875,2476.79833984375,2502.665771484375,2470.33154296875,2474.21171875,2463.218017578125,2437.99755859375
2021-07-29,2437.99755859375,2483.265409019136,2425.063787801963,2431.5306731978567,102817895,2412.130126953125,2457.39794921875,2476.79833984375,2522.06640625,2457.39794921875,2467.09814453125,2399.1962890625
2021-07-30,2399.1962890625,2476.798388562756,2399.1962890625,2476.798388562756,113633172,2437.99755859375,2412.130126953125,2457.39794921875,2502.665771484375,2436.704052734375,2460.63134765625,2418.596923828125
2021-08-02,2418.596923828125,2437.9975801876417,2392.7297293613083,2437.9975801876417,105807637,2399.1962890625,2437.99755859375,2412.130126953125,2476.79833984375,2425.06376953125,2454.164501953125,2425.06396484375
2021-08-03,2425.06396484375,2444.4644487748283,2405.663480912672,2418.5970789757416,87862477,2418.596923828125,2399.1962890625,2437.99755859375,2457.39794921875,2418.59697265625,2452.2244873046875,2489.732421875
2021-08-04,2489.732421875,2489.732421875,2437.997853469364,2450.931452152534,91847406,2425.06396484375,2418.596923828125,2399.1962890625,2412.130126953125,2434.117431640625,2454.1645751953124,2619.06884765625
2021-08-05,2619.06884765625,2644.9362144544043,2522.066265581402,2522.066265581402,294149590,2489.732421875,2425.06396484375,2418.596923828125,2437.99755859375,2470.331689453125,2463.8648193359377,2541.46630859375
2021-08-06,2541.46630859375,2625.535279595317,2522.065830261972,2619.068395593759,152456913,2619.06884765625,2489.732421875,2425.06396484375,2399.1962890625,2498.785693359375,2467.744873046875,2489.732421875
2021-08-09,2489.732421875,2554.400936309717,2470.331937013767,2547.9340501316547,102404178,2541.46630859375,2619.06884765625,2489.732421875,2418.596923828125,2513.01279296875,2469.03828125,2470.33154296875
2021-08-10,2470.33154296875,2515.5993916485595,2463.864657822226,2515.5993916485595,94349949,2489.732421875,2541.46630859375,2619.06884765625,2425.06396484375,2522.06630859375,2470.331640625,2463.8642578125
2021-08-12,2463.8642578125,2489.731620526086,2457.3975473887785,2489.731620526086,94464021,2470.33154296875,2489.732421875,2541.46630859375,2489.732421875,2516.89267578125,2475.5050537109373,2502.665771484375
2021-08-13,2502.665771484375,2509.1326565700606,2470.331519728872,2470.331519728872,104829940,2463.8642578125,2470.33154296875,2489.732421875,2619.06884765625,2493.612060546875,2481.971875,2541.46630859375
2021-08-16,2541.46630859375,2541.46630859375,2483.264873598416,2502.665351930194,70083530,2502.665771484375,2463.8642578125,2470.33154296875,2541.46630859375,2493.612060546875,2496.198876953125,2632.002685546875
2021-08-18,2632.002685546875,2644.936456968312,2541.4669802885896,2580.267947207014,247351372,2541.46630859375,2502.665771484375,2463.8642578125,2489.732421875,2522.06611328125,2517.539453125,2509.132568359375
2021-08-19,2509.132568359375,2599.6682616844123,2496.198798642701,2586.734491967738,218214729,2632.002685546875,2541.46630859375,2502.665771484375,2470.33154296875,2529.826318359375,2525.9463134765624,2541.46630859375
2021-08-20,2541.46630859375,2547.9331925953084,2476.797989596858,2509.1322359317523,88330535,2509.132568359375,2632.002685546875,2541.46630859375,2463.8642578125,2545.346728515625,2531.1197021484377,2560.866943359375
2021-08-23,2560.866943359375,2580.267422876256,2541.466463842494,2573.8007121525675,68133856,2541.46630859375,2509.132568359375,2632.002685546875,2502.665771484375,2556.986962890625,2525.29951171875,2515.599365234375
2021-08-24,2515.599365234375,2560.8672134388653,2476.7984021085053,2554.400502033171,150882016,2560.866943359375,2541.46630859375,2509.132568359375,2541.46630859375,2551.81357421875,2522.7128173828123,2515.599365234375
2021-08-25,2515.599365234375,2522.066250312996,2489.73199859282,2489.73199859282,86571495,2515.599365234375,2560.866943359375,2541.46630859375,2632.002685546875,2528.53291015625,2525.29951171875,2502.665771484375
2021-08-26,2502.665771484375,2522.0662530685063,2483.265289900244,2515.59936798282,69144334,2515.599365234375,2515.599365234375,2560.866943359375,2509.132568359375,2527.23955078125,2528.5329345703126,2483.265380859375
2021-08-27,2483.265380859375,2515.5994601263114,2476.7984955368147,2515.5994601263114,79498923,2502.665771484375,2515.599365234375,2515.599365234375,2541.46630859375,2515.599365234375,2530.473046875,2547.93359375
2021-08-30,2547.93359375,2547.93359375,2483.2652645715225,2489.731975918323,128539860,2483.265380859375,2502.665771484375,2515.599365234375,2560.866943359375,2513.0126953125,2534.9998291015627,2541.46630859375
2021-08-31,2541.46630859375,2554.4000765968667,2502.665351930194,2547.9331925953084,134879489,2547.93359375,2483.265380859375,2502.665771484375,2515.599365234375,2518.186083984375,2534.9998291015627,2515.599365234375
2021-09-01,2515.599365234375,2541.4667318759302,2509.1326538286808,2541.4667318759302,97691477,2541.46630859375,2547.93359375,2483.265380859375,2515.599365234375,2518.186083984375,2523.3594970703125,2502.665771484375
2021-09-02,2502.665771484375,2515.59936798282,2483.265289900244,2496.198886398689,81242343,2515.599365234375,2541.46630859375,2547.93359375,2502.665771484375,2518.186083984375,2522.7128173828123,2541.46630859375
2021-09-03,2541.46630859375,2541.46630859375,2463.864221593741,2489.7315839270773,165056860,2502.665771484375,2515.599365234375,2541.46630859375,2483.265380859375,2529.82626953125,2522.7128173828123,2489.732421875
2021-09-06,2489.732421875,2573.8014211709506,2489.732421875,2554.400936309717,188929693,2541.46630859375,2502.665771484375,2515.599365234375,2547.93359375,2518.18603515625,2515.599365234375,2528.533203125
2021-09-07,2528.533203125,2534.999914703922,2502.6658357905194,2515.5994326212945,140380354,2489.732421875,2541.46630859375,2502.665771484375,2541.46630859375,2515.5994140625,2516.8927490234373,2653.388916015625
2021-09-08,2653.388916015625,2760.093564112768,2646.275272809149,2717.411704873911,228087900,2528.533203125,2489.732421875,2541.46630859375,2515.599365234375,2543.15732421875,2530.6717041015627,2653.388916015625
2021-09-09,2653.388916015625,2681.84348884153,2596.4797703638155,2632.0479863961964,306319600,2653.388916015625,2528.533203125,2489.732421875,2502.665771484375,2573.301953125,2545.7440185546875,2688.95703125
2021-09-10,2688.95703125,2696.070674189815,2610.706958912037,2639.1615306712965,177033000,2653.388916015625,2653.388916015625,2528.533203125,2541.46630859375,2602.80009765625,2566.31318359375,2632.0478515625
2021-09-13,2632.0478515625,2667.616065772804,2603.5932801942567,2639.161494404561,169825000,2688.95703125,2653.388916015625,2653.388916015625,2489.732421875,2631.26318359375,2574.724609375,2632.0478515625
2021-09-14,2632.0478515625,2653.3887800886823,2603.5932801942567,2646.275137246622,216363400,2632.0478515625,2688.95703125,2653.388916015625,2528.533203125,2651.96611328125,2583.782763671875,2603.59326171875
2021-09-15,2603.59326171875,2610.7069045103312,2575.1386905524246,2610.7069045103312,263544000,2632.0478515625,2632.0478515625,2688.95703125,2653.388916015625,2642.006982421875,2592.5821533203125,2589.365966796875
2021-09-16,2589.365966796875,2603.593252328726,2568.025038499098,2596.4796095628003,194782800,2603.59326171875,2632.0478515625,2632.0478515625,2653.388916015625,2629.202392578125,2601.2521728515626,2568.025146484375
2021-09-17,2568.025146484375,2589.366075679536,2539.5705742241603,2582.2524326144826,346529100,2589.365966796875,2603.59326171875,2632.0478515625,2688.95703125,2605.016015625,2603.908056640625,2553.798095703125
2021-09-20,2553.798095703125,2553.798095703125,2496.888945938153,2553.798095703125,357971300,2568.025146484375,2589.365966796875,2603.59326171875,2632.0478515625,2589.366064453125,2610.3146240234373,2539.570556640625
2021-09-21,2539.570556640625,2546.684199656425,2489.7750555300245,2496.8886985458244,410533900,2553.798095703125,2568.025146484375,2589.365966796875,2632.0478515625,2570.87060546875,2611.418359375,2568.025146484375
2021-09-22,2568.025146484375,2596.4797187445897,2504.002358898892,2504.002358898892,416087300,2539.570556640625,2553.798095703125,2568.025146484375,2603.59326171875,2563.756982421875,2602.881982421875,2681.84326171875
2021-09-23,2681.84326171875,2681.84326171875,2553.797694846237,2560.9113374502654,432390800,2568.025146484375,2539.570556640625,2553.798095703125,2589.365966796875,2582.25244140625,2605.7274169921875,2717.412109375
2021-09-24,2717.412109375,2745.866686436518,2681.8438880481017,2696.071176578861,634549600,2681.84326171875,2568.025146484375,2539.570556640625,2568.025146484375,2612.129833984375,2608.5729248046873,2667.616455078125
2021-09-27,2667.616455078125,2703.184674479167,2653.3891673177086,2681.843742838542,380151200,2717.412109375,2681.84326171875,2568.025146484375,2553.798095703125,2634.893505859375,2612.12978515625,2646.275146484375
2021-09-28,2646.275146484375,2681.8433608188425,2624.9342178836946,2681.8433608188425,306827400,2667.616455078125,2717.412109375,2681.84326171875,2539.570556640625,2656.234423828125,2613.5525146484374,2660.50244140625
2021-09-29,2660.50244140625,2667.61608429771,2624.934226948947,2646.275155623329,143081800,2646.275146484375,2667.616455078125,2717.412109375,2568.025146484375,2674.7298828125,2619.2434326171874,2738.752685546875
2021-09-30,2738.752685546875,2752.9799722250405,2667.6162521560477,2674.7298954951298,416099000,2660.50244140625,2646.275146484375,2667.616455078125,2681.84326171875,2686.111767578125,2634.1821044921876,2774.320556640625
2021-10-01,2774.320556640625,2788.5478415464745,2724.5250594701524,2738.752344376002,359864700,2738.752685546875,2660.50244140625,2646.275146484375,2717.412109375,2697.49345703125,2654.8116455078125,2824.116455078125
2021-10-04,2824.116455078125,2852.5710289328163,2767.207307368742,2774.320950832415,335762600,2774.320556640625,2738.752685546875,2660.50244140625,2667.616455078125,2728.79345703125,2681.8434814453126,2795.661376953125
2021-10-05,2795.661376953125,2831.2295878558366,2781.4340925920405,2809.88866131421,236562700,2824.116455078125,2774.320556640625,2738.752685546875,2646.275146484375,2758.670703125,2707.4525634765623,2930.821044921875
2021-10-06,2930.821044921875,2952.1619748606267,2788.548178663532,2788.548178663532,446708800,2795.661376953125,2824.116455078125,2774.320556640625,2660.50244140625,2812.734423828125,2743.7321533203126,2930.821044921875
2021-10-07,2930.821044921875,2966.389261486461,2895.252828357289,2952.1619748606267,264905400,2930.821044921875,2795.661376953125,2824.116455078125,2738.752685546875,2851.148095703125,2768.629931640625,2959.275390625
2021-10-08,2959.275390625,3016.184532752404,2937.934462327224,2980.6163189227764,196631600,2930.821044921875,2930.821044921875,2795.661376953125,2774.320556640625,2888.1390625,2792.816259765625,2973.503173828125
2021-10-11,2973.503173828125,2987.7304617411783,2937.934954045492,2959.275885915072,146720100,2959.275390625,2930.821044921875,2930.821044921875,2824.116455078125,2918.01640625,2823.404931640625,3001.95751953125
2021-10-12,3001.95751953125,3016.184806353673,2973.502945886404,2973.502945886404,241196000,2973.503173828125,2959.275390625,2930.821044921875,2795.661376953125,2959.275634765625,2858.9731689453124,3044.639404296875
2021-10-13,3044.639404296875,3058.8666912328417,3001.957543488975,3009.071186956958,264629400,3001.95751953125,2973.503173828125,2959.275390625,2930.821044921875,2982.039306640625,2897.386865234375,3023.29833984375
2021-10-14,3023.29833984375,3094.434771369485,3009.071053538603,3044.6392693014704,196989500,3044.639404296875,3001.95751953125,2973.503173828125,2930.821044921875,3000.534765625,2925.8414306640625,3073.09375
2021-10-15,3073.09375,3080.207392939815,3001.957320601852,3023.2982494212965,318189600,3023.29833984375,3044.639404296875,3001.95751953125,2959.275390625,3023.2984375,2955.71875,3137.11669921875
2021-10-18,3137.11669921875,3137.11669921875,3087.3211960565477,3094.4348393654336,286829000,3073.09375,3023.29833984375,3044.639404296875,2973.503173828125,3056.021142578125,2987.0187744140626,3130.003173828125
2021-10-19,3130.003173828125,3165.571391712536,3101.548599520597,3165.571391712536,161256300,3137.11669921875,3073.09375,3023.29833984375,3001.95751953125,3081.6302734375,3020.4529541015627,3101.548095703125
2021-10-21,3101.548095703125,3172.6845199164995,3073.0935260177757,3165.570877495162,319230200,3130.003173828125,3137.11669921875,3073.09375,3044.639404296875,3093.01201171875,3037.5256591796874,3130.003173828125
2021-10-22,3130.003173828125,3130.003173828125,3073.094025213069,3087.3213123668324,160459300,3101.548095703125,3130.003173828125,3137.11669921875,3023.29833984375,3114.352978515625,3057.4438720703124,3058.86669921875
2021-10-25,3058.86669921875,3108.6622036246363,3058.86669921875,3080.207629678416,128240100,3130.003173828125,3101.548095703125,3130.003173828125,3073.09375,3111.507568359375,3067.4030029296873,3094.434814453125
2021-10-26,3094.434814453125,3108.662100956358,3037.525668440194,3044.6393116918102,108782400,3058.86669921875,3130.003173828125,3101.548095703125,3137.11669921875,3102.97119140625,3079.4961669921877,3051.752685546875
2021-10-27,3051.752685546875,3087.320898665137,3030.411757675918,3080.207256041485,258038300,3094.434814453125,3058.86669921875,3130.003173828125,3130.003173828125,3087.32109375,3084.47568359375,3016.184814453125
2021-10-28,3016.184814453125,3058.866675035009,2987.730240731869,2994.8438841621837,159645200,3051.752685546875,3094.434814453125,3058.86669921875,3101.548095703125,3070.2484375,3081.630224609375,3023.29833984375
2021-10-29,3023.29833984375,3058.8665556066176,3001.957410386029,3058.8665556066176,155011100,3016.184814453125,3051.752685546875,3094.434814453125,3130.003173828125,3048.907470703125,3081.630224609375,3009.07080078125
2021-11-01,3009.07080078125,3080.2072263316345,3001.9571582262115,3080.2072263316345,102079300,3023.29833984375,3016.184814453125,3051.752685546875,3058.86669921875,3038.948291015625,3075.2279296875,2994.843994140625
2021-11-02,2994.843994140625,3037.525856289897,2994.843994140625,3037.525856289897,124799700,3009.07080078125,3023.29833984375,3016.184814453125,3094.434814453125,3019.030126953125,3061.0006591796873,3051.752685546875
2021-11-03,3051.752685546875,3058.866328170528,2994.843544557656,3023.298115052265,100486300,2994.843994140625,3009.07080078125,3023.29833984375,3051.752685546875,3019.030126953125,3053.1756103515627,3023.29833984375
2021-11-04,3023.29833984375,3087.321128216912,3023.298339843749,3080.207485064338,119591100,3051.752685546875,2994.843994140625,3009.07080078125,3016.184814453125,3020.45283203125,3045.350634765625,3016.184814453125
2021-11-05,3016.184814453125,3037.5257447440667,2994.8438841621837,3037.5257447440667,74347000,3023.29833984375,3051.752685546875,2994.843994140625,3023.29833984375,3019.030126953125,3033.968798828125,3009.07080078125
2021-11-08,3009.07080078125,3030.411728446365,3001.9571582262115,3023.298085891327,79465600,3016.184814453125,3023.29833984375,3051.752685546875,3009.07080078125,3019.030126953125,3028.989208984375,3023.29833984375
2021-11-09,3023.29833984375,3023.298339843749,3001.957410386029,3009.071053538603,92453200,3009.07080078125,3016.184814453125,3023.29833984375,2994.843994140625,3024.72099609375,3021.8755615234377,3023.29833984375
2021-11-10,3023.29833984375,3030.411982996324,2994.843767233456,3009.071053538603,69475400,3023.29833984375,3009.07080078125,3016.184814453125,3051.752685546875,3019.030126953125,3019.030126953125,3023.29833984375
2021-11-11,3023.29833984375,3058.8665556066176,3009.071053538603,3051.752912454044,149637700,3023.29833984375,3023.29833984375,3009.07080078125,3023.29833984375,3019.030126953125,3019.7414794921874,3001.95751953125
2021-11-12,3001.95751953125,3051.7530234097308,2994.8438761200387,3037.525736587308,80234400,3023.29833984375,3023.29833984375,3023.29833984375,3016.184814453125,3016.18466796875,3017.6073974609376,2959.275390625
2021-11-15,2959.275390625,3001.9572472205527,2945.048105093149,3001.9572472205527,220142300,3001.95751953125,3023.29833984375,3023.29833984375,3009.07080078125,3006.2255859375,3012.6278564453123,2937.934326171875
2021-11-16,2937.934326171875,2966.388895916881,2930.820683735624,2930.820683735624,163555000,2959.275390625,3001.95751953125,3023.29833984375,3023.29833984375,2989.152783203125,3006.9368896484375,2987.72998046875
2021-11-17,2987.72998046875,2987.72998046875,2959.2754092261903,2966.3890520368304,126523700,2937.934326171875,2959.275390625,3001.95751953125,3023.29833984375,2982.039111328125,3000.534619140625,2973.503173828125
2021-11-18,2973.503173828125,2980.616817784652,2945.0485980020185,2952.162241958545,114881200,2987.72998046875,2937.934326171875,2959.275390625,3023.29833984375,2972.080078125,2995.5551025390623,3044.639404296875
2021-11-19,3044.639404296875,3051.7530477648584,3001.957543488975,3001.957543488975,182167700,2973.503173828125,2987.72998046875,2937.934326171875,3001.95751953125,2980.616455078125,2998.4005615234373,3044.639404296875
2021-11-22,3044.639404296875,3065.980334700825,3023.298473892925,3065.980334700825,151514000,3044.639404296875,2973.503173828125,2987.72998046875,2959.275390625,2997.6892578125,3001.957421875,2994.843994140625
2021-11-23,2994.843994140625,3044.639499981443,2987.730350449079,3044.639499981443,104294200,3044.639404296875,3044.639404296875,2973.503173828125,2937.934326171875,3009.07119140625,2999.1119873046873,2994.843994140625
2021-11-24,2994.843994140625,3009.071281523716,2980.616706757534,2987.730350449079,111072800,2994.843994140625,3044.639404296875,3044.639404296875,2987.72998046875,3010.493994140625,2996.266552734375,3001.95751953125
2021-11-25,3001.95751953125,3023.2984497648845,2973.502945886404,2973.502945886404,123609400,2994.843994140625,2994.843994140625,3044.639404296875,2973.503173828125,3016.18486328125,2994.132470703125,2959.275390625
2021-11-26,2959.275390625,3001.9572472205527,2952.1617478590747,2980.6163189227764,148652500,3001.95751953125,2994.843994140625,2994.843994140625,3044.639404296875,2999.112060546875,2989.8642578125,2966.38916015625
2021-11-29,2966.38916015625,2980.616446296088,2902.3663725269785,2952.161874016412,164312800,2959.275390625,3001.95751953125,2994.843994140625,3044.639404296875,2983.46201171875,2990.575634765625,2909.47998046875
2021-11-30,2909.47998046875,3001.957339261155,2909.47998046875,2952.161838372937,316653200,2966.38916015625,2959.275390625,3001.95751953125,2994.843994140625,2966.389208984375,2987.7302001953126,2902.366455078125
2021-12-01,2902.366455078125,2973.502887800628,2895.2528118058744,2909.480098350375,163457900,2909.47998046875,2966.38916015625,2959.275390625,2994.843994140625,2947.893701171875,2979.19384765625,2987.72998046875
2021-12-02,2987.72998046875,3001.95726609003,2888.1389811197914,2888.1389811197914,139281800,2902.366455078125,2909.47998046875,2966.38916015625,3001.95751953125,2945.048193359375,2980.6165283203127,2966.38916015625
2021-12-03,2966.38916015625,3001.957375505845,2966.38916015625,2994.843732435926,93227100,2987.72998046875,2902.366455078125,2909.47998046875,2959.275390625,2946.470947265625,2972.79150390625,2923.707275390625
2021-12-06,2923.707275390625,3001.957348454608,2923.707275390625,2987.7300624429745,106610000,2966.38916015625,2987.72998046875,2902.366455078125,2966.38916015625,2937.9345703125,2960.698291015625,3009.07080078125
2021-12-07,3009.07080078125,3009.07080078125,2959.275302895981,2980.6162305610965,182048000,2923.707275390625,2966.38916015625,2987.72998046875,2909.47998046875,2957.852734375,2962.1209716796875,2994.843994140625
2021-12-08,2994.843994140625,3023.2985689068064,2966.389419374443,3023.2985689068064,143230200,3009.07080078125,2923.707275390625,2966.38916015625,2902.366455078125,2976.3482421875,2962.1209716796875,2980.6162109375
2021-12-09,2980.6162109375,3001.957138462112,2959.275283412888,3001.957138462112,90471500,2994.843994140625,3009.07080078125,2923.707275390625,2987.72998046875,2974.92548828125,2959.9868408203124,2937.934326171875
2021-12-10,2937.934326171875,2959.275253480629,2937.934326171875,2937.934326171875,122999200,2980.6162109375,2994.843994140625,3009.07080078125,2966.38916015625,2969.234521484375,2957.852734375,2959.275390625
2021-12-13,2959.275390625,2987.729961688702,2959.275390625,2966.3890333909253,86848900,2937.934326171875,2980.6162109375,2994.843994140625,2923.707275390625,2976.34814453125,2957.141357421875,2937.934326171875
2021-12-14,2937.934326171875,2959.275253480629,2937.934326171875,2952.1616110443783,100110000,2959.275390625,2937.934326171875,2980.6162109375,3009.07080078125,2962.120849609375,2959.9867919921876,2987.72998046875
2021-12-15,2987.72998046875,3009.0709089006696,2945.048123604911,2952.1617664155506,124522800,2937.934326171875,2959.275390625,2937.934326171875,2994.843994140625,2960.698046875,2968.52314453125,2945.048095703125
2021-12-16,2945.048095703125,3001.9572376490787,2930.8208102166363,3001.9572376490787,136646600,2987.72998046875,2937.934326171875,2959.275390625,2980.6162109375,2953.584423828125,2964.2549560546877,2923.707275390625
2021-12-17,2923.707275390625,2945.0482044080745,2909.479989378992,2909.479989378992,153165400,2945.048095703125,2987.72998046875,2937.934326171875,2937.934326171875,2950.739013671875,2959.986767578125,2930.821044921875
2021-12-20,2930.821044921875,2937.934688234792,2888.139185044372,2895.252828357289,89198900,2923.707275390625,2945.048095703125,2987.72998046875,2959.275390625,2945.04814453125,2960.69814453125,2902.366455078125
2021-12-21,2902.366455078125,2930.8210281671263,2902.366455078125,2916.5937416226257,109561800,2930.821044921875,2923.707275390625,2945.048095703125,2937.934326171875,2937.9345703125,2950.0277099609375,2881.025634765625
2021-12-22,2881.025634765625,2923.707496021412,2881.025634765625,2916.5938524787807,104738000,2902.366455078125,2930.821044921875,2923.707275390625,2987.72998046875,2916.593701171875,2938.6458740234375,2916.593505859375
2021-12-23,2916.593505859375,2923.707148556593,2888.138935070503,2909.479863162157,72736800,2881.025634765625,2902.366455078125,2930.821044921875,2945.048095703125,2910.902783203125,2932.243603515625,2895.252685546875
2021-12-24,2895.252685546875,2930.820900357033,2881.025399622812,2916.5936144329703,59795000,2916.593505859375,2881.025634765625,2902.366455078125,2923.707275390625,2905.211865234375,2927.975439453125,2888.13916015625
2021-12-27,2888.13916015625,2923.707376414332,2888.13916015625,2895.2528034078664,65491200,2895.252685546875,2916.593505859375,2881.025634765625,2930.821044921875,2896.67548828125,2920.86181640625,2909.47998046875
2021-12-28,2909.47998046875,2923.707266436812,2895.2526945006875,2909.47998046875,52952500,2888.13916015625,2895.252685546875,2916.593505859375,2902.366455078125,2898.098193359375,2918.0163818359374,2902.366455078125
2021-12-29,2902.366455078125,2916.5937416226257,2895.2528118058744,2909.480098350375,27676500,2909.47998046875,2888.13916015625,2895.252685546875,2881.025634765625,2902.366357421875,2909.480029296875,2923.707275390625
2021-12-30,2923.707275390625,2945.0482044080745,2888.139060361542,2902.366346373175,146989400,2902.366455078125,2909.47998046875,2888.13916015625,2916.593505859375,2903.789111328125,2907.345947265625,2973.503173828125
2022-01-03,2973.503173828125,2980.616817784652,2909.480378219386,2930.8213100889657,90842500,2923.707275390625,2902.366455078125,2909.47998046875,2895.252685546875,2919.439208984375,2912.325537109375,2959.275390625
2022-01-04,2959.275390625,2994.8436044546274,2959.275390625,2987.729961688702,93950000,2973.503173828125,2923.707275390625,2902.366455078125,2888.13916015625,2933.666455078125,2915.1709716796877,2994.843994140625
2022-01-05,2994.843994140625,3009.071281523716,2937.9348446082613,2973.5030630659885,174376400,2959.275390625,2973.503173828125,2923.707275390625,2909.47998046875,2950.7392578125,2924.4187255859374,2959.275390625
2022-01-06,2959.275390625,3016.184532752404,2945.048105093149,3016.184532752404,137280000,2994.843994140625,2959.275390625,2973.503173828125,2902.366455078125,2962.121044921875,2932.243701171875,2980.6162109375
2022-01-07,2980.6162109375,2987.729853445704,2952.161640904684,2966.388925921092,101275000,2959.275390625,2994.843994140625,2959.275390625,2923.707275390625,2973.50283203125,2938.6459716796876,2973.503173828125
2022-01-10,2973.503173828125,2994.844105697705,2973.503173828125,2980.616817784652,70722600,2980.6162109375,2959.275390625,2994.843994140625,2973.503173828125,2973.50283203125,2946.4710205078127,2952.162109375
2022-01-11,2952.162109375,2973.5030402861444,2937.934822100904,2973.5030402861444,99404900,2973.503173828125,2980.6162109375,2959.275390625,2959.275390625,2972.08017578125,2952.8733154296874,2959.275390625
2022-01-12,2959.275390625,2973.502676156851,2937.934462327224,2966.3890333909253,65907000,2952.162109375,2973.503173828125,2980.6162109375,2994.843994140625,2964.966455078125,2957.8528564453127,2980.6162109375
2022-01-13,2980.6162109375,2980.6162109375,2966.388925921092,2973.502568429296,103522400,2959.275390625,2952.162109375,2973.503173828125,2959.275390625,2969.234619140625,2965.67783203125,2973.503173828125
2022-01-14,2973.503173828125,2994.844105697705,2959.275885915072,2980.616817784652,110213800,2980.6162109375,2959.275390625,2952.162109375,2980.6162109375,2967.81201171875,2970.657421875,2994.843994140625
2022-01-17,2994.843994140625,2994.843994140625,2973.5030630659885,2987.730350449079,102957100,2973.503173828125,2980.6162109375,2959.275390625,2973.503173828125,2972.08017578125,2972.79150390625,2980.6162109375
2022-01-18,2980.6162109375,3016.1844234785203,2945.04799839648,3016.1844234785203,120275000,2994.843994140625,2973.503173828125,2980.6162109375,2952.162109375,2977.77099609375,2974.9255859375,2937.934326171875
2022-01-19,2937.934326171875,2994.8434656618874,2937.934326171875,2994.8434656618874,109954700,2980.6162109375,2994.843994140625,2973.503173828125,2959.275390625,2973.502783203125,2969.234619140625,2937.934326171875
2022-01-20,2937.934326171875,2959.275253480629,2923.707041299372,2937.934326171875,86394600,2937.934326171875,2980.6162109375,2994.843994140625,2980.6162109375,2964.96640625,2967.1005126953123,2966.38916015625
2022-01-21,2966.38916015625,2966.38916015625,2923.707301736736,2937.934587876573,84972500,2937.934326171875,2937.934326171875,2980.6162109375,2973.503173828125,2963.543603515625,2965.6778076171877,2930.821044921875
2022-01-24,2930.821044921875,2959.275618173544,2916.593758296041,2945.048331547709,76709900,2966.38916015625,2937.934326171875,2937.934326171875,2994.843994140625,2950.739013671875,2961.4095947265623,2895.252685546875
2022-01-25,2895.252685546875,2923.7072573950018,2845.457184812654,2916.5936144329703,185007800,2930.821044921875,2966.38916015625,2937.934326171875,2980.6162109375,2933.66630859375,2955.71865234375,2909.47998046875
2022-01-26,2909.47998046875,2916.593623452781,2866.7981225645626,2866.7981225645626,97589500,2895.252685546875,2930.821044921875,2966.38916015625,2937.934326171875,2927.975439453125,2950.739111328125,2945.048095703125
2022-01-27,2945.048095703125,2945.048095703125,2888.138953757171,2895.252596500415,80682900,2909.47998046875,2895.252685546875,2930.821044921875,2937.934326171875,2929.398193359375,2947.1822998046873,2945.048095703125
2022-01-28,2945.048095703125,2966.389023932857,2909.479881986904,2966.389023932857,84812100,2945.048095703125,2909.47998046875,2895.252685546875,2966.38916015625,2925.12998046875,2944.3367919921875,2895.252685546875
2022-01-31,2895.252685546875,2966.3891151671914,2895.252685546875,2966.3891151671914,78498500,2945.048095703125,2945.048095703125,2909.47998046875,2930.821044921875,2918.01630859375,2934.3776611328126,2895.252685546875
2022-02-02,2895.252685546875,2930.820900357033,2888.1390425848435,2930.820900357033,81546300,2895.252685546875,2945.048095703125,2945.048095703125,2895.252685546875,2918.01630859375,2925.84130859375,2937.934326171875
2022-02-03,2937.934326171875,2973.502538353133,2937.934326171875,2973.502538353133,157898800,2895.252685546875,2895.252685546875,2945.048095703125,2909.47998046875,2923.707177734375,2925.84130859375,2994.843994140625
2022-02-04,2994.843994140625,2994.843994140625,2952.1621319913525,2966.389419374443,236602900,2937.934326171875,2895.252685546875,2895.252685546875,2945.048095703125,2933.666357421875,2931.532275390625,3130.003173828125
2022-02-07,3130.003173828125,3137.116817405007,3001.957589444248,3016.184876598012,468016600,2994.843994140625,2937.934326171875,2895.252685546875,2945.048095703125,2970.657373046875,2947.8936767578125,3158.45751953125
2022-02-08,3158.45751953125,3236.7075932133307,3130.0029472832207,3165.571162593257,310878100,3130.003173828125,2994.843994140625,2937.934326171875,2895.252685546875,3023.29833984375,2970.65732421875,3165.5712890625
2022-02-09,3165.5712890625,3201.1395057935392,3115.775785639045,3130.0030723314608,149000100,3158.45751953125,3130.003173828125,2994.843994140625,2895.252685546875,3077.362060546875,2997.6891845703126,3179.798828125
2022-02-10,3179.798828125,3201.139759857382,3165.5715403034114,3201.139759857382,112521600,3165.5712890625,3158.45751953125,3130.003173828125,2937.934326171875,3125.7349609375,3024.7210693359375,3165.5712890625
2022-02-11,3165.5712890625,3165.5712890625,3115.775785639045,3144.2303590238766,103418200,3179.798828125,3165.5712890625,3158.45751953125,2994.843994140625,3159.880419921875,3046.773388671875,3137.11669921875
2022-02-14,3137.11669921875,3165.571272454294,3115.775769292092,3165.571272454294,105260000,3165.5712890625,3179.798828125,3165.5712890625,3130.003173828125,3161.303125,3065.9802490234374,3151.34375
2022-02-15,3151.34375,3165.5710355530477,3122.8891788939054,3158.457392776524,96658500,3137.11669921875,3165.5712890625,3179.798828125,3158.45751953125,3159.88037109375,3091.58935546875,3144.230224609375
2022-02-16,3144.230224609375,3179.798439819888,3137.1165815672725,3179.798439819888,89636300,3151.34375,3137.11669921875,3165.5712890625,3165.5712890625,3155.612158203125,3116.487109375,3130.003173828125
2022-02-17,3130.003173828125,3137.116817405007,3087.3213123668324,3122.8895302512437,118305100,3144.230224609375,3151.34375,3137.11669921875,3179.798828125,3145.65302734375,3135.693994140625,3151.34375
2022-02-18,3151.34375,3158.457392776524,3108.6618933408577,3130.002821670429,127058000,3130.003173828125,3144.230224609375,3151.34375,3165.5712890625,3142.80751953125,3151.3439697265626,3194.025390625
2022-02-21,3194.025390625,3194.025390625,3158.457179148107,3172.6844637388645,133717300,3151.34375,3130.003173828125,3144.230224609375,3137.11669921875,3154.1892578125,3157.74619140625,3151.34375
2022-02-22,3151.34375,3179.7983211060946,3144.2301072234764,3158.457392776524,109060900,3194.025390625,3151.34375,3130.003173828125,3151.34375,3154.1892578125,3157.034814453125,3186.912109375
2022-02-23,3186.912109375,3215.366681780134,3172.684823172433,3215.366681780134,160827800,3151.34375,3194.025390625,3151.34375,3144.230224609375,3162.725634765625,3159.168896484375,3122.88916015625
2022-02-24,3122.88916015625,3179.7983020269785,3108.6618746885674,3179.7983020269785,217523600,3186.912109375,3151.34375,3194.025390625,3130.003173828125,3161.30283203125,3153.4779296875,3236.707763671875
2022-02-25,3236.707763671875,3236.707763671875,3137.116755558894,3165.57132930546,301346400,3122.88916015625,3186.912109375,3151.34375,3151.34375,3178.375634765625,3160.5915771484374,3293.6171875
2022-03-01,3293.6171875,3457.2310002699787,3293.6171875,3450.117356236501,494657800,3236.707763671875,3122.88916015625,3186.912109375,3194.025390625,3198.293994140625,3176.2416259765623,3243.8212890625
2022-03-02,3243.8212890625,3336.2986503734924,3236.7076458847314,3329.185007195724,186635200,3293.6171875,3236.707763671875,3122.88916015625,3151.34375,3216.789501953125,3185.4893798828125,3322.071044921875
2022-03-04,3322.071044921875,3364.7528998887515,3279.3891899549985,3357.639257394272,292022600,3243.8212890625,3293.6171875,3236.707763671875,3186.912109375,3243.8212890625,3203.2734619140624,3215.366943359375
2022-03-07,3215.366943359375,3293.61702383936,3215.366943359375,3258.0488054393663,224515800,3322.071044921875,3243.8212890625,3293.6171875,3122.88916015625,3262.316845703125,3211.8098388671874,3151.34375
2022-03-08,3151.34375,3243.8211060948083,3151.34375,3201.139249435666,214870200,3215.366943359375,3322.071044921875,3243.8212890625,3236.707763671875,3245.24404296875,3211.8098388671874,3250.93505859375
2022-03-09,3250.93505859375,3265.1623455022564,3201.139554413977,3222.480484776737,191967100,3151.34375,3215.366943359375,3322.071044921875,3293.6171875,3236.7076171875,3217.5008056640627,3250.93505859375
2022-03-10,3250.93505859375,3300.730562773523,3208.2531978682305,3300.730562773523,225575800,3250.93505859375,3151.34375,3215.366943359375,3243.8212890625,3238.13037109375,3227.4599365234376,3254.079345703125
2022-03-11,3254.079345703125,3283.661885209517,3231.892441073331,3254.079345703125,275965300,3250.93505859375,3250.93505859375,3151.34375,3322.071044921875,3224.53203125,3234.17666015625,3342.826904296875
2022-03-14,3342.826904296875,3357.6181737849142,3261.474922112659,3283.6618263447176,212052100,3254.079345703125,3250.93505859375,3250.93505859375,3215.366943359375,3250.0240234375,3256.1704345703124,3409.38720703125
2022-03-15,3409.38720703125,3431.5741085954446,3350.222136193397,3365.0134039028603,357755700,3342.826904296875,3254.079345703125,3250.93505859375,3151.34375,3301.63271484375,3273.43837890625,3438.970458984375
2022-03-16,3438.970458984375,3446.3660943800405,3409.387917401714,3438.9704589843755,226817000,3409.38720703125,3342.826904296875,3254.079345703125,3250.93505859375,3339.239794921875,3287.9737060546877,3438.970458984375
2022-03-17,3438.970458984375,3475.9486359627017,3409.387917401714,3468.5530005670366,224068000,3438.970458984375,3409.38720703125,3342.826904296875,3250.93505859375,3376.846875,3307.488623046875,3387.200927734375
2022-03-18,3387.200927734375,3475.948550295101,3387.200927734375,3475.948550295101,257863400,3438.970458984375,3438.970458984375,3409.38720703125,3254.079345703125,3403.47119140625,3314.001611328125,3394.596435546875
2022-03-21,3394.596435546875,3424.1789752902027,3372.409530739379,3401.992070482707,118791900,3387.200927734375,3438.970458984375,3438.970458984375,3342.826904296875,3413.82509765625,3331.924560546875,3431.57470703125
2022-03-22,3431.57470703125,3483.344153042497,3431.57470703125,3468.552882753569,177758500,3394.596435546875,3387.200927734375,3438.970458984375,3409.38720703125,3418.26259765625,3359.94765625,3438.970458984375
2022-03-23,3438.970458984375,3468.5530005670366,3416.78355279738,3461.157365171371,146545100,3431.57470703125,3394.596435546875,3387.200927734375,3438.970458984375,3418.26259765625,3378.7511962890626,3498.134765625
2022-03-24,3498.134765625,3498.134765625,3416.7827943313955,3431.574061839324,206271600,3438.970458984375,3431.57470703125,3394.596435546875,3438.970458984375,3430.095458984375,3403.4711669921876,3483.343994140625
2022-03-25,3483.343994140625,3520.3221681760883,3438.9701852980693,3520.3221681760883,137104800,3498.134765625,3438.970458984375,3431.57470703125,3387.200927734375,3449.324072265625,3426.3976318359373,3498.134765625
2022-03-28,3498.134765625,3505.530399378964,3453.760963101216,3498.134765625,106801800,3483.343994140625,3498.134765625,3438.970458984375,3394.596435546875,3470.03173828125,3441.92841796875,3468.552490234375
2022-03-29,3468.552490234375,3512.926296079591,3453.761221619303,3512.926296079591,93155100,3498.134765625,3483.343994140625,3498.134765625,3431.57470703125,3477.427294921875,3447.8449462890626,3483.343994140625
2022-03-30,3483.343994140625,3505.530898561903,3468.55272452644,3505.530898561903,83364400,3468.552490234375,3498.134765625,3483.343994140625,3438.970458984375,3486.302001953125,3452.2822998046877,3446.365478515625
2022-03-31,3446.365478515625,3512.926185182236,3446.365478515625,3475.9480148118964,158650000,3483.343994140625,3468.552490234375,3498.134765625,3498.134765625,3475.94814453125,3453.0218017578127,3498.134765625
2022-04-01,3498.134765625,3498.134765625,3424.1784280853594,3468.552230609144,145105000,3446.365478515625,3483.343994140625,3468.552490234375,3483.343994140625,3478.906298828125,3464.115185546875,3475.947998046875
2022-04-04,3475.947998046875,3498.1349001620674,3446.365461893284,3498.1349001620674,103902000,3498.134765625,3446.365478515625,3483.343994140625,3498.134765625,3474.4689453125,3472.250341796875,3475.947998046875
2022-04-05,3475.947998046875,3505.5305342004654,3453.761095931682,3498.1349001620674,76154300,3475.947998046875,3498.134765625,3446.365478515625,3468.552490234375,3475.948046875,3476.6876708984373,3401.99169921875
2022-04-06,3401.99169921875,3468.552406377378,3401.9916992187505,3468.552406377378,111009800,3475.947998046875,3475.947998046875,3498.134765625,3483.343994140625,3459.677587890625,3472.989794921875,3424.178955078125
2022-04-07,3424.178955078125,3453.7614946468348,3416.783320185948,3453.7614946468348,91942500,3401.99169921875,3475.947998046875,3475.947998046875,3446.365478515625,3455.240283203125,3465.5942138671876,3409.38720703125
2022-04-08,3409.38720703125,3438.969742450176,3401.991573176518,3424.1784747407128,125657900,3424.178955078125,3401.99169921875,3475.947998046875,3498.134765625,3437.490771484375,3458.19853515625,3379.804931640625
2022-04-11,3379.804931640625,3416.7831037592314,3379.804931640625,3401.991834911789,109861100,3409.38720703125,3424.178955078125,3401.99169921875,3475.947998046875,3418.262158203125,3446.3655517578127,3409.38720703125
2022-04-12,3409.38720703125,3409.38720703125,3365.0134039028603,3365.0134039028603,96961200,3379.804931640625,3409.38720703125,3424.178955078125,3475.947998046875,3404.95,3440.4490234375,3409.38720703125
2022-04-13,3409.38720703125,3431.5741085954446,3394.595939321787,3431.5741085954446,112327600,3409.38720703125,3379.804931640625,3409.38720703125,3401.99169921875,3406.4291015625,3433.0533447265625,3357.617919921875
2022-04-14,3357.617919921875,3409.3873592158247,3350.222285737025,3401.991725030975,150659600,3409.38720703125,3409.38720703125,3379.804931640625,3424.178955078125,3393.11689453125,3424.1785888671875,3365.013671875
2022-04-18,3365.013671875,3387.200575206044,3357.6180374313185,3365.0136718749995,82795100,3357.617919921875,3409.38720703125,3409.38720703125,3409.38720703125,3384.2421875,3410.8664794921874,3379.804931640625
2022-04-19,3379.804931640625,3401.991834911789,3357.618028369461,3365.0136627931824,148475600,3365.013671875,3357.617919921875,3409.38720703125,3379.804931640625,3384.2421875,3401.2521728515626,3586.8828125
2022-04-20,3586.8828125,3601.674081829897,3401.991945876289,3409.387580541237,404383100,3379.804931640625,3365.013671875,3357.617919921875,3409.38720703125,3419.74130859375,3412.345654296875,3549.904541015625
2022-04-21,3549.904541015625,3586.882713317871,3520.322003173828,3586.882713317871,208253300,3586.8828125,3379.804931640625,3365.013671875,3409.38720703125,3447.844775390625,3427.1369384765626,3512.926513671875
2022-04-22,3512.926513671875,3586.882861328125,3490.739609375,3512.926513671875,174349500,3549.904541015625,3586.8828125,3379.804931640625,3357.617919921875,3478.906494140625,3436.0116943359376,3579.487060546875
2022-04-25,3579.487060546875,3586.8826949694926,3453.761275362377,3475.94817863023,235752400,3512.926513671875,3549.904541015625,3586.8828125,3365.013671875,3521.801171875,3453.0216796875,3653.443603515625
2022-04-26,3653.443603515625,3683.0261428153462,3572.09162044139,3579.487255266321,262734300,3579.487060546875,3512.926513671875,3549.904541015625,3379.804931640625,3576.52890625,3480.385546875,3586.8828125
2022-04-27,3586.8828125,3646.047889819588,3586.8828125,3623.8609858247423,191955100,3653.443603515625,3579.487060546875,3512.926513671875,3586.8828125,3576.52890625,3498.135107421875,3601.674072265625
2022-04-28,3601.674072265625,3646.0478801374807,3594.278437620316,3601.674072265625,193821200,3586.8828125,3653.443603515625,3579.487060546875,3549.904541015625,3586.8828125,3517.3637939453124,3350.222412109375
2022-05-09,3350.222412109375,3520.32200477718,3350.222412109375,3512.9263703133624,561600400,3601.674072265625,3586.8828125,3653.443603515625,3512.926513671875,3554.3419921875,3516.6242431640626,3350.222412109375
2022-05-10,3350.222412109375,3350.222412109375,3150.5402815863,3150.5402815863,435782800,3350.222412109375,3601.674072265625,3586.8828125,3579.487060546875,3508.4890625,3515.1451171875,3320.6396484375
2022-05-11,3320.6396484375,3387.200354085468,3313.2440144766147,3365.0134522028115,205233800,3350.222412109375,3350.222412109375,3601.674072265625,3653.443603515625,3441.928271484375,3509.2285888671877,3194.914306640625
2022-05-12,3194.914306640625,3320.6401011149087,3180.123036702474,3320.6401011149087,207373600,3320.6396484375,3350.222412109375,3350.222412109375,3586.8828125,3363.5345703125,3470.03173828125,3143.144775390625
2022-05-13,3143.144775390625,3224.4967578125,3143.144775390625,3143.144775390625,336711300,3194.914306640625,3320.6396484375,3350.222412109375,3601.674072265625,3271.8287109375,3429.35576171875,3291.0576171875
2022-05-17,3291.0576171875,3342.827062851124,3157.9361854810395,3157.9361854810395,272650400,3143.144775390625,3194.914306640625,3320.6396484375,3350.222412109375,3259.995751953125,3407.1688720703123,3291.0576171875
2022-05-18,3291.0576171875,3350.222697945927,3276.2663469978934,3328.035792661517,129716500,3291.0576171875,3143.144775390625,3194.914306640625,3350.222412109375,3248.16279296875,3378.325927734375,3283.661865234375
2022-05-19,3283.661865234375,3298.453134897593,3180.1229775918496,3217.1011517498946,132614900,3291.0576171875,3291.0576171875,3143.144775390625,3320.6396484375,3240.767236328125,3341.34775390625,3276.26611328125
2022-05-20,3276.26611328125,3320.639920684608,3261.4748441467973,3283.6617478484764,122101000,3283.661865234375,3291.0576171875,3291.0576171875,3194.914306640625,3257.03759765625,3310.286083984375,3202.309814453125
2022-05-23,3202.309814453125,3283.66179588265,3194.914179777714,3261.474891856416,175709000,3276.26611328125,3283.661865234375,3291.0576171875,3143.144775390625,3268.87060546875,3270.349658203125,3298.453369140625
2022-05-24,3298.453369140625,3328.035910567896,3194.914474145179,3194.914474145179,165758600,3202.309814453125,3276.26611328125,3283.661865234375,3291.0576171875,3270.349755859375,3265.17275390625,3217.10107421875
2022-05-25,3217.10107421875,3291.057420752514,3217.10107421875,3276.266151445762,138961700,3298.453369140625,3202.309814453125,3276.26611328125,3291.0576171875,3255.558447265625,3251.8606201171874,3357.617919921875
2022-05-27,3357.617919921875,3357.617919921875,3283.6615780733755,3328.0353831824755,209962100,3217.10107421875,3298.453369140625,3202.309814453125,3283.661865234375,3270.349658203125,3255.558447265625,3276.26611328125
2022-05-30,3276.26611328125,3357.6180935207394,3246.6835750123446,3357.6180935207394,193724500,3357.617919921875,3217.10107421875,3298.453369140625,3276.26611328125,3270.349658203125,3263.6936279296874,3424.178955078125
2022-05-31,3424.178955078125,3424.178955078125,3291.0575270189324,3305.8487968032878,379626500,3276.26611328125,3357.617919921875,3217.10107421875,3202.309814453125,3314.723486328125,3291.7970458984373,3313.244140625
2022-06-02,3313.244140625,3401.9917515345983,3313.244140625,3357.617946079799,225697500,3424.178955078125,3276.26611328125,3357.617919921875,3298.453369140625,3317.681640625,3294.0156982421877,3342.826904296875
2022-06-03,3342.826904296875,3379.805078016973,3335.431269552855,3350.2225390408944,117643300,3313.244140625,3424.178955078125,3276.26611328125,3217.10107421875,3342.826806640625,3299.192626953125,3276.26611328125
2022-06-06,3276.26611328125,3335.4311898190604,3254.079209579571,3305.8486515501554,157277700,3342.826904296875,3313.244140625,3424.178955078125,3357.617919921875,3326.5564453125,3298.4530517578123,3254.079345703125
2022-06-07,3254.079345703125,3298.453154962713,3254.079345703125,3298.453154962713,133318000,3276.26611328125,3342.826904296875,3313.244140625,3276.26611328125,3322.119091796875,3296.234375,3305.848876953125
2022-06-08,3305.848876953125,3305.848876953125,3239.2881613097734,3254.07943145274,150604000,3254.079345703125,3276.26611328125,3342.826904296875,3424.178955078125,3298.453076171875,3306.58828125,3320.6396484375
2022-06-09,3320.6396484375,3342.826550320156,3313.2440144766147,3328.0352823983853,161768800,3305.848876953125,3254.079345703125,3276.26611328125,3313.244140625,3299.932177734375,3308.8069091796874,3254.079345703125
2022-06-10,3254.079345703125,3305.8487898393114,3224.4968061967334,3305.8487898393114,222410400,3320.6396484375,3305.848876953125,3254.079345703125,3342.826904296875,3282.182666015625,3312.504736328125,3209.70556640625
2022-06-13,3209.70556640625,3217.101201351886,3150.540486841158,3150.540486841158,164017200,3254.079345703125,3320.6396484375,3305.848876953125,3276.26611328125,3268.870556640625,3297.7135009765625,3224.49609375
2022-06-14,3224.49609375,3261.4742599627293,3180.1222942947247,3180.1222942947247,150381800,3209.70556640625,3254.079345703125,3320.6396484375,3254.079345703125,3262.95390625,3292.5364990234375,3291.0576171875
2022-06-15,3291.0576171875,3291.0576171875,3224.4969013342698,3224.4969013342698,160729900,3224.49609375,3209.70556640625,3254.079345703125,3305.848876953125,3259.995654296875,3279.224365234375,3276.26611328125
2022-06-16,3276.26611328125,3350.222458953513,3261.4748441467973,3268.870478714024,240023000,3291.0576171875,3224.49609375,3209.70556640625,3320.6396484375,3251.120947265625,3275.5265625,3231.89208984375
2022-06-17,3231.89208984375,3254.078992062357,3217.100821698012,3231.89208984375,185763100,3276.26611328125,3291.0576171875,3224.49609375,3254.079345703125,3246.68349609375,3264.4330810546876,3254.079345703125
2022-06-20,3254.079345703125,3261.4749805797237,3209.7055364435373,3254.079345703125,95058800,3231.89208984375,3276.26611328125,3291.0576171875,3209.70556640625,3255.558251953125,3262.214404296875,3239.287841796875
2022-06-21,3239.287841796875,3276.266013506885,3239.287841796875,3276.266013506885,103964600,3254.079345703125,3231.89208984375,3276.26611328125,3224.49609375,3258.5166015625,3260.73525390625,3194.914306640625
2022-06-22,3194.914306640625,3261.4750213623047,3187.5186716715493,3261.4750213623047,106208500,3239.287841796875,3254.079345703125,3231.89208984375,3291.0576171875,3239.287939453125,3249.641796875,3187.5185546875
2022-06-23,3187.5185546875,3224.4967281757545,3180.1229199898494,3180.1229199898494,127600700,3194.914306640625,3239.287841796875,3254.079345703125,3276.26611328125,3221.538427734375,3236.3296875,3209.70556640625
2022-06-24,3209.70556640625,3217.101201351886,3187.518661569341,3194.914296514977,66083900,3187.5185546875,3194.914306640625,3239.287841796875,3231.89208984375,3217.101123046875,3231.8923095703126,3165.33154296875
2022-06-27,3165.33154296875,3202.309715199693,3157.935908522561,3187.518446307316,152306100,3209.70556640625,3187.5185546875,3194.914306640625,3254.079345703125,3199.3515625,3227.4549072265627,3180.123046875
2022-06-28,3180.123046875,3202.3099518531976,3165.331776889535,3194.914316860465,178535800,3165.33154296875,3209.70556640625,3187.5185546875,3239.287841796875,3187.518603515625,3223.0176025390624,3091.375244140625
2022-06-29,3091.375244140625,3187.518493360309,3091.375244140625,3165.331589694228,228536100,3180.123046875,3165.33154296875,3209.70556640625,3194.914306640625,3166.810791015625,3203.049365234375,3069.1884765625
2022-06-30,3069.1884765625,3120.9579207454817,3047.0015719126504,3047.0015719126504,239939100,3091.375244140625,3180.123046875,3165.33154296875,3187.5185546875,3143.144775390625,3182.3416015625,3061.79296875
2022-07-01,3061.79296875,3106.1667798913045,3039.6060631793475,3069.188603940217,154659500,3069.1884765625,3091.375244140625,3180.123046875,3209.70556640625,3113.562255859375,3165.331689453125,2987.83642578125
2022-07-04,2987.83642578125,3047.0015035194924,2928.671348043008,3024.814599367652,246853600,3061.79296875,3069.1884765625,3091.375244140625,3165.33154296875,3078.063232421875,3138.7073974609375,3024.814697265625
2022-07-05,3024.814697265625,3076.5841419621024,2987.8365224824265,2987.8365224824265,180648400,2987.83642578125,3061.79296875,3069.1884765625,3180.123046875,3047.0015625,3117.2600830078127,3017.419189453125
2022-07-06,3017.419189453125,3032.21045998966,2973.0453778435203,2995.2322836483227,125309100,3024.814697265625,2987.83642578125,3061.79296875,3091.375244140625,3032.2103515625,3099.5105712890627,2995.232177734375
2022-07-07,2995.232177734375,3039.6059877748844,2987.8365427276235,2987.8365427276235,172127500,3017.419189453125,3024.814697265625,2987.83642578125,3069.1884765625,3017.419091796875,3080.28193359375,3106.166259765625
2022-07-08,3106.166259765625,3106.166259765625,2995.231750488281,3024.814286295573,112914000,2995.232177734375,3017.419189453125,3024.814697265625,3061.79296875,3026.29375,3069.9280029296874,3047.001953125
2022-07-11,3047.001953125,3083.980132167779,3032.210681507888,3069.1888605506674,80867700,3106.166259765625,2995.232177734375,3017.419189453125,2987.83642578125,3038.12685546875,3058.0950439453127,3039.60595703125
2022-07-12,3039.60595703125,3061.7928618270985,3032.2103220993004,3047.001591963199,56085200,3047.001953125,3106.166259765625,2995.232177734375,3024.814697265625,3041.085107421875,3044.0433349609375,3002.627685546875
2022-07-13,3002.627685546875,3054.397128401132,2980.44078146648,3039.605859014201,165745200,3039.60595703125,3047.001953125,3106.166259765625,3017.419189453125,3038.126806640625,3035.1685791015625,3010.023193359375
2022-07-14,3010.023193359375,3024.814462122812,2965.6493870690647,2965.6493870690647,188729700,3002.627685546875,3039.60595703125,3047.001953125,2995.232177734375,3041.085009765625,3029.25205078125,3039.60595703125
2022-07-15,3039.60595703125,3047.001591963199,2995.2321474395526,3002.6277823715022,91362800,3010.023193359375,3002.627685546875,3039.60595703125,3106.166259765625,3027.77294921875,3027.033349609375,3061.79296875
2022-07-18,3061.79296875,3061.79296875,3017.4191576086955,3039.6060631793475,135284500,3039.60595703125,3010.023193359375,3002.627685546875,3047.001953125,3030.73115234375,3034.42900390625,3039.60595703125
2022-07-19,3039.60595703125,3069.188496759048,3039.60595703125,3069.188496759048,122905900,3061.79296875,3039.60595703125,3010.023193359375,3039.60595703125,3030.73115234375,3035.9081298828123,3180.123046875
2022-07-20,3180.123046875,3180.123046875,3076.584156976744,3091.375426962209,220223600,3039.60595703125,3061.79296875,3039.60595703125,3002.627685546875,3066.230224609375,3052.178515625,3187.5185546875
2022-07-21,3187.5185546875,3187.5185546875,3128.3534771062937,3180.1229199898494,130405400,3180.123046875,3039.60595703125,3061.79296875,3010.023193359375,3101.729296875,3071.4071533203123,3157.93603515625
2022-07-22,3157.93603515625,3202.3098436127784,3157.93603515625,3202.3098436127784,86561100,3187.5185546875,3180.123046875,3039.60595703125,3039.60595703125,3125.3953125,3076.584130859375,3143.144775390625
2022-07-25,3143.144775390625,3180.12294921875,3143.144775390625,3143.144775390625,60952800,3157.93603515625,3187.5185546875,3180.123046875,3061.79296875,3141.665673828125,3086.1984130859373,3202.309814453125
2022-07-26,3202.309814453125,3217.101083803948,3150.5403717252457,3157.936006400657,97709800,3143.144775390625,3157.93603515625,3187.5185546875,3039.60595703125,3174.2064453125,3102.468798828125,3194.914306640625
2022-07-27,3194.914306640625,3239.288116455078,3180.123036702474,3239.288116455078,88570800,3202.309814453125,3143.144775390625,3157.93603515625,3180.123046875,3177.164697265625,3121.6974609375,3224.49609375
2022-07-28,3224.49609375,3254.078626720184,3209.704827264908,3209.704827264908,136421400,3194.914306640625,3202.309814453125,3143.144775390625,3187.5185546875,3184.560205078125,3143.1447509765626,3224.49609375
2022-07-29,3224.49609375,3276.265526447821,3209.704827264908,3246.6829934776374,228669400,3224.49609375,3194.914306640625,3202.309814453125,3157.93603515625,3197.872216796875,3161.6337646484376,3224.49609375
2022-08-01,3224.49609375,3261.4742599627293,3202.3091940223626,3246.6829934776374,200791700,3224.49609375,3224.49609375,3194.914306640625,3143.144775390625,3214.14248046875,3177.9040771484374,3254.079345703125
2022-08-02,3254.079345703125,3254.079345703125,3180.122996937145,3224.4968061967334,173931000,3224.49609375,3224.49609375,3224.49609375,3202.309814453125,3224.49638671875,3199.351416015625,3239.287841796875
2022-08-03,3239.287841796875,3268.870379164883,3217.100938770869,3261.474744822881,103412300,3254.079345703125,3224.49609375,3224.49609375,3194.914306640625,3233.37109375,3205.2678955078127,3224.49609375
2022-08-04,3224.49609375,3246.6829934776374,3217.100460507454,3239.287360235092,120175700,3239.287841796875,3254.079345703125,3224.49609375,3224.49609375,3233.37109375,3208.9656494140627,3224.49609375
2022-08-05,3224.49609375,3254.078626720184,3194.9135607798166,3224.49609375,168879400,3224.49609375,3239.287841796875,3254.079345703125,3224.49609375,3233.37109375,3215.6216552734377,3231.89208984375
2022-08-08,3231.89208984375,3254.078992062357,3209.705187625143,3224.496455770881,107242600,3224.49609375,3224.49609375,3239.287841796875,3224.49609375,3234.85029296875,3224.49638671875,3261.47509765625
2022-08-09,3261.47509765625,3305.848908508716,3246.6838273720946,3254.0794625141725,181747100,3231.89208984375,3224.49609375,3224.49609375,3254.079345703125,3236.329443359375,3230.4129150390627,3187.5185546875
2022-08-10,3187.5185546875,3231.892362873405,3180.1229199898494,3217.1010934781034,205341100,3261.47509765625,3231.89208984375,3224.49609375,3239.287841796875,3225.9755859375,3229.67333984375,3217.10107421875
2022-08-11,3217.10107421875,3261.474882139009,3209.7054395653736,3239.28797817888,193329000,3187.5185546875,3261.47509765625,3231.89208984375,3224.49609375,3224.49658203125,3228.933837890625,3194.914306640625
2022-08-12,3194.914306640625,3217.101211547852,3194.914306640625,3209.705576578776,103916700,3217.10107421875,3187.5185546875,3261.47509765625,3224.49609375,3218.580224609375,3225.9756591796877,3180.123046875
2022-08-15,3180.123046875,3217.1012218386627,3180.123046875,3202.3099518531976,135099400,3194.914306640625,3217.10107421875,3187.5185546875,3231.89208984375,3208.226416015625,3221.5383544921874,3165.33154296875
2022-08-16,3165.33154296875,3217.1009840920706,3157.935908522561,3217.1009840920706,205432400,3180.123046875,3194.914306640625,3217.10107421875,3261.47509765625,3188.997705078125,3212.66357421875,3202.309814453125
2022-08-18,3202.309814453125,3209.7054491285367,3187.5185451023026,3202.309814453125,138795300,3165.33154296875,3180.123046875,3194.914306640625,3187.5185546875,3191.95595703125,3208.965771484375,3180.123046875
2022-08-19,3180.123046875,3209.70558684593,3180.123046875,3209.70558684593,84552100,3202.309814453125,3165.33154296875,3180.123046875,3217.10107421875,3184.5603515625,3204.528466796875,3157.93603515625
2022-08-22,3157.93603515625,3202.3098436127784,3157.93603515625,3194.914208870024,121124400,3180.123046875,3202.309814453125,3165.33154296875,3194.914306640625,3177.164697265625,3197.8724609375,3180.123046875
2022-08-23,3180.123046875,3187.5186818677325,3150.54050690407,3150.54050690407,107799500,3157.93603515625,3180.123046875,3202.309814453125,3180.123046875,3177.164697265625,3192.695556640625,3172.727294921875
2022-08-24,3172.727294921875,3202.309833802265,3165.331660201777,3180.1229296419724,75055900,3180.123046875,3157.93603515625,3180.123046875,3165.33154296875,3178.64384765625,3183.8207763671876,3157.93603515625
2022-08-25,3157.93603515625,3180.122939384514,3157.93603515625,3165.3316698990047,117653800,3172.727294921875,3180.123046875,3157.93603515625,3202.309814453125,3169.769091796875,3180.8625244140626,3157.93603515625
2022-08-26,3157.93603515625,3172.7273046417595,3157.93603515625,3165.3316698990047,87375200,3157.93603515625,3172.727294921875,3180.123046875,3180.123046875,3165.331689453125,3174.9460205078126,3143.144775390625
2022-08-29,3143.144775390625,3157.936044921875,3120.95787109375,3143.144775390625,88409800,3157.93603515625,3157.93603515625,3172.727294921875,3157.93603515625,3162.3734375,3169.7690673828124,3150.540283203125
2022-08-30,3150.540283203125,3180.1228210735767,3143.144648735512,3143.144648735512,157219500,3143.144775390625,3157.93603515625,3157.93603515625,3180.123046875,3156.456884765625,3166.810791015625,3209.70556640625
2022-08-31,3209.70556640625,3217.101201351886,3135.749216949885,3143.1448518955217,191475700,3150.540283203125,3143.144775390625,3157.93603515625,3172.727294921875,3163.8525390625,3171.248193359375,3246.683349609375
2022-09-01,3246.683349609375,3246.683349609375,3187.518277179136,3194.913911232916,139929300,3209.70556640625,3150.540283203125,3143.144775390625,3157.93603515625,3181.602001953125,3175.685546875,3291.0576171875
2022-09-02,3291.0576171875,3291.0576171875,3239.2881715238764,3261.4750768082868,220616600,3246.683349609375,3209.70556640625,3150.540283203125,3157.93603515625,3208.226318359375,3186.77900390625,3394.596435546875
2022-09-05,3394.596435546875,3401.992070482707,3268.8706416377318,3276.266276573564,261126600,3291.0576171875,3246.683349609375,3209.70556640625,3143.144775390625,3258.516650390625,3210.4450439453126,3372.4091796875
2022-09-06,3372.4091796875,3468.5524238452576,3365.0135455215186,3453.761155513295,188042700,3394.596435546875,3291.0576171875,3246.683349609375,3150.540283203125,3302.8904296875,3229.6736572265627,3298.453369140625
2022-09-07,3298.453369140625,3365.014087351983,3298.453369140625,3335.4315459247127,231936700,3372.4091796875,3394.596435546875,3291.0576171875,3209.70556640625,3320.639990234375,3242.2462646484373,3401.99169921875
2022-09-08,3401.99169921875,3416.782967476223,3313.244089673913,3313.244089673913,250373200,3298.453369140625,3372.4091796875,3394.596435546875,3246.683349609375,3351.70166015625,3266.6518310546876,3409.38720703125
2022-09-09,3409.38720703125,3431.5741085954446,3379.8046716123235,3431.5741085954446,119286700,3401.99169921875,3298.453369140625,3372.4091796875,3291.0576171875,3375.367578125,3291.7969482421877,3372.4091796875
2022-09-12,3372.4091796875,3424.1786188493693,3372.4091796875,3409.387350517407,97988000,3409.38720703125,3401.99169921875,3298.453369140625,3394.596435546875,3370.930126953125,3314.723388671875,3387.200927734375
2022-09-13,3387.200927734375,3431.574739014738,3372.409657307587,3372.409657307587,141828800,3372.4091796875,3409.38720703125,3401.99169921875,3372.4091796875,3373.8884765625,3338.389453125,3387.200927734375
2022-09-14,3387.200927734375,3409.3878333745565,3335.4314812406183,3342.827116454012,149960600,3387.200927734375,3372.4091796875,3409.38720703125,3298.453369140625,3391.63798828125,3356.1389892578127,3409.38720703125
2022-09-15,3409.38720703125,3475.947911723834,3394.595939321787,3401.991573176518,295664100,3387.200927734375,3387.200927734375,3372.4091796875,3401.99169921875,3393.11708984375,3372.409375,3328.03564453125
2022-09-16,3328.03564453125,3416.78326171875,3328.03564453125,3409.387626953125,282492200,3409.38720703125,3387.200927734375,3387.200927734375,3409.38720703125,3376.84677734375,3376.107177734375,3379.804931640625
2022-09-19,3379.804931640625,3401.991834911789,3328.035490674576,3342.8267595220186,134432000,3328.03564453125,3409.38720703125,3387.200927734375,3372.4091796875,3378.325927734375,3374.62802734375,3320.6396484375
2022-09-20,3320.6396484375,3401.991622007238,3320.6396484375,3379.804720124582,138695500,3379.804931640625,3328.03564453125,3409.38720703125,3387.200927734375,3365.013671875,3369.45107421875,3365.013671875
2022-09-21,3365.013671875,3365.0136718749995,3305.8485963255494,3320.639865212912,159976900,3320.6396484375,3379.804931640625,3328.03564453125,3387.200927734375,3360.576220703125,3376.1071044921873,3372.4091796875
2022-09-22,3372.4091796875,3387.200448019463,3328.035374691612,3328.035374691612,100425300,3365.013671875,3320.6396484375,3379.804931640625,3409.38720703125,3353.180615234375,3373.1488525390623,3313.244140625
2022-09-23,3313.244140625,3372.4092145647323,3313.244140625,3357.617946079799,139074000,3372.4091796875,3365.013671875,3320.6396484375,3328.03564453125,3350.222314453125,3363.5345458984375,3357.617919921875
2022-09-26,3357.617919921875,3357.617919921875,3261.4746755188257,3313.2441148127755,280747500,3313.244140625,3372.4091796875,3365.013671875,3379.804931640625,3345.784912109375,3362.055419921875,3350.222412109375
2022-09-27,3350.222412109375,3365.0136810370104,3313.244239790288,3328.0355087179223,213704600,3357.617919921875,3313.244140625,3372.4091796875,3320.6396484375,3351.70146484375,3358.357568359375,3342.826904296875
2022-09-28,3342.826904296875,3372.409443272953,3313.2443653207965,3335.431269552855,161815300,3350.222412109375,3357.617919921875,3313.244140625,3365.013671875,3347.264111328125,3353.920166015625,3313.244140625
2022-09-29,3313.244140625,3357.617946079799,3298.452872140067,3342.826677594866,169368600,3342.826904296875,3350.222412109375,3357.617919921875,3372.4091796875,3335.431103515625,3344.305859375,3320.6396484375
2022-09-30,3320.6396484375,3335.4309163592707,3261.4745767504173,3291.0571125939587,224229200,3313.244140625,3342.826904296875,3350.222412109375,3313.244140625,3336.910205078125,3343.566259765625,3350.222412109375
2022-10-03,3350.222412109375,3365.0136810370104,3313.244239790288,3328.0355087179223,159559600,3320.6396484375,3313.244140625,3342.826904296875,3357.617919921875,3335.431103515625,3340.6080078125,3431.57470703125
2022-10-04,3431.57470703125,3438.970342175714,3372.409625875539,3372.409625875539,256367100,3350.222412109375,3320.6396484375,3313.244140625,3350.222412109375,3351.7015625,3351.701513671875,3357.617919921875
2022-10-05,3357.617919921875,3446.3655301400745,3357.617919921875,3446.3655301400745,182246200,3431.57470703125,3350.222412109375,3320.6396484375,3342.826904296875,3354.659765625,3350.9619384765624,3335.431396484375
2022-10-06,3335.431396484375,3379.8052066371606,3335.4313964843755,3357.618301560768,123346200,3357.617919921875,3431.57470703125,3350.222412109375,3313.244140625,3359.097216796875,3347.26416015625,3283.661865234375
2022-10-07,3283.661865234375,3320.64003939242,3276.266230402766,3313.244404560811,133678600,3335.431396484375,3357.617919921875,3431.57470703125,3320.6396484375,3351.70166015625,3344.3059326171874,3231.89208984375
2022-10-10,3231.89208984375,3276.265894280964,3209.705187625143,3268.870260208095,193923600,3283.661865234375,3335.431396484375,3357.617919921875,3350.222412109375,3328.035595703125,3331.733349609375,3276.26611328125
2022-10-11,3276.26611328125,3276.26611328125,3231.8923058778923,3246.6835750123446,133742200,3231.89208984375,3283.661865234375,3335.431396484375,3431.57470703125,3296.973876953125,3324.3377197265627,3254.079345703125
2022-10-12,3254.079345703125,3305.8487898393114,3254.079345703125,3305.8487898393114,128741800,3276.26611328125,3231.89208984375,3283.661865234375,3357.617919921875,3276.266162109375,3315.4629638671877,3217.10107421875
2022-10-13,3217.10107421875,3268.8705167923854,3217.10107421875,3246.683612832256,104269900,3254.079345703125,3276.26611328125,3231.89208984375,3335.431396484375,3252.60009765625,3305.8486572265624,3157.93603515625
2022-10-14,3157.93603515625,3246.6836520693064,3157.93603515625,3239.288017326552,180841100,3217.10107421875,3254.079345703125,3276.26611328125,3283.661865234375,3227.454931640625,3289.5782958984373,3180.123046875
2022-10-17,3180.123046875,3194.914316860465,3150.54050690407,3157.9361418968024,145506000,3157.93603515625,3217.10107421875,3254.079345703125,3231.89208984375,3217.101123046875,3272.568359375,3172.727294921875
2022-10-18,3172.727294921875,3209.705468522363,3165.331660201777,3165.331660201777,161444100,3180.123046875,3157.93603515625,3217.10107421875,3276.26611328125,3196.393359375,3246.6836181640624,3180.123046875
2022-10-19,3180.123046875,3209.70558684593,3165.331776889535,3165.331776889535,81682300,3172.727294921875,3180.123046875,3157.93603515625,3254.079345703125,3181.602099609375,3228.934130859375,3246.683349609375
2022-10-20,3246.683349609375,3254.0789836631548,3165.331375017796,3165.331375017796,149521700,3180.123046875,3172.727294921875,3180.123046875,3217.10107421875,3187.5185546875,3220.059326171875,3276.26611328125
2022-10-21,3276.26611328125,3298.453016982929,3224.496671310666,3224.496671310666,165052200,3246.683349609375,3180.123046875,3172.727294921875,3157.93603515625,3211.1845703125,3219.3197509765623,3328.03564453125
2022-10-24,3328.03564453125,3357.61818359375,3276.266201171875,3276.266201171875,186997700,3276.26611328125,3246.683349609375,3180.123046875,3180.123046875,3240.76708984375,3228.9341064453124,3394.596435546875
2022-10-25,3394.596435546875,3409.387705418539,3365.0138958035477,3372.409530739379,233948800,3328.03564453125,3276.26611328125,3246.683349609375,3172.727294921875,3285.14091796875,3240.767138671875,3350.222412109375
2022-10-26,3350.222412109375,3409.387487819916,3328.0355087179223,3401.9918533560985,178298500,3394.596435546875,3328.03564453125,3276.26611328125,3180.123046875,3319.160791015625,3250.3814453125,3401.99169921875
2022-10-27,3401.99169921875,3401.9916992187505,3350.222260317596,3365.013528575068,131385300,3350.222412109375,3394.596435546875,3328.03564453125,3246.683349609375,3350.2224609375,3268.8705078125,3424.178955078125
2022-10-28,3424.178955078125,3424.178955078125,3372.409510832884,3401.992050401593,227256400,3401.99169921875,3350.222412109375,3394.596435546875,3276.26611328125,3379.805029296875,3295.4947998046873,3438.970458984375
2022-10-31,3438.970458984375,3461.157365171371,3424.1791881930444,3424.1791881930444,275184000,3424.178955078125,3401.99169921875,3350.222412109375,3328.03564453125,3401.9919921875,3321.379541015625,3446.365478515625
2022-11-01,3446.365478515625,3475.9480148118964,3424.178576293421,3468.552380737829,230590200,3438.970458984375,3424.178955078125,3401.99169921875,3394.596435546875,3412.34580078125,3348.743359375,3409.38720703125
2022-11-02,3409.38720703125,3461.1566440143706,3379.8046716123235,3461.1566440143706,163816900,3446.365478515625,3438.970458984375,3424.178955078125,3350.222412109375,3424.178759765625,3371.669775390625,3438.970458984375
2022-11-03,3438.970458984375,3446.3660943800405,3394.5966466103832,3424.1791881930444,174423000,3409.38720703125,3446.365478515625,3438.970458984375,3401.99169921875,3431.57451171875,3390.898486328125,3438.970458984375
2022-11-04,3438.970458984375,3446.3660943800405,3409.387917401714,3438.9704589843755,85292300,3438.970458984375,3409.38720703125,3446.365478515625,3424.178955078125,3434.5328125,3407.1689208984376,3468.552490234375
2022-11-07,3468.552490234375,3468.552490234375,3409.387415774087,3438.9699530042312,112070500,3438.970458984375,3438.970458984375,3409.38720703125,3438.970458984375,3440.44921875,3421.22060546875,3416.783447265625
2022-11-08,3416.783447265625,3468.552893436316,3409.387812098383,3468.552893436316,80916300,3468.552490234375,3438.970458984375,3438.970458984375,3446.365478515625,3434.5328125,3423.439306640625,3438.970458984375
2022-11-09,3438.970458984375,3438.9704589843755,3401.9922820060488,3401.9922820060488,126493900,3416.783447265625,3468.552490234375,3438.970458984375,3409.38720703125,3440.449462890625,3432.314111328125,3350.222412109375
2022-11-10,3350.222412109375,3387.200584428463,3342.8267776455577,3372.409315500828,196277400,3438.970458984375,3416.783447265625,3468.552490234375,3438.970458984375,3422.699853515625,3427.1371826171876,3438.970458984375
2022-11-11,3438.970458984375,3438.9704589843755,3394.5966466103832,3416.78355279738,153238500,3350.222412109375,3438.970458984375,3416.783447265625,3438.970458984375,3422.699853515625,3428.6163330078125,3387.200927734375
2022-11-14,3387.200927734375,3431.574739014738,3365.014022094193,3416.78346858795,140187600,3438.970458984375,3350.222412109375,3438.970458984375,3468.552490234375,3406.429541015625,3423.4393798828123,3387.200927734375
2022-11-15,3387.200927734375,3409.3878333745565,3372.409657307587,3387.200927734375,87986300,3387.200927734375,3438.970458984375,3350.222412109375,3416.783447265625,3400.513037109375,3417.5229248046876,3342.826904296875
2022-11-16,3342.826904296875,3409.387616993052,3320.640000064816,3394.596347505012,245789200,3387.200927734375,3387.200927734375,3438.970458984375,3438.970458984375,3381.284326171875,3410.86689453125,3453.760986328125
2022-11-17,3453.760986328125,3453.760986328125,3328.035211665217,3342.8264792726177,214514600,3342.826904296875,3387.200927734375,3387.200927734375,3350.222412109375,3401.992041015625,3412.345947265625,3409.38720703125
2022-11-18,3409.38720703125,3461.1566440143706,3409.38720703125,3453.761010159639,105313200,3453.760986328125,3342.826904296875,3387.200927734375,3438.970458984375,3396.075390625,3409.3876220703123,3394.596435546875
2022-11-21,3394.596435546875,3424.1789752902027,3372.409530739379,3416.783340354371,82279300,3409.38720703125,3453.760986328125,3342.826904296875,3387.200927734375,3397.5544921875,3401.9920166015627,3394.596435546875
2022-11-22,3394.596435546875,3453.761515033531,3379.805165675211,3379.805165675211,154866000,3394.596435546875,3409.38720703125,3453.760986328125,3387.200927734375,3399.03359375,3399.7733154296875,3453.760986328125
2022-11-23,3453.760986328125,3453.760986328125,3424.1784511133237,3431.574084917024,147280600,3394.596435546875,3394.596435546875,3409.38720703125,3342.826904296875,3421.22041015625,3401.2523681640623,3490.7392578125
2022-11-24,3490.7392578125,3505.5305258540784,3453.761087708554,3475.9479897709216,156735700,3453.760986328125,3394.596435546875,3394.596435546875,3453.760986328125,3428.616064453125,3415.304052734375,3512.926513671875
2022-11-25,3512.926513671875,3512.926513671875,3468.5527050781247,3475.94833984375,177861100,3490.7392578125,3453.760986328125,3394.596435546875,3409.38720703125,3449.32392578125,3422.699658203125,3564.696044921875
2022-11-28,3564.696044921875,3572.091679869846,3498.1353303901387,3498.1353303901387,214611600,3512.926513671875,3490.7392578125,3453.760986328125,3394.596435546875,3483.34384765625,3440.449169921875,3586.8828125
2022-11-29,3586.8828125,3594.2784471649484,3542.5090045103093,3564.695908505155,184916300,3564.696044921875,3512.926513671875,3490.7392578125,3394.596435546875,3521.801123046875,3460.4173583984375,3683.02587890625
2022-11-30,3683.02587890625,3683.02587890625,3549.9044615963858,3557.300095891378,560639800,3586.8828125,3564.696044921875,3512.926513671875,3453.760986328125,3567.6541015625,3494.437255859375,3653.443603515625
2022-12-01,3653.443603515625,3716.3064995275336,3623.8610642159033,3697.8174124652073,267382600,3683.02587890625,3586.8828125,3564.696044921875,3490.7392578125,3600.194970703125,3514.405517578125,3616.4658203125
2022-12-02,3616.4658203125,3646.048362809944,3594.278913439417,3623.861455936861,199981400,3653.443603515625,3683.02587890625,3586.8828125,3512.926513671875,3620.90283203125,3535.11337890625,3616.4658203125
2022-12-05,3616.4658203125,3646.048362809944,3594.278913439417,3631.2570915612223,88463000,3616.4658203125,3653.443603515625,3683.02587890625,3564.696044921875,3631.256787109375,3557.3003173828124,3594.2783203125
2022-12-06,3594.2783203125,3616.4652235243057,3549.9045138888887,3594.2783203125,151325300,3616.4658203125,3616.4658203125,3653.443603515625,3586.8828125,3632.735888671875,3577.268505859375,3520.322021484375
2022-12-07,3520.322021484375,3579.487097475709,3505.5307524865416,3579.487097475709,253330100,3594.2783203125,3616.4658203125,3616.4658203125,3683.02587890625,3600.1951171875,3583.924609375,3579.487060546875
2022-12-08,3579.487060546875,3579.4870605468755,3483.3438130528475,3520.321985165935,154313900,3520.322021484375,3594.2783203125,3616.4658203125,3653.443603515625,3585.40380859375,3592.7993896484377,3549.904541015625
2022-12-09,3549.904541015625,3579.4870788574217,3520.322003173828,3572.0914443969727,203573100,3579.487060546875,3520.322021484375,3594.2783203125,3616.4658203125,3572.091552734375,3596.4971923828125,3586.8828125
2022-12-12,3586.8828125,3586.8828125,3520.322100515464,3549.9046391752577,139582400,3549.904541015625,3579.487060546875,3520.322021484375,3616.4658203125,3566.174951171875,3598.715869140625,3675.630126953125
2022-12-13,3675.630126953125,3683.025761011381,3579.4868841958,3601.673786370567,194233200,3586.8828125,3549.904541015625,3579.487060546875,3594.2783203125,3582.4453125,3607.5906005859374,3683.02587890625
2022-12-14,3683.02587890625,3697.817147496235,3601.673901661333,3697.817147496235,201275800,3675.630126953125,3586.8828125,3549.904541015625,3520.322021484375,3614.986083984375,3607.5906005859374,3631.2568359375
2022-12-15,3631.2568359375,3653.4437412487273,3609.069930626273,3623.8612008337577,170702300,3683.02587890625,3675.630126953125,3586.8828125,3579.487060546875,3625.3400390625,3605.371923828125,3683.02587890625
2022-12-16,3683.02587890625,3683.02587890625,3564.695730186371,3564.695730186371,594601900,3631.2568359375,3683.02587890625,3675.630126953125,3549.904541015625,3651.964306640625,3612.0279296875,3675.630126953125
2022-12-19,3675.630126953125,3683.025761011381,3638.651956661846,3675.630126953125,82959800,3683.02587890625,3631.2568359375,3683.02587890625,3586.8828125,3669.71376953125,3617.9443603515624,3631.2568359375
2022-12-20,3631.2568359375,3675.630646559954,3616.465565730016,3646.048106144985,78671600,3675.630126953125,3683.02587890625,3631.2568359375,3675.630126953125,3660.839111328125,3621.6422119140625,3616.4658203125
2022-12-21,3616.4658203125,3653.443998434305,3601.674549063778,3631.2570915612223,71277800,3631.2568359375,3675.630126953125,3683.02587890625,3683.02587890625,3647.527099609375,3631.256591796875,3668.234375
2022-12-22,3668.234375,3675.630008820565,3623.860572076613,3631.2562058971776,87321400,3616.4658203125,3631.2568359375,3675.630126953125,3631.2568359375,3654.922607421875,3640.1313232421876,3609.070068359375
2022-12-23,3609.070068359375,3653.4438806752687,3609.070068359375,3638.652609903304,53350600,3668.234375,3616.4658203125,3631.2568359375,3683.02587890625,3640.1314453125,3646.0478759765624,3646.0478515625
2022-12-26,3646.0478515625,3646.0478515625,3616.465313213109,3623.860947800456,43581100,3609.070068359375,3668.234375,3616.4658203125,3675.630126953125,3634.214990234375,3651.9643798828124,3601.674072265625
2022-12-27,3601.674072265625,3660.839149428099,3594.278437620316,3646.0478801374807,74123800,3646.0478515625,3609.070068359375,3668.234375,3631.2568359375,3628.2984375,3644.5687744140623,3564.696044921875
2022-12-28,3564.696044921875,3609.069854609699,3557.300409973904,3601.6742196617283,117912500,3601.674072265625,3646.0478515625,3609.070068359375,3616.4658203125,3617.944482421875,3632.735791015625,3601.674072265625
2022-12-29,3601.674072265625,3601.674072265625,3549.90462974846,3564.6958990390785,106690700,3564.696044921875,3601.674072265625,3646.0478515625,3668.234375,3604.632421875,3629.7775146484373,3653.443603515625
2022-12-30,3653.443603515625,3660.8392383405553,3601.674159741112,3601.674159741112,182091500,3601.674072265625,3564.696044921875,3601.674072265625,3609.070068359375,3613.50712890625,3626.819287109375,3601.674072265625
2023-01-02,3601.674072265625,3638.652245492172,3564.6958990390785,3631.2566108468623,100200100,3653.443603515625,3601.674072265625,3564.696044921875,3646.0478515625,3604.632373046875,3619.423681640625,3586.8828125
2023-01-03,3586.8828125,3623.8609858247423,3572.0915431701037,3572.0915431701037,95136500,3601.674072265625,3653.443603515625,3601.674072265625,3601.674072265625,3601.67412109375,3614.986279296875,3527.718017578125
2023-01-04,3527.718017578125,3586.8830996339425,3527.718017578125,3586.8830996339425,188071000,3586.8828125,3601.674072265625,3653.443603515625,3564.696044921875,3594.278515625,3606.1114990234373,3431.57470703125
2023-01-05,3431.57470703125,3520.322328764817,3379.805261020003,3512.926693620353,292142000,3527.718017578125,3586.8828125,3601.674072265625,3601.674072265625,3560.258642578125,3582.4455322265626,3416.783447265625
2023-01-06,3416.783447265625,3431.574717600108,3365.014001094933,3365.014001094933,175932000,3431.57470703125,3527.718017578125,3586.8828125,3653.443603515625,3512.926611328125,3563.2168701171877,3394.596435546875
2023-01-09,3394.596435546875,3431.574610226035,3365.0138958035477,3387.200800611043,166164900,3416.783447265625,3431.57470703125,3527.718017578125,3601.674072265625,3471.511083984375,3538.071728515625,3317.46337890625
2023-01-10,3317.46337890625,3422.30420803647,3302.4861176019326,3407.326946732153,282510000,3394.596435546875,3416.783447265625,3431.57470703125,3586.8828125,3417.627197265625,3509.6506591796874,3280.020263671875
2023-01-11,3280.020263671875,3317.46341736676,3265.043002193921,3302.4861558888056,211610100,3317.46337890625,3394.596435546875,3416.783447265625,3527.718017578125,3368.087646484375,3481.1830810546876,3369.8837890625
2023-01-12,3369.8837890625,3384.8610503472223,3302.4861132812503,3354.906527777778,210887800,3280.020263671875,3317.46337890625,3394.596435546875,3431.57470703125,3355.749462890625,3458.004052734375,3354.90625
2023-01-13,3354.90625,3392.349400111608,3309.974469866072,3377.372140066964,134592100,3369.8837890625,3280.020263671875,3317.46337890625,3416.783447265625,3343.3740234375,3428.1503173828123,3384.861328125
2023-01-16,3384.861328125,3392.349959381914,3309.975015555863,3317.4636468127765,172170900,3354.90625,3369.8837890625,3280.020263671875,3394.596435546875,3341.427001953125,3406.46904296875,3414.815673828125
2023-01-17,3414.815673828125,3429.792935555441,3377.372519509834,3384.8611503734924,150577400,3384.861328125,3354.90625,3369.8837890625,3317.46337890625,3360.8974609375,3389.2623291015625,3444.77001953125
2023-01-18,3444.77001953125,3459.7472804857334,3414.8154976222827,3414.8154976222827,178026000,3414.815673828125,3384.861328125,3354.90625,3280.020263671875,3393.847412109375,3380.967529296875,3452.258544921875
2023-01-19,3452.258544921875,3467.2358054204515,3429.7926541740103,3437.2812844232985,117204100,3444.77001953125,3414.815673828125,3384.861328125,3369.8837890625,3410.32236328125,3383.0359130859374,3482.2138671875
2023-01-20,3482.2138671875,3497.1911311323925,3459.747971270161,3467.2366032426075,116038300,3452.258544921875,3444.77001953125,3414.815673828125,3354.90625,3435.78388671875,3389.578955078125,3459.747802734375
2023-01-24,3459.747802734375,3504.679592380276,3437.2819079114247,3489.702329164976,81964700,3482.2138671875,3452.258544921875,3444.77001953125,3384.861328125,3450.761181640625,3396.094091796875,3414.815673828125
2023-01-25,3414.815673828125,3459.747459010074,3407.3270429644667,3459.747459010074,84009300,3459.747802734375,3482.2138671875,3452.258544921875,3414.815673828125,3450.761181640625,3405.8293212890626,3437.28173828125
2023-01-26,3437.28173828125,3459.7476319955067,3407.3272133289083,3414.8158445669937,113840400,3414.815673828125,3459.747802734375,3482.2138671875,3444.77001953125,3449.263525390625,3421.55546875,3474.72509765625
2023-01-27,3474.72509765625,3504.679624360183,3444.7705709523166,3444.7705709523166,178282600,3437.28173828125,3414.815673828125,3459.747802734375,3452.258544921875,3453.7568359375,3432.039599609375,3452.258544921875
2023-01-30,3452.258544921875,3504.6789566668926,3422.304023924722,3482.213065919028,185972400,3474.72509765625,3437.28173828125,3414.815673828125,3482.2138671875,3447.765771484375,3441.7748291015623,3429.79345703125
2023-01-31,3429.79345703125,3459.7479850402565,3422.304825028998,3452.259353038005,280039200,3452.258544921875,3474.72509765625,3437.28173828125,3459.747802734375,3441.77490234375,3446.2680419921876,3504.678955078125
2023-02-01,3504.678955078125,3512.1675853240185,3459.7471736027646,3467.2358038486577,181849300,3429.79345703125,3452.258544921875,3474.72509765625,3414.815673828125,3459.74755859375,3455.2543701171876,3444.77001953125
2023-02-02,3444.77001953125,3504.6790633491846,3444.77001953125,3482.213171917459,145413400,3504.678955078125,3429.79345703125,3452.258544921875,3437.28173828125,3461.24521484375,3455.2543701171876,3557.099609375
2023-02-03,3557.099609375,3579.565501644737,3467.236040296053,3482.213301809211,198479900,3444.77001953125,3504.678955078125,3429.79345703125,3474.72509765625,3477.7201171875,3465.7384765625,3549.61083984375
2023-02-06,3549.61083984375,3602.031253090388,3504.679057060918,3579.565361698972,141366300,3557.099609375,3444.77001953125,3504.678955078125,3452.258544921875,3497.190576171875,3472.478173828125,3557.099609375
2023-02-07,3557.099609375,3587.054132401316,3534.6337171052637,3549.610978618421,140923100,3549.61083984375,3557.099609375,3444.77001953125,3429.79345703125,3522.651806640625,3482.2133544921876,3587.053955078125
2023-02-08,3587.053955078125,3587.053955078125,3527.14491198705,3527.14491198705,168599500,3557.099609375,3549.61083984375,3557.099609375,3504.678955078125,3539.126806640625,3499.4371826171873,3602.031494140625
2023-02-09,3602.031494140625,3624.497387035473,3572.076970280828,3587.0542322107262,177400700,3587.053955078125,3557.099609375,3549.61083984375,3444.77001953125,3570.5791015625,3515.912158203125,3639.474365234375
2023-02-10,3639.474365234375,3654.4516259966567,3572.076691804109,3624.4971044720937,181146600,3602.031494140625,3587.053955078125,3557.099609375,3557.099609375,3587.054052734375,3532.3870849609375,3594.54296875
2023-02-13,3594.54296875,3669.429280598958,3594.54296875,3669.429280598958,144569400,3639.474365234375,3602.031494140625,3587.053955078125,3549.61083984375,3596.040478515625,3546.61552734375,3646.963134765625
2023-02-14,3646.963134765625,3646.963134765625,3602.031350764406,3609.519981431276,120995200,3594.54296875,3639.474365234375,3602.031494140625,3557.099609375,3614.01318359375,3568.3324951171876,3646.963134765625
2023-02-15,3646.963134765625,3661.940396099365,3602.031350764406,3661.940396099365,84568100,3646.963134765625,3594.54296875,3639.474365234375,3587.053955078125,3625.99501953125,3582.5609130859375,3646.963134765625
2023-02-16,3646.963134765625,3661.940396099365,3631.9858734318855,3661.940396099365,69966200,3646.963134765625,3646.963134765625,3594.54296875,3602.031494140625,3634.98134765625,3602.780224609375,3654.451904296875
2023-02-17,3654.451904296875,3661.940535248303,3617.008749539735,3661.940535248303,104019300,3646.963134765625,3646.963134765625,3646.963134765625,3639.474365234375,3637.97685546875,3612.5154541015627,3654.451904296875
2023-02-20,3654.451904296875,3669.429166199731,3624.497380491163,3669.429166199731,88432500,3654.451904296875,3646.963134765625,3646.963134765625,3594.54296875,3649.958642578125,3622.999560546875,3609.520263671875
2023-02-21,3609.520263671875,3654.452051186463,3609.520263671875,3654.452051186463,59319100,3654.451904296875,3654.451904296875,3646.963134765625,3646.963134765625,3642.470068359375,3628.2416259765623,3564.588134765625
2023-02-22,3564.588134765625,3602.0312874417345,3542.1222431599595,3587.054026371291,107327900,3609.520263671875,3654.451904296875,3654.451904296875,3646.963134765625,3625.995068359375,3625.9950439453123,3594.54296875
2023-02-23,3594.54296875,3602.031599934896,3542.122550455729,3602.031599934896,139144500,3564.588134765625,3609.520263671875,3654.451904296875,3646.963134765625,3615.51103515625,3625.24619140625,3564.588134765625
2023-02-24,3564.588134765625,3624.497179047401,3564.588134765625,3594.542656906513,46409300,3594.54296875,3564.588134765625,3609.520263671875,3654.451904296875,3597.53828125,3617.757568359375,3602.031494140625
2023-02-27,3602.031494140625,3602.031494140625,3564.5883393158783,3579.565601245777,89918800,3564.588134765625,3594.54296875,3564.588134765625,3654.451904296875,3587.05419921875,3618.5064208984377,3497.1904296875
2023-02-28,3497.1904296875,3587.053995332575,3497.1904296875,3564.5881039213064,273125500,3602.031494140625,3564.588134765625,3594.54296875,3609.520263671875,3564.588232421875,3603.529150390625,3534.633544921875
2023-03-01,3534.633544921875,3557.0994360972263,3519.656284138308,3542.1221753136588,115578600,3497.1904296875,3602.031494140625,3564.588134765625,3564.588134765625,3558.597314453125,3592.29619140625,3579.5654296875
2023-03-02,3579.5654296875,3579.5654296875,3534.6336460512557,3557.0995378693774,59377900,3534.633544921875,3497.1904296875,3602.031494140625,3594.54296875,3555.601806640625,3585.5564208984374,3564.588134765625
2023-03-03,3564.588134765625,3594.542656906513,3542.1222431599595,3594.542656906513,84777000,3579.5654296875,3534.633544921875,3497.1904296875,3564.588134765625,3555.601806640625,3576.5700439453126,3587.053955078125
2023-03-06,3587.053955078125,3594.5425854645096,3579.565324691741,3587.053955078125,78292000,3564.588134765625,3579.5654296875,3534.633544921875,3602.031494140625,3552.606298828125,3569.8302490234373,3624.497314453125
2023-03-07,3624.497314453125,3631.985945268111,3572.0768987482243,3572.0768987482243,111953700,3587.053955078125,3564.588134765625,3579.5654296875,3497.1904296875,3578.06767578125,3571.3279541015627,3624.497314453125
2023-03-08,3624.497314453125,3631.985945268111,3609.520052823153,3631.985945268111,125766100,3624.497314453125,3587.053955078125,3564.588134765625,3534.633544921875,3596.0404296875,3577.3188720703124,3602.031494140625
2023-03-09,3602.031494140625,3646.963279930321,3602.031494140625,3639.474648965372,79549800,3624.497314453125,3624.497314453125,3587.053955078125,3579.5654296875,3600.533642578125,3578.067724609375,3609.520263671875
2023-03-10,3609.520263671875,3617.0088949243054,3594.5430011670123,3609.520263671875,125140500,3602.031494140625,3624.497314453125,3624.497314453125,3564.588134765625,3609.520068359375,3582.5609375,3617.009033203125
2023-03-13,3617.009033203125,3646.963559358017,3572.077243970788,3602.0317701256795,106769300,3609.520263671875,3602.031494140625,3624.497314453125,3587.053955078125,3615.511083984375,3584.05869140625,3527.1455078125
2023-03-14,3527.1455078125,3587.0545610237527,3512.168244509687,3572.0772977209394,192444400,3617.009033203125,3609.520263671875,3602.031494140625,3624.497314453125,3596.04072265625,3587.05419921875,3519.656494140625
2023-03-15,3519.656494140625,3572.076910010805,3519.656494140625,3564.5882791722074,107761200,3527.1455078125,3617.009033203125,3609.520263671875,3624.497314453125,3575.07255859375,3585.556494140625,3542.122314453125
2023-03-16,3542.122314453125,3557.09957582502,3474.7246382795984,3519.656422395283,155984500,3519.656494140625,3527.1455078125,3617.009033203125,3602.031494140625,3563.09072265625,3581.8121826171873,3669.42919921875
2023-03-17,3669.42919921875,3669.4291992187495,3557.099733936543,3572.0769959741706,267753300,3542.122314453125,3519.656494140625,3527.1455078125,3609.520263671875,3575.072509765625,3592.2962890625,3654.451904296875
2023-03-20,3654.451904296875,3654.451904296875,3609.520118588307,3624.497380491163,113829400,3669.42919921875,3542.122314453125,3519.656494140625,3617.009033203125,3582.561083984375,3599.036083984375,3669.42919921875
2023-03-21,3669.42919921875,3684.4064612563775,3624.497413105867,3646.963306162309,214639300,3654.451904296875,3669.42919921875,3542.122314453125,3527.1455078125,3611.017822265625,3603.5292724609376,3748.984375
2023-03-24,3748.984375,3788.281905136269,3709.686844863732,3733.2653629454926,266103900,3669.42919921875,3654.451904296875,3669.42919921875,3519.656494140625,3656.8833984375,3615.977978515625,3725.405517578125
2023-03-27,3725.405517578125,3764.703044134857,3709.686506955432,3733.2650228894713,144925200,3748.984375,3669.42919921875,3654.451904296875,3542.122314453125,3693.5400390625,3628.315380859375,3748.984375
2023-03-28,3748.984375,3756.8438810272537,3725.405856918239,3725.405856918239,105217100,3725.405517578125,3748.984375,3669.42919921875,3669.42919921875,3709.45107421875,3642.2617919921877,3780.42236328125
2023-03-29,3780.42236328125,3788.2818692340174,3748.9843394701793,3772.562857328482,141800500,3748.984375,3725.405517578125,3748.984375,3654.451904296875,3734.645166015625,3658.603125,3733.26513671875
2023-03-30,3733.26513671875,3780.422170024671,3725.4056311677623,3780.422170024671,98847200,3780.42236328125,3748.984375,3725.405517578125,3669.42919921875,3747.412353515625,3679.215087890625,3717.5458984375
2023-03-31,3717.5458984375,3733.264908578885,3701.826888296115,3717.5458984375,161561800,3733.26513671875,3780.42236328125,3748.984375,3748.984375,3741.124658203125,3699.0040283203125,3772.562744140625
2023-04-03,3772.562744140625,3772.562744140625,3741.124721272786,3748.984226989746,133511700,3717.5458984375,3733.26513671875,3780.42236328125,3725.405517578125,3750.556103515625,3722.0480712890626,3788.28173828125
2023-04-04,3788.28173828125,3788.28173828125,3741.124704194761,3772.562726919087,88097800,3772.562744140625,3717.5458984375,3733.26513671875,3748.984375,3758.415576171875,3733.9333251953126,3796.141357421875
2023-04-05,3796.141357421875,3835.438887001812,3772.5628396739135,3780.422345589901,119316500,3788.28173828125,3772.562744140625,3717.5458984375,3780.42236328125,3761.559375,3748.1022705078126,3804.00048828125
2023-04-06,3804.00048828125,3819.719498563404,3788.281477999096,3819.719498563404,88012300,3796.141357421875,3788.28173828125,3772.562744140625,3733.26513671875,3775.7064453125,3761.5593994140627,3819.719482421875
2023-04-10,3819.719482421875,3819.719482421875,3788.281461990419,3819.719482421875,58886800,3804.00048828125,3796.141357421875,3788.28173828125,3717.5458984375,3796.141162109375,3768.63291015625,3835.43896484375
2023-04-11,3835.43896484375,3843.298470919249,3796.141434466252,3819.719952692751,67275600,3819.719482421875,3804.00048828125,3796.141357421875,3772.562744140625,3808.71640625,3779.6362548828124,3874.736083984375
2023-04-12,3874.736083984375,3890.45509446707,3843.298063018985,3890.45509446707,194839900,3835.43896484375,3819.719482421875,3804.00048828125,3788.28173828125,3826.007275390625,3792.21142578125,3914.033935546875
2023-04-13,3914.033935546875,3929.75294733622,3874.7364060735126,3890.455417862857,141279800,3874.736083984375,3835.43896484375,3819.719482421875,3796.141357421875,3849.585791015625,3805.5725830078127,3988.698974609375
2023-04-14,3988.698974609375,4008.347738031097,3929.752684344212,3969.0502111876544,190097200,3914.033935546875,3874.736083984375,3835.43896484375,3804.00048828125,3886.52548828125,3831.115966796875,3921.89306640625
2023-04-17,3921.89306640625,3988.698860122589,3898.314550976954,3988.698860122589,121231300,3988.698974609375,3914.033935546875,3874.736083984375,3819.719482421875,3906.960205078125,3851.55068359375,3890.455322265625
2023-04-18,3890.455322265625,3949.4016150272255,3890.455322265625,3921.893345071812,95747700,3921.89306640625,3988.698974609375,3914.033935546875,3835.43896484375,3917.9634765625,3863.33994140625,3949.4013671875
2023-04-26,3949.4013671875,4047.645182291667,3874.736067708333,4047.645182291667,273336000,3890.455322265625,3921.89306640625,3988.698974609375,3874.736083984375,3932.896533203125,3879.451904296875,4047.64501953125
2023-04-27,4047.64501953125,4047.64501953125,3921.892941254551,3921.892941254551,125947200,3949.4013671875,3890.455322265625,3921.89306640625,3914.033935546875,3959.61875,3904.6022705078126,4008.34814453125
2023-04-28,4008.34814453125,4145.889502431833,4008.3481445312505,4067.294440774357,251912000,4047.64501953125,3949.4013671875,3890.455322265625,3988.698974609375,3963.548583984375,3925.0370361328123,4047.64501953125
2023-05-02,4047.64501953125,4067.293781761984,3969.049970608313,4067.293781761984,84246100,4008.34814453125,4047.64501953125,3949.4013671875,3921.89306640625,3988.698974609375,3947.82958984375,4008.34814453125
2023-05-03,4008.34814453125,4106.591971603095,3969.0506137025127,4106.591971603095,183524700,4047.64501953125,4008.34814453125,4047.64501953125,3890.455322265625,4012.2775390625,3965.1205078125,4047.64501953125
2023-05-04,4047.64501953125,4067.293781761984,3988.698732839048,4047.64501953125,140482000,4008.34814453125,4047.64501953125,4008.34814453125,3949.4013671875,4031.92626953125,3982.4114013671874,4106.591796875
2023-05-05,4106.591796875,4126.240561453349,4027.996738561603,4106.591796875,182599600,4047.64501953125,4008.34814453125,4047.64501953125,4047.64501953125,4043.715625,4001.6671875,4008.34814453125
2023-05-08,4008.34814453125,4126.240737017463,3969.0506137025127,4126.240737017463,107804200,4106.591796875,4047.64501953125,4008.34814453125,4008.34814453125,4043.715625,4003.6321044921874,4027.996826171875
2023-05-09,4027.996826171875,4027.996826171876,3949.401766149009,3969.050531154726,102987300,4008.34814453125,4106.591796875,4047.64501953125,4047.64501953125,4039.785986328125,4014.24248046875,4047.64501953125
2023-05-10,4047.64501953125,4047.64501953125,3969.049970608313,3988.698732839048,108369600,4027.996826171875,4008.34814453125,4106.591796875,4008.34814453125,4047.645361328125,4029.9614501953124,4047.64501953125
2023-05-11,4047.64501953125,4067.293781761984,4008.347495069781,4067.293781761984,85618800,4047.64501953125,4027.996826171875,4008.34814453125,4047.64501953125,4047.645361328125,4039.7858154296873,4047.64501953125
2023-05-12,4047.64501953125,4067.293781761984,4008.347495069781,4008.347495069781,92625800,4047.64501953125,4047.64501953125,4027.996826171875,4106.591796875,4035.856005859375,4039.7858154296873,4047.64501953125
2023-05-15,4047.64501953125,4067.293781761984,3949.4012083775783,4047.64501953125,163732600,4047.64501953125,4047.64501953125,4047.64501953125,4008.34814453125,4043.715380859375,4043.7155029296873,4086.942626953125
2023-05-16,4086.942626953125,4086.942626953125,4008.347576434795,4067.2938643235434,73611200,4047.64501953125,4047.64501953125,4047.64501953125,4027.996826171875,4055.504541015625,4047.645263671875,4086.942626953125
2023-05-17,4086.942626953125,4126.240152212289,4067.2938643235434,4126.240152212289,115834500,4086.942626953125,4047.64501953125,4047.64501953125,4047.64501953125,4063.3640625,4055.5047119140627,4244.13330078125
2023-05-19,4244.13330078125,4283.43083134404,4086.9431785300926,4106.591943811487,185672200,4086.942626953125,4086.942626953125,4047.64501953125,4047.64501953125,4102.66171875,4075.1535400390626,4263.78173828125
2023-05-22,4263.78173828125,4322.728029593894,4165.537919426844,4165.537919426844,162655900,4244.13330078125,4086.942626953125,4086.942626953125,4047.64501953125,4145.8890625,4090.8725341796876,4322.72802734375
2023-05-23,4322.72802734375,4401.323082386363,4303.079263583097,4303.079263583097,255251600,4263.78173828125,4244.13330078125,4086.942626953125,4047.64501953125,4200.9056640625,4122.310522460937,4401.3232421875
2023-05-24,4401.3232421875,4401.3232421875,4283.430655343192,4342.376948765346,187436100,4322.72802734375,4263.78173828125,4244.13330078125,4086.942626953125,4263.781787109375,4159.6431640625,4303.0791015625
2023-05-25,4303.0791015625,4381.674153645834,4283.430338541667,4322.727864583334,224391900,4401.3232421875,4322.72802734375,4263.78173828125,4086.942626953125,4307.00908203125,4185.186572265625,4401.3232421875
2023-05-26,4401.3232421875,4401.3232421875,4263.781890869141,4263.781890869141,154003100,4303.0791015625,4401.3232421875,4322.72802734375,4244.13330078125,4338.4470703125,4220.55439453125,4362.02587890625
2023-05-29,4362.02587890625,4420.972174567145,4303.079583245354,4401.323409346846,125049100,4401.3232421875,4303.0791015625,4401.3232421875,4263.78173828125,4358.0958984375,4251.99248046875,4322.72802734375
2023-05-30,4322.72802734375,4401.323082386363,4322.72802734375,4322.72802734375,67363200,4362.02587890625,4401.3232421875,4303.0791015625,4322.72802734375,4358.0958984375,4279.50078125,4381.67431640625
2023-05-31,4381.67431640625,4381.67431640625,4224.484206400645,4381.67431640625,898453700,4322.72802734375,4362.02587890625,4401.3232421875,4401.3232421875,4354.16611328125,4308.973950195313,4263.78173828125
2023-06-05,4263.78173828125,4401.32308467742,4263.78173828125,4401.32308467742,255472600,4381.67431640625,4322.72802734375,4362.02587890625,4303.0791015625,4346.306640625,4326.657861328125,4283.43017578125
2023-06-06,4283.43017578125,4322.727700329702,4204.8351266843465,4244.132651232798,92019300,4263.78173828125,4381.67431640625,4322.72802734375,4401.3232421875,4322.72802734375,4330.587548828125,4244.13330078125
2023-06-07,4244.13330078125,4303.079596625434,4204.83577021846,4303.079596625434,150377000,4283.43017578125,4263.78173828125,4381.67431640625,4362.02587890625,4299.14951171875,4328.622705078125,4303.0791015625
2023-06-08,4303.0791015625,4303.0791015625,4204.835286458334,4224.484049479167,92794100,4244.13330078125,4283.43017578125,4263.78173828125,4322.72802734375,4295.2197265625,4326.6578125,4263.78173828125
2023-06-09,4263.78173828125,4283.430502052132,4224.484210739487,4263.78173828125,77251000,4303.0791015625,4244.13330078125,4283.43017578125,4381.67431640625,4271.6412109375,4312.903662109375,4244.13330078125
2023-06-12,4244.13330078125,4244.13330078125,4224.484535499855,4244.13330078125,92314200,4263.78173828125,4303.0791015625,4244.13330078125,4263.78173828125,4267.7115234375,4307.00908203125,4362.02587890625
2023-06-13,4362.02587890625,4362.02587890625,4244.133287584459,4244.133287584459,108831400,4244.13330078125,4263.78173828125,4303.0791015625,4283.43017578125,4283.4306640625,4303.079345703125,4362.02587890625
2023-06-14,4362.02587890625,4381.674644126549,4303.079583245354,4381.674644126549,79137600,4362.02587890625,4244.13330078125,4263.78173828125,4244.13330078125,4307.0091796875,4303.079345703125,4342.37646484375
2023-06-15,4342.37646484375,4342.37646484375,4283.430177990667,4303.078940275029,74388400,4362.02587890625,4362.02587890625,4244.13330078125,4303.0791015625,4314.86865234375,4305.044189453125,4362.02587890625
2023-06-16,4362.02587890625,4362.02587890625,4244.133287584459,4303.079583245354,189062600,4342.37646484375,4362.02587890625,4362.02587890625,4263.78173828125,4334.51748046875,4303.079345703125,4342.37646484375
2023-06-19,4342.37646484375,4342.37646484375,4283.430177990667,4322.727702559389,55144200,4362.02587890625,4342.37646484375,4362.02587890625,4244.13330078125,4354.16611328125,4310.938818359375,4362.02587890625
2023-06-20,4362.02587890625,4362.02587890625,4303.079583245354,4303.079583245354,102926800,4342.37646484375,4362.02587890625,4342.37646484375,4362.02587890625,4354.16611328125,4318.798388671875,4381.67431640625
2023-06-21,4381.67431640625,4381.67431640625,4322.728025154148,4322.728025154148,84605400,4362.02587890625,4342.37646484375,4362.02587890625,4362.02587890625,4358.09580078125,4332.552490234375,4303.0791015625
2023-06-22,4303.0791015625,4401.322916666667,4303.0791015625,4362.025390625,94143200,4381.67431640625,4362.02587890625,4342.37646484375,4342.37646484375,4350.236328125,4332.552490234375,4244.13330078125
2023-06-23,4244.13330078125,4303.079596625434,4244.13330078125,4263.782066062645,123350300,4303.0791015625,4381.67431640625,4362.02587890625,4362.02587890625,4326.6578125,4330.587646484375,4283.43017578125
2023-06-26,4283.43017578125,4303.078938055476,4224.483888958573,4263.781413507024,85472100,4244.13330078125,4303.0791015625,4381.67431640625,4342.37646484375,4314.8685546875,4334.517333984375,4263.78173828125
2023-06-27,4263.78173828125,4322.728029593894,4263.78173828125,4283.430502052132,110716500,4283.43017578125,4244.13330078125,4303.0791015625,4362.02587890625,4295.2197265625,4324.692919921875,4303.0791015625
2023-07-03,4303.0791015625,4362.025390625,4283.430338541667,4322.727864583334,168559800,4263.78173828125,4283.43017578125,4244.13330078125,4381.67431640625,4279.50068359375,4318.7982421875,4283.43017578125
2023-07-04,4283.43017578125,4322.727700329702,4263.781413507024,4322.727700329702,94462600,4303.0791015625,4263.78173828125,4283.43017578125,4303.0791015625,4275.5708984375,4312.90361328125,4283.43017578125
2023-07-05,4283.43017578125,4283.43017578125,4244.132651232798,4244.132651232798,109632800,4283.43017578125,4303.0791015625,4263.78173828125,4244.13330078125,4283.4302734375,4305.04404296875,4263.78173828125
2023-07-06,4263.78173828125,4303.079265823013,4244.1329745103685,4283.430502052132,109446200,4283.43017578125,4283.43017578125,4303.0791015625,4283.43017578125,4279.5005859375,4297.1845703125,4224.484375
2023-07-07,4224.484375,4263.781904069767,4224.484375,4244.133139534883,114043800,4263.78173828125,4283.43017578125,4283.43017578125,4263.78173828125,4271.64111328125,4283.430419921875,4244.13330078125
2023-07-10,4244.13330078125,4322.7283619068285,4244.13330078125,4263.782066062645,78972100,4224.484375,4263.78173828125,4283.43017578125,4303.0791015625,4259.851953125,4269.676318359375,4263.78173828125
2023-07-11,4263.78173828125,4283.430502052132,4224.484210739487,4224.484210739487,122094700,4244.13330078125,4224.484375,4263.78173828125,4283.43017578125,4255.922265625,4265.74658203125,4283.43017578125
2023-07-12,4283.43017578125,4303.078938055476,4263.781413507024,4283.43017578125,104993700,4263.78173828125,4244.13330078125,4224.484375,4283.43017578125,4255.922265625,4269.67626953125,4283.43017578125
2023-07-13,4283.43017578125,4303.078938055476,4263.781413507024,4263.781413507024,134905700,4283.43017578125,4263.78173828125,4244.13330078125,4263.78173828125,4259.851953125,4269.67626953125,4342.37646484375
2023-07-14,4342.37646484375,4342.37646484375,4263.781415706307,4283.430177990667,127814200,4283.43017578125,4283.43017578125,4263.78173828125,4224.484375,4283.43037109375,4277.5357421875,4381.67431640625
2023-07-17,4381.67431640625,4420.971843907651,4342.376788904849,4362.025552655549,166951300,4342.37646484375,4283.43017578125,4283.43017578125,4244.13330078125,4310.93857421875,4285.395263671875,4420.97216796875
2023-07-18,4420.97216796875,4479.918463541667,4401.323402777778,4420.97216796875,120810300,4381.67431640625,4342.37646484375,4283.43017578125,4263.78173828125,4342.37666015625,4299.149462890625,4420.97216796875
2023-07-20,4420.97216796875,4440.620933159722,4362.025872395833,4381.674637586806,111117300,4420.97216796875,4381.67431640625,4342.37646484375,4283.43017578125,4369.88505859375,4312.903662109375,4420.97216796875
2023-07-21,4420.97216796875,4420.97216796875,4381.674637586806,4401.323402777778,63094600,4420.97216796875,4420.97216796875,4381.67431640625,4283.43017578125,4397.39345703125,4328.622705078125,4401.3232421875
2023-07-24,4401.3232421875,4440.620771135603,4401.3232421875,4401.3232421875,62962500,4420.97216796875,4420.97216796875,4420.97216796875,4342.37646484375,4409.1828125,4346.306591796875,4440.62109375
2023-07-25,4440.62109375,4479.918625553098,4420.972327848452,4420.972327848452,111248100,4401.3232421875,4420.97216796875,4420.97216796875,4381.67431640625,4420.97216796875,4365.95537109375,4460.26953125
2023-07-26,4460.26953125,4479.918295704846,4440.620766795154,4479.918295704846,76200300,4440.62109375,4401.3232421875,4420.97216796875,4420.97216796875,4428.831640625,4385.604150390625,4440.62109375
2023-07-27,4440.62109375,4519.216157356195,4440.62109375,4460.269859651549,109859200,4460.26953125,4440.62109375,4401.3232421875,4420.97216796875,4432.76142578125,4401.3232421875,4479.91796875
2023-07-28,4479.91796875,4479.91796875,4420.9716796875,4420.9716796875,74036700,4440.62109375,4460.26953125,4440.62109375,4420.97216796875,4444.5505859375,4420.972021484375,4440.62109375
2023-07-31,4440.62109375,4479.918625553098,4440.62109375,4479.918625553098,186727400,4479.91796875,4440.62109375,4460.26953125,4401.3232421875,4452.41015625,4430.796484375,4479.91796875
2023-08-01,4479.91796875,4519.215494791667,4440.620442708334,4440.620442708334,100137500,4440.62109375,4479.91796875,4440.62109375,4440.62109375,4460.26953125,4440.620849609375,4479.91796875
2023-08-02,4479.91796875,4499.566731770834,4440.620442708334,4440.620442708334,90611300,4479.91796875,4440.62109375,4479.91796875,4460.26953125,4464.19921875,4446.5154296875,4479.91796875
2023-08-03,4479.91796875,4519.215494791667,4440.620442708334,4460.269205729167,82775000,4479.91796875,4479.91796875,4440.62109375,4440.62109375,4472.05859375,4452.410009765625,4381.67431640625
2023-08-04,4381.67431640625,4499.566898910454,4381.67431640625,4479.918135159754,150738500,4479.91796875,4479.91796875,4479.91796875,4479.91796875,4452.40986328125,4448.480224609375,4479.91796875
2023-08-07,4479.91796875,4499.566731770834,4381.674153645834,4401.322916666667,88104900,4381.67431640625,4479.91796875,4479.91796875,4440.62109375,4460.26923828125,4456.339697265625,4420.97216796875
2023-08-08,4420.97216796875,4519.215993923612,4401.323402777778,4479.918463541667,89189600,4479.91796875,4381.67431640625,4479.91796875,4479.91796875,4448.480078125,4454.3748046875,4479.91796875
2023-08-09,4479.91796875,4499.566731770834,4420.9716796875,4440.620442708334,91930000,4420.97216796875,4479.91796875,4381.67431640625,4479.91796875,4448.480078125,4456.3396484375,4479.91796875
2023-08-10,4479.91796875,4499.566731770834,4460.269205729167,4460.269205729167,85474200,4479.91796875,4420.97216796875,4479.91796875,4479.91796875,4448.480078125,4460.2693359375,4440.62109375
2023-08-11,4440.62109375,4479.918625553098,4440.62109375,4460.269859651549,74321000,4479.91796875,4479.91796875,4420.97216796875,4381.67431640625,4460.26943359375,4456.3396484375,4440.62109375
2023-08-14,4440.62109375,4460.269859651549,4381.674796045354,4440.62109375,127358400,4440.62109375,4479.91796875,4479.91796875,4479.91796875,4452.41005859375,4456.3396484375,4381.67431640625
2023-08-15,4381.67431640625,4460.269371409053,4381.67431640625,4440.620607658352,89597300,4440.62109375,4440.62109375,4479.91796875,4420.97216796875,4444.55048828125,4446.515283203125,4342.37646484375
2023-08-16,4342.37646484375,4381.673989412472,4283.430177990667,4362.025227128111,188191900,4381.67431640625,4440.62109375,4440.62109375,4479.91796875,4417.0421875,4432.7611328125,4381.67431640625
2023-08-18,4381.67431640625,4401.323080156951,4322.728025154148,4322.728025154148,121561200,4342.37646484375,4381.67431640625,4440.62109375,4479.91796875,4397.39345703125,4422.936767578125,4322.72802734375
2023-08-21,4322.72802734375,4381.67431862571,4322.72802734375,4362.025554865057,91640000,4381.67431640625,4342.37646484375,4381.67431640625,4440.62109375,4373.81484375,4417.042138671875,4381.67431640625
2023-08-22,4381.67431640625,4420.971843907651,4322.728025154148,4322.728025154148,101221500,4322.72802734375,4381.67431640625,4342.37646484375,4440.62109375,4362.02548828125,4407.2177734375,4401.3232421875
2023-08-23,4401.3232421875,4420.972006661551,4381.674477713448,4401.3232421875,78686900,4381.67431640625,4322.72802734375,4381.67431640625,4381.67431640625,4365.9552734375,4405.252880859375,4362.02587890625
2023-08-24,4362.02587890625,4420.972174567145,4362.02587890625,4420.972174567145,74407500,4401.3232421875,4381.67431640625,4322.72802734375,4342.37646484375,4369.88515625,4393.463671875,4401.3232421875
2023-08-25,4401.3232421875,4401.3232421875,4342.376948765346,4362.025713239397,65096500,4362.02587890625,4401.3232421875,4381.67431640625,4381.67431640625,4373.81494140625,4385.60419921875,4362.02587890625
2023-08-28,4362.02587890625,4420.972174567145,4362.02587890625,4401.323409346846,37126600,4401.3232421875,4362.02587890625,4401.3232421875,4322.72802734375,4381.67451171875,4377.744677734375,4401.3232421875
2023-08-29,4401.3232421875,4401.3232421875,4342.376948765346,4342.376948765346,57547200,4362.02587890625,4401.3232421875,4362.02587890625,4381.67431640625,4385.604296875,4373.814892578125,4342.37646484375
2023-08-30,4342.37646484375,4401.322751696833,4322.727702559389,4401.322751696833,171282700,4401.3232421875,4362.02587890625,4401.3232421875,4401.3232421875,4373.81494140625,4369.885107421875,4362.02587890625
2023-08-31,4362.02587890625,4362.02587890625,4303.079583245354,4342.377113685951,175088200,4342.37646484375,4401.3232421875,4362.02587890625,4362.02587890625,4373.81494140625,4371.850048828125,4381.67431640625
2023-09-01,4381.67431640625,4401.323080156951,4342.376788904849,4401.323080156951,87366100,4362.02587890625,4342.37646484375,4401.3232421875,4401.3232421875,4369.88515625,4371.850048828125,4420.97216796875
2023-09-04,4420.97216796875,4420.97216796875,4381.674637586806,4401.323402777778,43898200,4381.67431640625,4362.02587890625,4342.37646484375,4362.02587890625,4381.6744140625,4381.674462890625,4420.97216796875
2023-09-05,4420.97216796875,4440.620933159722,4401.323402777778,4420.97216796875,72464300,4420.97216796875,4381.67431640625,4362.02587890625,4401.3232421875,4385.60419921875,4385.604248046875,4381.67431640625
2023-09-06,4381.67431640625,4440.620607658352,4381.67431640625,4420.971843907651,106367800,4420.97216796875,4420.97216796875,4381.67431640625,4342.37646484375,4393.46376953125,4383.63935546875,4283.43017578125
2023-09-07,4283.43017578125,4362.0252248781535,4283.43017578125,4342.376462603927,157998600,4381.67431640625,4420.97216796875,4420.97216796875,4362.02587890625,4377.74462890625,4375.77978515625,4204.83544921875
2023-09-08,4204.83544921875,4283.430504344334,4165.537921655958,4263.7817405629385,243324500,4283.43017578125,4381.67431640625,4420.97216796875,4381.67431640625,4342.37685546875,4356.131005859375,4263.78173828125
2023-09-11,4263.78173828125,4263.78173828125,4165.537919426844,4204.8354469686055,80474100,4204.83544921875,4283.43017578125,4381.67431640625,4420.97216796875,4310.93876953125,4346.306591796875,4224.484375
2023-09-12,4224.484375,4303.079433139535,4224.484375,4283.430668604651,121654400,4263.78173828125,4204.83544921875,4283.43017578125,4420.97216796875,4271.6412109375,4328.622705078125,4244.13330078125
2023-09-13,4244.13330078125,4263.782066062645,4204.83577021846,4204.83577021846,59408000,4224.484375,4263.78173828125,4204.83544921875,4381.67431640625,4244.1330078125,4318.798388671875,4263.78173828125
2023-09-14,4263.78173828125,4263.78173828125,4185.186683197725,4185.186683197725,76831700,4244.13330078125,4224.484375,4263.78173828125,4283.43017578125,4240.2033203125,4308.973974609375,4224.484375
2023-09-15,4224.484375,4283.430668604651,4224.484375,4244.133139534883,141455400,4263.78173828125,4244.13330078125,4224.484375,4204.83544921875,4244.13310546875,4293.25498046875,4185.1865234375
2023-09-18,4185.1865234375,4244.1328125,4165.537760416667,4204.835286458334,61329000,4224.484375,4263.78173828125,4244.13330078125,4263.78173828125,4228.4140625,4269.676416015625,4224.484375
2023-09-19,4224.484375,4224.484375,4165.538081395349,4185.186845930232,50612700,4185.1865234375,4224.484375,4263.78173828125,4224.484375,4228.4140625,4250.02763671875,4224.484375
2023-09-20,4224.484375,4283.430668604651,4204.835610465116,4204.835610465116,98710100,4224.484375,4185.1865234375,4224.484375,4244.13330078125,4224.48427734375,4234.308642578125,4204.83544921875
2023-09-21,4204.83544921875,4263.7817405629385,4204.83544921875,4263.7817405629385,68584900,4224.484375,4224.484375,4185.1865234375,4263.78173828125,4212.69501953125,4226.449169921875,4204.83544921875
2023-09-22,4204.83544921875,4263.7817405629385,4204.83544921875,4204.83544921875,83184100,4204.83544921875,4224.484375,4224.484375,4224.484375,4208.765234375,4226.449169921875,4165.5380859375
2023-09-25,4165.5380859375,4204.835615050118,4086.943027712264,4185.186850493809,120196700,4204.83544921875,4204.83544921875,4224.484375,4185.1865234375,4204.835546875,4216.6248046875,4086.942626953125
2023-09-26,4086.942626953125,4145.888914841872,4086.942626953125,4126.240152212289,180280600,4165.5380859375,4204.83544921875,4204.83544921875,4224.484375,4177.327197265625,4202.870629882813,4106.591796875
2023-09-27,4106.591796875,4165.538090610047,4067.294267718301,4067.294267718301,119774700,4086.942626953125,4165.5380859375,4204.83544921875,4224.484375,4153.748681640625,4189.116479492188,4106.591796875
2023-09-29,4106.591796875,4185.186855188397,4106.591796875,4165.538090610047,140331100,4106.591796875,4086.942626953125,4165.5380859375,4204.83544921875,4134.099951171875,4173.397485351563,4126.24072265625
2023-10-02,4126.24072265625,4165.538253348214,4126.24072265625,4126.24072265625,81674600,4106.591796875,4106.591796875,4086.942626953125,4204.83544921875,4118.381005859375,4163.5731201171875,4145.8896484375
2023-10-03,4145.8896484375,4165.538414543839,4126.240882331162,4126.240882331162,54462700,4126.24072265625,4106.591796875,4106.591796875,4165.5380859375,4114.451318359375,4159.6434326171875,4126.24072265625
2023-10-04,4126.24072265625,4145.889488002232,4086.943191964285,4126.24072265625,121445000,4145.8896484375,4126.24072265625,4106.591796875,4086.942626953125,4122.3109375,4149.819067382812,4067.2939453125
2023-10-05,4067.2939453125,4145.888997395834,4067.293945312501,4126.240234375,116814800,4126.24072265625,4145.8896484375,4126.24072265625,4106.591796875,4114.4513671875,4134.100024414062,4067.2939453125
2023-10-06,4067.2939453125,4126.240234375,4067.293945312501,4086.9427083333335,70202300,4067.2939453125,4126.24072265625,4145.8896484375,4106.591796875,4106.591796875,4120.345874023437,4027.996826171875
2023-10-09,4027.996826171875,4106.591886194741,4027.996826171876,4086.9431211890246,144477000,4067.2939453125,4067.2939453125,4126.24072265625,4126.24072265625,4086.943017578125,4102.66201171875,4067.2939453125
2023-10-10,4067.2939453125,4126.240234375,4027.9964192708335,4027.9964192708335,98457000,4027.996826171875,4067.2939453125,4067.2939453125,4145.8896484375,4071.223876953125,4092.83759765625,4126.24072265625
2023-10-11,4126.24072265625,4145.889488002232,4047.6456612723214,4047.6456612723214,100394800,4067.2939453125,4027.996826171875,4067.2939453125,4126.24072265625,4071.223876953125,4096.767407226563,4165.5380859375
2023-10-12,4165.5380859375,4224.484379606427,4145.889321381191,4165.5380859375,174022400,4126.24072265625,4067.2939453125,4027.996826171875,4067.2939453125,4090.872705078125,4102.662036132812,4145.8896484375
2023-10-13,4145.8896484375,4185.187180650178,4126.240882331162,4145.8896484375,84648800,4165.5380859375,4126.24072265625,4067.2939453125,4067.2939453125,4106.591845703125,4106.591821289063,4126.24072265625
2023-10-16,4126.24072265625,4185.187018694196,4126.24072265625,4185.187018694196,45782300,4145.8896484375,4165.5380859375,4126.24072265625,4027.996826171875,4126.240625,4106.591821289063,4047.64501953125
2023-10-17,4047.64501953125,4145.888830684921,4047.64501953125,4126.240068454187,127287200,4126.24072265625,4145.8896484375,4165.5380859375,4067.2939453125,4122.31083984375,4096.767358398438,4047.64501953125
2023-10-18,4047.64501953125,4106.591306223453,4027.996257300516,4027.996257300516,77217600,4047.64501953125,4126.24072265625,4145.8896484375,4126.24072265625,4106.59169921875,4088.9077880859377,3929.752685546875
2023-10-19,3929.752685546875,4047.645266113281,3929.752685546875,4008.347739257813,195831400,4047.64501953125,4047.64501953125,4126.24072265625,4165.5380859375,4059.434619140625,4075.153662109375,3969.05078125
2023-10-20,3969.05078125,4008.348313737624,3898.315222772277,3914.034235767327,173353600,3929.752685546875,4047.64501953125,4047.64501953125,4145.8896484375,4024.066845703125,4065.329345703125,3929.752685546875
2023-10-23,3929.752685546875,3988.6989758300783,3921.893180175781,3929.752685546875,82756100,3969.05078125,3929.752685546875,4047.64501953125,4126.24072265625,3984.76923828125,4055.504931640625,4008.34814453125
2023-10-24,4008.34814453125,4008.3481445312505,3890.455552045037,3929.753082873775,104021500,3929.752685546875,3969.05078125,3929.752685546875,4047.64501953125,3976.90986328125,4049.6103515625,4067.2939453125
2023-10-25,4067.2939453125,4086.9427083333335,4008.347656250001,4008.347656250001,142215000,4008.34814453125,3929.752685546875,3969.05078125,4047.64501953125,3980.8396484375,4043.715673828125,3866.876708984375
2023-10-26,3866.876708984375,4067.294099389053,3866.876708984375,4067.294099389053,330618800,4067.2939453125,4008.34814453125,3929.752685546875,3929.752685546875,3968.264453125,4013.8495361328123,3929.752685546875
2023-10-27,3929.752685546875,3969.050212402344,3882.595653320313,3890.4551586914063,129599800,3866.876708984375,4067.2939453125,4008.34814453125,3969.05078125,3960.404833984375,3992.23583984375,3929.752685546875
2023-10-30,3929.752685546875,3949.4014489746096,3906.1741694335938,3914.033674804688,108523700,3929.752685546875,3866.876708984375,4067.2939453125,3929.752685546875,3960.404833984375,3972.5870361328125,3898.314453125
2023-10-31,3898.314453125,3929.752472908266,3898.314453125,3914.033463016633,106760300,3929.752685546875,3929.752685546875,3866.876708984375,4008.34814453125,3938.398095703125,3957.6539794921873,3796.141357421875
2023-11-01,3796.141357421875,3898.3149343297114,3796.141357421875,3866.876910665761,191567200,3898.314453125,3929.752685546875,3929.752685546875,4067.2939453125,3884.167578125,3932.50361328125,3929.752685546875
2023-11-02,3929.752685546875,3988.6989758300783,3859.0171372070313,3882.595653320313,208075400,3796.141357421875,3898.314453125,3929.752685546875,3866.876708984375,3896.7427734375,3932.50361328125,4008.34814453125
2023-11-03,4008.34814453125,4067.294440774357,3949.401848288144,3949.401848288144,125504000,3929.752685546875,3796.141357421875,3898.314453125,3929.752685546875,3912.461865234375,3936.433349609375,4086.942626953125
2023-11-06,4086.942626953125,4086.942626953125,4008.347576434795,4008.347576434795,122333800,4008.34814453125,3929.752685546875,3796.141357421875,3929.752685546875,3943.899853515625,3952.15234375,4126.24072265625
2023-11-07,4126.24072265625,4145.889488002232,4067.294426618303,4106.591957310267,137039400,4086.942626953125,4008.34814453125,3929.752685546875,3898.314453125,3989.485107421875,3963.9416015625,4106.591796875
2023-11-08,4106.591796875,4126.240561453349,4067.294267718301,4086.9430322966505,86713700,4126.24072265625,4086.942626953125,4008.34814453125,3796.141357421875,4051.5751953125,3967.87138671875,4086.942626953125
2023-11-09,4086.942626953125,4145.888914841872,4086.942626953125,4106.591389582707,66236400,4106.591796875,4126.24072265625,4086.942626953125,3929.752685546875,4083.01318359375,3989.877978515625,3988.698974609375
2023-11-10,3988.698974609375,4047.6452648745385,3969.0502111876544,4047.6452648745385,113811900,4086.942626953125,4106.591796875,4126.24072265625,4008.34814453125,4079.083349609375,3995.772607421875,3949.4013671875
2023-11-13,3949.4013671875,4027.9964192708335,3949.401367187501,3988.698893229167,63126900,3988.698974609375,4086.942626953125,4106.591796875,4086.942626953125,4051.57509765625,3997.7374755859373,3988.698974609375
2023-11-14,3988.698974609375,4027.9965014528175,3969.0502111876544,3988.698974609376,85419500,3949.4013671875,3988.698974609375,4086.942626953125,4126.24072265625,4024.066748046875,4006.775927734375,4126.24072265625
2023-11-15,4126.24072265625,4165.538253348214,4067.294426618303,4086.943191964285,193790400,3988.698974609375,3949.4013671875,3988.698974609375,4106.591796875,4027.996533203125,4039.7858642578126,4126.24072265625
2023-11-16,4126.24072265625,4145.889488002232,4067.294426618303,4145.889488002232,99488800,4126.24072265625,3988.698974609375,3949.4013671875,4086.942626953125,4035.85615234375,4059.43466796875,4106.591796875
2023-11-17,4106.591796875,4126.240561453349,4067.294267718301,4067.294267718301,70727500,4126.24072265625,4126.24072265625,3988.698974609375,3988.698974609375,4059.434716796875,4069.259033203125,4126.24072265625
2023-11-20,4126.24072265625,4145.889488002232,4067.294426618303,4067.294426618303,54123600,4106.591796875,4126.24072265625,4126.24072265625,3949.4013671875,4094.802587890625,4073.1888427734375,4086.942626953125
2023-11-21,4086.942626953125,4126.240152212289,4067.2938643235434,4106.591389582707,104110500,4126.24072265625,4106.591796875,4126.24072265625,3988.698974609375,4114.451318359375,4069.259033203125,4145.8896484375
2023-11-22,4145.8896484375,4165.538414543839,4067.2945840121447,4067.2945840121447,103585500,4086.942626953125,4126.24072265625,4106.591796875,4126.24072265625,4118.381103515625,4073.188818359375,4204.83544921875
2023-11-23,4204.83544921875,4244.132976781542,4165.537921655958,4185.186685437354,174572400,4145.8896484375,4086.942626953125,4126.24072265625,4126.24072265625,4134.100048828125,4084.9781005859377,4244.13330078125
2023-11-24,4244.13330078125,4283.43083134404,4224.484535499855,4244.13330078125,92571400,4204.83544921875,4145.8896484375,4086.942626953125,4106.591796875,4161.608349609375,4110.521533203125,4204.83544921875
2023-11-27,4204.83544921875,4283.430504344334,4204.83544921875,4263.7817405629385,76019100,4244.13330078125,4204.83544921875,4145.8896484375,4126.24072265625,4177.327294921875,4136.06494140625,4204.83544921875
2023-11-28,4204.83544921875,4263.7817405629385,4185.186685437354,4185.186685437354,147993400,4204.83544921875,4244.13330078125,4204.83544921875,4086.942626953125,4200.905859375,4157.6785888671875,4165.5380859375
2023-11-29,4165.5380859375,4224.484379606427,4165.5380859375,4204.835615050118,106197800,4204.83544921875,4204.83544921875,4244.13330078125,4145.8896484375,4204.835546875,4161.608325195312,4145.8896484375
2023-11-30,4145.8896484375,4224.484712862855,4145.8896484375,4224.484712862855,224426400,4165.5380859375,4204.83544921875,4204.83544921875,4204.83544921875,4193.04638671875,4163.573217773437,4204.83544921875
2023-12-01,4204.83544921875,4224.484213000146,4145.8891578745615,4145.8891578745615,99499500,4145.8896484375,4165.5380859375,4204.83544921875,4244.13330078125,4185.18681640625,4173.3975830078125,4322.72802734375
2023-12-04,4322.72802734375,4381.67431862571,4283.430499822443,4283.430499822443,235595700,4204.83544921875,4145.8896484375,4165.5380859375,4204.83544921875,4208.76533203125,4193.046313476562,4283.43017578125
2023-12-05,4283.43017578125,4322.727700329702,4263.781413507024,4263.781413507024,114689900,4322.72802734375,4204.83544921875,4145.8896484375,4204.83544921875,4224.48427734375,4212.695068359375,4263.78173828125
2023-12-06,4263.78173828125,4283.430502052132,4244.1329745103685,4263.78173828125,119716700,4283.43017578125,4322.72802734375,4204.83544921875,4165.5380859375,4244.1330078125,4224.48427734375,4303.0791015625
2023-12-07,4303.0791015625,4303.0791015625,4244.1328125,4244.1328125,102126600,4263.78173828125,4283.43017578125,4322.72802734375,4145.8896484375,4275.5708984375,4234.308642578125,4224.484375
2023-12-08,4224.484375,4283.430668604651,4224.484375,4263.781904069767,130542600,4303.0791015625,4263.78173828125,4283.43017578125,4204.83544921875,4279.50068359375,4232.34375,4165.5380859375
2023-12-11,4165.5380859375,4224.484379606427,4165.5380859375,4185.186850493809,124468600,4224.484375,4303.0791015625,4263.78173828125,4322.72802734375,4248.0626953125,4228.414013671875,4185.1865234375
2023-12-12,4185.1865234375,4244.1328125,4185.1865234375,4224.484049479167,134501600,4165.5380859375,4224.484375,4303.0791015625,4283.43017578125,4228.41396484375,4226.44912109375,4165.5380859375
2023-12-13,4165.5380859375,4204.835615050118,4145.889321381191,4165.5380859375,98881600,4185.1865234375,4165.5380859375,4224.484375,4263.78173828125,4208.765234375,4226.44912109375,4362.02587890625
2023-12-14,4362.02587890625,4362.02587890625,4263.782052804758,4283.430818025056,239261700,4165.5380859375,4185.1865234375,4165.5380859375,4303.0791015625,4220.55458984375,4248.062744140625,4362.02587890625
2023-12-15,4362.02587890625,4401.323409346846,4362.02587890625,4381.674644126549,252448800,4362.02587890625,4165.5380859375,4185.1865234375,4224.484375,4248.062890625,4263.781787109375,4322.72802734375
2023-12-18,4322.72802734375,4381.67431862571,4322.72802734375,4381.67431862571,102780900,4362.02587890625,4362.02587890625,4165.5380859375,4165.5380859375,4279.50087890625,4263.781787109375,4362.02587890625
2023-12-19,4362.02587890625,4362.02587890625,4283.430818025056,4283.430818025056,135207300,4322.72802734375,4362.02587890625,4362.02587890625,4185.1865234375,4314.86875,4271.641357421875,4362.02587890625
2023-12-20,4362.02587890625,4479.91847022804,4362.02587890625,4479.91847022804,138470900,4362.02587890625,4322.72802734375,4362.02587890625,4165.5380859375,4354.16630859375,4281.465771484375,4381.67431640625
2023-12-21,4381.67431640625,4401.323080156951,4342.376788904849,4362.025552655549,99049600,4362.02587890625,4362.02587890625,4322.72802734375,4362.02587890625,4358.09599609375,4289.32529296875,4460.26953125
2023-12-22,4460.26953125,4479.918295704846,4401.323237885463,4440.620766795154,109411300,4381.67431640625,4362.02587890625,4362.02587890625,4362.02587890625,4377.7447265625,4312.90380859375,4420.97216796875
2023-12-27,4420.97216796875,4499.567228732639,4420.97216796875,4479.918463541667,122236700,4460.26953125,4381.67431640625,4362.02587890625,4322.72802734375,4397.3935546875,4338.447216796875,4499.56689453125
2023-12-28,4499.56689453125,4519.215658262828,4460.269367068096,4479.918130799672,121434600,4420.97216796875,4460.26953125,4381.67431640625,4362.02587890625,4424.9017578125,4369.88525390625,4499.56689453125
2023-12-29,4499.56689453125,4519.215658262828,4460.269367068096,4519.215658262828,93126000,4499.56689453125,4420.97216796875,4460.26953125,4362.02587890625,4452.4099609375,4403.288134765625,4526.68701171875
2024-01-02,4526.68701171875,4526.68701171875,4486.804306769686,4506.745659244218,91143100,4499.56689453125,4499.56689453125,4420.97216796875,4381.67431640625,4481.4125,4419.754248046875,4466.86328125
2024-01-03,4466.86328125,4506.745989118303,4466.86328125,4486.804635184152,83659700,4526.68701171875,4499.56689453125,4499.56689453125,4460.26953125,4482.73125,4430.23798828125,4546.62841796875
2024-01-04,4546.62841796875,4546.62841796875,4446.921654416804,4466.863007127193,92683500,4466.86328125,4526.68701171875,4499.56689453125,4420.97216796875,4507.8625,4452.62802734375,4586.5107421875
2024-01-05,4586.5107421875,4666.276146399457,4546.628040081522,4566.569391134512,134929600,4546.62841796875,4466.86328125,4526.68701171875,4499.56689453125,4525.25126953125,4475.076513671875,4486.80517578125
2024-01-08,4486.80517578125,4626.394670138889,4486.80517578125,4586.511957465277,152015000,4586.5107421875,4546.62841796875,4466.86328125,4499.56689453125,4522.69892578125,4487.554443359375,4546.62841796875
2024-01-09,4546.62841796875,4546.62841796875,4486.804359837583,4486.804359837583,105666200,4486.80517578125,4586.5107421875,4546.62841796875,4526.68701171875,4526.68720703125,4504.049853515625,4546.62841796875
2024-01-10,4546.62841796875,4546.62841796875,4486.804359837583,4486.804359837583,82626400,4546.62841796875,4486.80517578125,4586.5107421875,4466.86328125,4542.640234375,4512.6857421875,4586.5107421875
2024-01-11,4586.5107421875,4626.393444293479,4546.628040081522,4586.5107421875,116804400,4546.62841796875,4546.62841796875,4486.80517578125,4546.62841796875,4550.61669921875,4529.239599609375,4666.27685546875
2024-01-12,4666.27685546875,4666.27685546875,4606.45279321915,4626.394147302351,109715700,4586.5107421875,4546.62841796875,4546.62841796875,4586.5107421875,4566.569921875,4545.910595703125,4646.33544921875
2024-01-15,4646.33544921875,4706.159510796674,4606.452741500134,4666.276803078058,115126700,4666.27685546875,4586.5107421875,4546.62841796875,4486.80517578125,4598.4759765625,4560.587451171875,4646.33544921875
2024-01-16,4646.33544921875,4686.218156937366,4606.452741500134,4646.33544921875,97074300,4646.33544921875,4666.27685546875,4586.5107421875,4546.62841796875,4618.4173828125,4572.552294921875,4606.45263671875
2024-01-17,4606.45263671875,4646.335343530168,4586.5112833130415,4646.335343530168,107941600,4646.33544921875,4646.33544921875,4666.27685546875,4546.62841796875,4630.3822265625,4586.51123046875,4586.5107421875
2024-01-18,4586.5107421875,4626.393444293479,4546.628040081522,4626.393444293479,87259100,4606.45263671875,4646.33544921875,4646.33544921875,4586.5107421875,4630.3822265625,4590.499462890625,4626.39404296875
2024-01-19,4626.39404296875,4626.39404296875,4546.628628434806,4586.511335701778,75370700,4586.5107421875,4606.45263671875,4646.33544921875,4666.27685546875,4622.4056640625,4594.48779296875,4606.45263671875
2024-01-22,4606.45263671875,4626.393990124459,4546.628576501624,4606.45263671875,97545600,4626.39404296875,4586.5107421875,4606.45263671875,4646.33544921875,4614.4291015625,4606.4525390625,4546.62841796875
2024-01-23,4546.62841796875,4586.511123389529,4506.745712547971,4546.62841796875,122999700,4606.45263671875,4626.39404296875,4586.5107421875,4646.33544921875,4594.4876953125,4606.4525390625,4506.74658203125
2024-01-24,4506.74658203125,4546.62929514657,4446.922512358268,4526.687938588911,104225000,4546.62841796875,4606.45263671875,4626.39404296875,4606.45263671875,4574.546484375,4602.46435546875,4407.0390625
2024-01-25,4407.0390625,4506.74582861991,4407.0390625,4446.921768947964,120478800,4506.74658203125,4546.62841796875,4606.45263671875,4586.5107421875,4538.6521484375,4584.5171875,4327.2734375
2024-01-26,4327.2734375,4367.156141993088,4307.332085253456,4347.214789746544,185244400,4407.0390625,4506.74658203125,4546.62841796875,4626.39404296875,4478.82802734375,4550.616845703125,4446.921875
2024-01-29,4446.921875,4446.921875,4307.332399103139,4307.332399103139,145629600,4327.2734375,4407.0390625,4506.74658203125,4606.45263671875,4446.921875,4530.67548828125,4486.80517578125
2024-01-30,4486.80517578125,4506.746532118055,4367.157037760417,4407.039750434027,150513700,4446.921875,4327.2734375,4407.0390625,4546.62841796875,4434.9572265625,4514.7224609375,4546.62841796875
2024-01-31,4546.62841796875,4606.4524760999175,4526.68706525836,4566.569770679139,245117200,4486.80517578125,4446.921875,4327.2734375,4506.74658203125,4442.93359375,4508.7400390625,4586.5107421875
2024-02-01,4586.5107421875,4626.393444293479,4566.569391134512,4606.452093240489,156633900,4546.62841796875,4486.80517578125,4446.921875,4407.0390625,4478.8279296875,4508.7400390625,4666.27685546875
2024-02-02,4666.27685546875,4666.27685546875,4586.511439135951,4626.394147302351,177209700,4586.5107421875,4546.62841796875,4486.80517578125,4327.2734375,4546.62861328125,4512.7283203125,4606.45263671875
2024-02-05,4606.45263671875,4646.335343530168,4586.5112833130415,4626.393990124459,113760000,4666.27685546875,4586.5107421875,4546.62841796875,4446.921875,4578.534765625,4512.7283203125,4646.33544921875
2024-02-06,4646.33544921875,4706.159510796674,4626.394095359442,4706.159510796674,126704300,4606.45263671875,4666.27685546875,4586.5107421875,4486.80517578125,4610.4408203125,4522.6990234375,4666.27685546875
2024-02-07,4666.27685546875,4706.159563635149,4646.33550138555,4666.27685546875,147005300,4646.33544921875,4606.45263671875,4666.27685546875,4546.62841796875,4634.3705078125,4538.65205078125,4805.8662109375
2024-02-12,4805.8662109375,4805.8662109375,4666.276735931016,4686.218089503372,171514600,4666.27685546875,4646.33544921875,4606.45263671875,4586.5107421875,4678.2416015625,4578.534765625,4785.9248046875
2024-02-13,4785.9248046875,4825.807511393229,4746.042097981771,4825.807511393229,145852200,4805.8662109375,4666.27685546875,4646.33544921875,4666.27685546875,4702.17119140625,4624.39990234375,4885.6318359375
2024-02-15,4885.6318359375,5005.279962531888,4865.690481505102,5005.279962531888,308685100,4785.9248046875,4805.8662109375,4666.27685546875,4606.45263671875,4758.00703125,4668.2708984375,4905.5732421875
2024-02-16,4905.5732421875,4945.4559514735765,4885.631887544461,4905.5732421875,130814400,4885.6318359375,4785.9248046875,4805.8662109375,4646.33544921875,4809.85458984375,4710.147705078125,4865.6904296875
2024-02-19,4865.6904296875,4925.514492347593,4845.749075467469,4885.631783907531,111382900,4905.5732421875,4885.6318359375,4785.9248046875,4666.27685546875,4849.7373046875,4742.05390625,5025.22119140625
2024-02-20,5025.22119140625,5025.22119140625,4925.514421735492,4925.514421735492,160872600,4865.6904296875,4905.5732421875,4885.6318359375,4805.8662109375,4893.60830078125,4785.924951171875,5025.22119140625
2024-02-21,5025.22119140625,5085.045253208706,4965.397129603795,5045.162545340402,168423000,5025.22119140625,4865.6904296875,4905.5732421875,4785.9248046875,4941.467578125,4821.819384765625,4985.33837890625
2024-02-22,4985.33837890625,5025.2210859375,4965.397025390625,4985.33837890625,100256000,5025.22119140625,5025.22119140625,4865.6904296875,4885.6318359375,4961.40888671875,4859.707958984375,4885.6318359375
2024-02-23,4885.6318359375,4925.514544802296,4825.807772640306,4885.6318359375,148643000,4985.33837890625,5025.22119140625,5025.22119140625,4905.5732421875,4957.42060546875,4883.63759765625,4925.5146484375
2024-02-26,4925.5146484375,4945.456003289473,4845.749229029605,4865.690583881578,98920800,4885.6318359375,4985.33837890625,5025.22119140625,4865.6904296875,4969.38544921875,4909.561376953125,4885.6318359375
2024-02-27,4885.6318359375,4945.455899234694,4885.6318359375,4885.6318359375,99187500,4925.5146484375,4885.6318359375,4985.33837890625,5025.22119140625,4941.467578125,4917.537939453125,4965.39697265625
2024-02-28,4965.39697265625,4965.39697265625,4865.690206137048,4865.690206137048,97236700,4885.6318359375,4925.5146484375,4885.6318359375,5025.22119140625,4929.502734375,4935.48515625,4885.6318359375
2024-02-29,4885.6318359375,4945.455899234694,4885.6318359375,4905.573190369898,173774600,4965.39697265625,4885.6318359375,4925.5146484375,4985.33837890625,4909.56142578125,4935.48515625,4885.6318359375
2024-03-01,4885.6318359375,4925.514544802296,4845.749127072704,4925.514544802296,76286400,4885.6318359375,4965.39697265625,4885.6318359375,4885.6318359375,4909.56142578125,4933.491015625,4825.8076171875
2024-03-04,4825.8076171875,4885.631678557593,4825.8076171875,4885.631678557593,70354900,4885.6318359375,4885.6318359375,4965.39697265625,4925.5146484375,4889.62001953125,4929.502734375,4885.6318359375
2024-03-05,4885.6318359375,4925.514544802296,4845.749127072704,4865.690481505102,115084600,4825.8076171875,4885.6318359375,4885.6318359375,4885.6318359375,4889.62001953125,4915.543798828125,4945.45556640625
2024-03-06,4945.45556640625,4945.45556640625,4865.690154044859,4865.690154044859,84108800,4885.6318359375,4825.8076171875,4885.6318359375,4965.39697265625,4885.63173828125,4907.567236328125,4965.39697265625
2024-03-07,4965.39697265625,5005.279679263931,4945.4556193524095,4945.4556193524095,117724700,4945.45556640625,4885.6318359375,4825.8076171875,4885.6318359375,4901.584765625,4905.573095703125,5065.103515625
2024-03-08,5065.103515625,5104.986220472441,4985.338105930118,5005.279458353839,163060000,4965.39697265625,4945.45556640625,4885.6318359375,4885.6318359375,4937.4791015625,4923.520263671875,5104.98681640625
2024-03-13,5104.98681640625,5144.869525909424,5065.104106903076,5065.104106903076,195173100,5065.103515625,4965.39697265625,4945.45556640625,4825.8076171875,4993.31494140625,4941.46748046875,5092.56591796875
2024-03-14,5092.56591796875,5133.9688929115855,5009.759968083079,5113.267405440168,271254000,5104.98681640625,5065.103515625,4965.39697265625,4885.6318359375,5034.7017578125,4962.160888671875,4947.65478515625
2024-03-15,4947.65478515625,5030.460722983133,4926.95330069953,4968.356269612971,305995800,5092.56591796875,5104.98681640625,5065.103515625,4945.45556640625,5035.1416015625,4960.386669921875,4968.3564453125
2024-03-18,4968.3564453125,5051.162386067708,4947.6549601236975,4968.3564453125,110564700,4947.65478515625,5092.56591796875,5104.98681640625,4965.39697265625,5035.73349609375,4968.659130859375,4968.3564453125
2024-03-19,4968.3564453125,5009.759415690104,4947.6549601236975,4968.3564453125,114338600,4968.3564453125,4947.65478515625,5092.56591796875,5065.103515625,5016.38408203125,4976.931591796875,5051.16259765625
2024-03-20,5051.16259765625,5051.16259765625,4968.356653432377,4968.356653432377,120885400,4968.3564453125,4968.3564453125,4947.65478515625,5104.98681640625,5005.61923828125,4999.46708984375,5051.16259765625
2024-03-21,5051.16259765625,5133.968541880123,5051.16259765625,5113.267055824154,136020000,5051.16259765625,4968.3564453125,4968.3564453125,5092.56591796875,4997.33857421875,5016.020166015625,5071.8642578125
2024-03-22,5071.8642578125,5071.8642578125,5009.759797512756,5009.759797512756,46529200,5051.16259765625,5051.16259765625,4968.3564453125,4947.65478515625,5022.18046875,5028.66103515625,5175.37158203125
2024-03-25,5175.37158203125,5175.37158203125,5071.864150390625,5175.37158203125,115729600,5071.8642578125,5051.16259765625,5051.16259765625,4968.3564453125,5063.58349609375,5049.65849609375,5216.7744140625
2024-03-26,5216.7744140625,5216.7744140625,5133.968470982143,5216.7744140625,120748400,5175.37158203125,5071.8642578125,5051.16259765625,4968.3564453125,5113.26708984375,5064.8255859375,5175.37158203125
2024-03-27,5175.37158203125,5237.476041015625,5154.670095703124,5216.774554687499,73308900,5216.7744140625,5175.37158203125,5071.8642578125,5051.16259765625,5138.10888671875,5071.8640625,5009.75927734375
2024-03-28,5009.75927734375,5133.968185046488,4989.057792726627,5051.162246577996,288926900,5175.37158203125,5216.7744140625,5175.37158203125,5051.16259765625,5129.82822265625,5063.5833984375,4906.251953125
2024-04-01,4906.251953125,4989.057893262131,4823.44601298787,4968.356408227848,217207800,5009.75927734375,5175.37158203125,5216.7744140625,5071.8642578125,5096.70576171875,5059.443115234375,4699.23681640625
2024-04-02,4699.23681640625,4926.953137906112,4657.833848860821,4844.147202815253,412180900,4906.251953125,5009.75927734375,5175.37158203125,5175.37158203125,5001.47880859375,5032.53115234375,4657.83447265625
2024-04-03,4657.83447265625,4699.237445746528,4575.028526475695,4616.431499565972,333518700,4699.23681640625,4906.251953125,5009.75927734375,5216.7744140625,4889.6908203125,5001.478955078125,4719.9384765625
2024-04-04,4719.9384765625,4761.341445655154,4678.535507469846,4678.535507469846,131936100,4657.83447265625,4699.23681640625,4906.251953125,5175.37158203125,4798.60419921875,4968.35654296875,4678.5361328125
2024-04-05,4678.5361328125,4719.93910743916,4657.834645499171,4657.834645499171,178817800,4719.9384765625,4657.83447265625,4699.23681640625,5009.75927734375,4732.3595703125,4931.093896484375,4430.1181640625
2024-04-16,4430.1181640625,4616.431544794101,4430.1181640625,4450.819650810456,600717500,4678.5361328125,4719.9384765625,4657.83447265625,4906.251953125,4637.1328125,4866.919287109375,4388.71484375
2024-04-17,4388.71484375,4554.3267246462265,4388.71484375,4533.625239534198,244002000,4430.1181640625,4678.5361328125,4719.9384765625,4699.23681640625,4575.02841796875,4788.25361328125,4533.625
2024-04-18,4533.625,4554.326484018265,4388.714611872146,4388.714611872146,247410700,4388.71484375,4430.1181640625,4678.5361328125,4657.83447265625,4550.1865234375,4719.938671875,4368.013671875
2024-04-19,4368.013671875,4450.819618261256,4347.312185278436,4430.118131664692,258211500,4533.625,4388.71484375,4430.1181640625,4719.9384765625,4479.8015625,4639.202880859375,4388.71484375
2024-04-22,4388.71484375,4409.416328862028,4264.5059330778295,4305.908903301886,342282800,4368.013671875,4533.625,4388.71484375,4678.5361328125,4421.8373046875,4577.0984375,4388.71484375
2024-04-23,4388.71484375,4471.520784198113,4326.610388413915,4430.117813974056,281403100,4388.71484375,4368.013671875,4533.625,4430.1181640625,4413.556640625,4525.3447265625,4326.6103515625
2024-04-24,4326.6103515625,4430.117776241029,4264.505896755382,4347.311836498206,471241400,4388.71484375,4388.71484375,4368.013671875,4388.71484375,4401.1357421875,4488.082080078125,4264.505859375
2024-04-25,4264.505859375,4305.908828883496,4181.69992035801,4243.804374620752,479170900,4326.6103515625,4388.71484375,4388.71484375,4533.625,4347.3119140625,4448.74921875,3999.52734375
2024-04-26,3999.52734375,4223.103406444099,3999.52734375,4181.700431871118,782589900,4264.505859375,4326.6103515625,4388.71484375,4368.013671875,4273.6146484375,4376.70810546875,3949.84375
2024-04-29,3949.84375,4049.21088836478,3875.318396226415,3891.879585953879,700644800,3999.52734375,4264.505859375,4326.6103515625,4388.71484375,4185.8404296875,4303.8388671875,4090.613525390625
2024-04-30,4090.613525390625,4181.700061381104,3991.246395219192,4016.0881777620502,565609200,3949.84375,3999.52734375,4264.505859375,4388.71484375,4126.220166015625,4269.888403320312,3941.56298828125
2024-05-02,3941.56298828125,4074.0525004923848,3891.879421202075,4065.771905979189,636922100,4090.613525390625,3949.84375,3999.52734375,4326.6103515625,4049.210693359375,4225.1732177734375,3933.2822265625
2024-05-03,3933.2822265625,3999.5269798519735,3900.159849917763,3941.562820723684,321697200,3941.56298828125,4090.613525390625,3949.84375,4264.505859375,3982.965966796875,4165.138940429688,3966.40478515625
2024-05-06,3966.40478515625,4007.80775786143,3916.721217910034,3974.685379697286,262707400,3933.2822265625,3941.56298828125,4090.613525390625,3999.52734375,3976.341455078125,4124.978051757813,3867.037109375
2024-05-07,3867.037109375,3958.1236365765526,3867.037109375,3949.843043194593,304013600,3966.40478515625,3933.2822265625,3941.56298828125,3949.84375,3959.780126953125,4072.8102783203126,3875.31787109375
2024-05-08,3875.31787109375,3925.0014335436695,3784.231339935564,3850.47608986879,572275800,3867.037109375,3966.40478515625,3933.2822265625,4090.613525390625,3916.72099609375,4021.4705810546875,3875.31787109375
2024-05-13,3875.31787109375,3891.8790585770566,3833.9149023854834,3850.47608986879,320067100,3875.31787109375,3867.037109375,3966.40478515625,3941.56298828125,3903.47197265625,3976.3413330078124,3916.720947265625
2024-05-14,3916.720947265625,3982.9656990164176,3891.879165359078,3908.440353296776,341458900,3875.31787109375,3875.31787109375,3867.037109375,3933.2822265625,3900.159716796875,3941.562841796875,3991.24658203125
2024-05-15,3991.24658203125,4032.649554873898,3941.563014620073,3958.124203757132,298990300,3916.720947265625,3875.31787109375,3875.31787109375,3966.40478515625,3905.128076171875,3940.734765625,4007.8076171875
2024-05-16,4007.8076171875,4107.174748192148,4007.8076171875,4082.3329654409854,371295000,3991.24658203125,3916.720947265625,3875.31787109375,3867.037109375,3933.282177734375,3946.53115234375,4074.05224609375
2024-05-17,4074.05224609375,4107.1746220782525,3991.246306132495,4007.807494124746,208991800,4007.8076171875,3991.24658203125,3916.720947265625,3875.31787109375,3973.029052734375,3944.8750244140624,3991.24658203125
2024-05-20,3991.24658203125,4181.70025710743,3991.24658203125,4132.016689696253,335150700,4074.05224609375,4007.8076171875,3991.24658203125,3875.31787109375,3996.214794921875,3949.8433837890625,3875.31787109375
2024-05-21,3875.31787109375,4032.6491521851626,3875.31787109375,3982.9655897352422,271568800,3991.24658203125,4074.05224609375,4007.8076171875,3916.720947265625,3987.9341796875,3944.0469482421877,3908.440185546875
2024-05-22,3908.440185546875,3949.843153614109,3850.476030252748,3850.476030252748,215066000,3875.31787109375,3991.24658203125,4074.05224609375,3991.24658203125,3971.372900390625,3938.25048828125,3767.67041015625
2024-05-27,3767.67041015625,3908.440513392857,3767.67041015625,3891.879324776786,363719300,3908.440185546875,3875.31787109375,3991.24658203125,4007.8076171875,3923.345458984375,3928.313818359375,3751.109375
2024-05-28,3751.109375,3833.915321467991,3742.8287803532007,3792.512348233996,258070200,3767.67041015625,3908.440185546875,3875.31787109375,4074.05224609375,3858.756884765625,3915.89296875,3651.742431640625
2024-05-29,3651.742431640625,3726.2677873883927,3643.4618365575393,3709.706597222222,465008500,3751.109375,3767.67041015625,3908.440185546875,3991.24658203125,3790.8560546875,3893.5354248046874,3626.900146484375
2024-05-30,3626.900146484375,3709.706085901826,3568.9359888921585,3643.461334367865,502927800,3651.742431640625,3751.109375,3767.67041015625,3875.31787109375,3741.172509765625,3864.5533447265625,3593.7783203125
2024-05-31,3593.7783203125,3701.426058017713,3585.4977251044065,3668.30367718534,655144100,3626.900146484375,3651.742431640625,3751.109375,3908.440185546875,3678.24013671875,3824.8065185546875,3751.109375
2024-06-03,3751.109375,3775.951158940397,3643.4616445916113,3668.3034285320086,345770100,3593.7783203125,3626.900146484375,3651.742431640625,3767.67041015625,3674.9279296875,3799.1366943359376,3684.864501953125
2024-06-04,3684.864501953125,3800.7928233628863,3684.864501953125,3775.951040203652,332902200,3751.109375,3593.7783203125,3626.900146484375,3751.109375,3661.678955078125,3760.217919921875,3643.461669921875
2024-06-05,3643.461669921875,3726.2676169655538,3643.461669921875,3726.2676169655538,240788500,3684.864501953125,3751.109375,3593.7783203125,3651.742431640625,3660.022802734375,3725.4394287109376,3726.267333984375
2024-06-06,3726.267333984375,3726.267333984375,3635.1807991536457,3684.8643636067695,281534200,3643.461669921875,3684.864501953125,3751.109375,3626.900146484375,3679.896240234375,3710.534375,3602.05859375
2024-06-07,3602.05859375,3726.2675107758623,3602.05859375,3717.9869163074713,375439600,3726.267333984375,3643.461669921875,3684.864501953125,3593.7783203125,3681.552294921875,3679.8962158203126,3643.461669921875
2024-06-10,3643.461669921875,3668.3034540349786,3577.216912286932,3602.0586964000354,181387000,3602.05859375,3726.267333984375,3643.461669921875,3751.109375,3660.02275390625,3667.475341796875,3593.7783203125
2024-06-11,3593.7783203125,3676.584272393433,3593.7783203125,3626.900701144873,197854400,3643.461669921875,3602.05859375,3726.267333984375,3684.864501953125,3641.805517578125,3651.742236328125,3602.05859375
2024-06-12,3602.05859375,3610.339188218391,3568.936215876437,3593.777999281609,187332500,3593.7783203125,3643.461669921875,3602.05859375,3643.461669921875,3633.52490234375,3646.7738525390623,3568.93603515625
2024-06-13,3568.93603515625,3660.0225696962007,3560.655441107164,3643.461381598028,238349600,3602.05859375,3593.7783203125,3643.461669921875,3726.267333984375,3602.058642578125,3640.97744140625,3461.28857421875
2024-06-14,3461.28857421875,3577.2168996710525,3453.0079795435854,3560.6557103207238,358893200,3568.93603515625,3602.05859375,3593.7783203125,3602.05859375,3573.904638671875,3627.728466796875,3395.043701171875
2024-06-19,3395.043701171875,3510.9720226753047,3386.763106778773,3395.043701171875,410338400,3461.28857421875,3568.93603515625,3602.05859375,3643.461669921875,3524.221044921875,3592.1218994140627,3535.81396484375
2024-06-20,3535.81396484375,3535.81396484375,3419.8856381275614,3419.8856381275614,387133400,3395.043701171875,3461.28857421875,3568.93603515625,3593.7783203125,3512.628173828125,3577.216845703125,3676.583984375
2024-06-21,3676.583984375,3717.986957172016,3527.533282305743,3544.0944714245493,532713300,3535.81396484375,3395.043701171875,3461.28857421875,3602.05859375,3527.533251953125,3580.5290771484374,3643.461669921875
2024-06-24,3643.461669921875,3734.548211669922,3643.461669921875,3676.5840487393466,303830800,3676.583984375,3535.81396484375,3395.043701171875,3568.93603515625,3542.43837890625,3572.2485107421876,3626.900146484375
2024-06-25,3626.900146484375,3643.461334367865,3544.0942070669234,3577.216582833904,383572500,3643.461669921875,3676.583984375,3535.81396484375,3461.28857421875,3575.560693359375,3574.732666015625,3618.61962890625
2024-06-26,3618.61962890625,3668.303193605192,3602.058440673269,3635.1808171392304,150303400,3626.900146484375,3643.461669921875,3676.583984375,3395.043701171875,3620.27587890625,3572.2484619140623,3693.145263671875
2024-06-27,3693.145263671875,3726.26764271826,3626.900505579106,3651.742289863895,299430600,3618.61962890625,3626.900146484375,3643.461669921875,3535.81396484375,3651.742138671875,3582.18515625,3809.0732421875
2024-06-28,3809.0732421875,3842.195618206522,3792.512054177989,3800.792648182744,581319300,3693.145263671875,3618.61962890625,3626.900146484375,3676.583984375,3678.239990234375,3602.88662109375,3833.91552734375
2024-07-01,3833.91552734375,3867.037907709571,3775.951361703564,3833.91552734375,261421200,3809.0732421875,3693.145263671875,3618.61962890625,3643.461669921875,3716.33076171875,3629.3845703125,3784.231689453125
2024-07-02,3784.231689453125,3833.915256491897,3784.231689453125,3817.354067478973,234403100,3833.91552734375,3809.0732421875,3693.145263671875,3626.900146484375,3747.7970703125,3661.6788818359373,3809.0732421875
2024-07-03,3809.0732421875,3842.195618206522,3775.950866168478,3833.9150242017663,176310400,3784.231689453125,3833.91552734375,3809.0732421875,3618.61962890625,3785.88779296875,3703.0818359375,3966.40478515625
2024-07-04,3966.40478515625,3999.527163320394,3858.7570561227817,3875.318245204854,422261500,3809.0732421875,3784.231689453125,3833.91552734375,3693.145263671875,3840.539697265625,3746.14091796875,3974.685302734375
2024-07-05,3974.685302734375,4032.649463399251,3966.4047083536784,4016.088274637858,218278000,3966.40478515625,3809.0732421875,3784.231689453125,3809.0732421875,3873.662109375,3775.9510498046875,3933.2822265625
2024-07-08,3933.2822265625,3999.5269798519735,3925.001632401316,3974.685197368421,222042100,3974.685302734375,3966.40478515625,3809.0732421875,3833.91552734375,3893.53544921875,3804.93310546875,4032.6494140625
2024-07-09,4032.6494140625,4082.332979738835,3933.282282709831,3958.1240655479983,291320400,3933.2822265625,3974.685302734375,3966.40478515625,3784.231689453125,3943.218994140625,3845.5080322265626,4016.088134765625
2024-07-10,4016.088134765625,4074.052293411727,4007.8075406733246,4032.649322950225,167619700,4032.6494140625,3933.2822265625,3974.685302734375,3809.0732421875,3984.62197265625,3885.2548828125,4007.8076171875
2024-07-11,4007.8076171875,4074.052371190599,4007.8076171875,4065.771776940212,170461300,4016.088134765625,4032.6494140625,3933.2822265625,3966.40478515625,3992.9025390625,3916.7211181640623,4057.491455078125
2024-07-12,4057.491455078125,4123.73621352838,4040.930265465561,4115.455618722099,301125400,4007.8076171875,4016.088134765625,4032.6494140625,3974.685302734375,4009.46376953125,3941.562939453125,3991.24658203125
2024-07-15,3991.24658203125,4082.333122285075,3982.965987462721,4074.0525277165457,188713000,4057.491455078125,4007.8076171875,4016.088134765625,3933.2822265625,4021.056640625,3957.296044921875,3916.720947265625
2024-07-16,3916.720947265625,4007.807480922965,3916.720947265625,3991.246292985267,189271400,3991.24658203125,4057.491455078125,4007.8076171875,4032.6494140625,3997.870947265625,3970.544970703125,3941.56298828125
2024-07-17,3941.56298828125,3982.96596084723,3908.4406102284665,3933.282393768054,263325400,3916.720947265625,3991.24658203125,4057.491455078125,4016.088134765625,3982.96591796875,3983.7939453125,4049.211181640625
2024-07-18,4049.211181640625,4049.2111816406255,3933.2828451519367,3941.5634406154154,296614900,3941.56298828125,3916.720947265625,3991.24658203125,4007.8076171875,3991.246630859375,3992.0745849609375,4057.491455078125
2024-07-19,4057.491455078125,4065.772049884407,4016.088481046716,4032.6496706592793,135104800,4049.211181640625,3941.56298828125,3916.720947265625,4057.491455078125,3991.246630859375,4000.3552001953126,4065.772216796875
2024-07-22,4065.772216796875,4090.614002235552,4040.930431358197,4074.052811943101,140128300,4057.491455078125,4049.211181640625,3941.56298828125,3991.24658203125,4006.1517578125,4013.60419921875,3966.40478515625
2024-07-23,3966.40478515625,4065.7719196486814,3958.124190615214,4057.4913251076464,170919500,4065.772216796875,4057.491455078125,4049.211181640625,3916.720947265625,4016.088525390625,4006.979736328125,3958.1240234375
2024-07-24,3958.1240234375,3974.685211820084,3941.562835054917,3949.843429246208,116037600,3966.40478515625,4065.772216796875,4057.491455078125,3941.56298828125,4019.400732421875,4001.1833251953126,3891.87939453125
2024-07-25,3891.87939453125,3941.5629612699463,3858.757016705452,3941.5629612699463,274397700,3958.1240234375,3966.40478515625,4065.772216796875,4049.211181640625,3987.934375,3989.5905029296873,3941.56298828125
2024-07-26,3941.56298828125,3982.96596084723,3925.001799254858,3941.56298828125,192267300,3891.87939453125,3958.1240234375,3966.40478515625,4057.491455078125,3964.748681640625,3977.99765625,3958.1240234375
2024-07-29,3958.1240234375,3974.685211820084,3941.562835054917,3974.685211820084,126109900,3941.56298828125,3891.87939453125,3958.1240234375,4065.772216796875,3943.21904296875,3974.685400390625,3867.037109375
2024-07-30,3867.037109375,3925.0012630487154,3867.037109375,3908.4400762847968,201835700,3958.1240234375,3941.56298828125,3891.87939453125,3966.40478515625,3923.3455078125,3969.7170166015626,3867.037109375
2024-07-31,3867.037109375,3900.159482902837,3850.4759226110814,3850.4759226110814,168490300,3867.037109375,3958.1240234375,3941.56298828125,3958.1240234375,3905.128125,3962.2644287109374,3933.2822265625
2024-08-01,3933.2822265625,3933.2822265625,3883.598661595395,3900.159849917763,169636700,3867.037109375,3867.037109375,3958.1240234375,3891.87939453125,3913.40869140625,3950.671533203125,3900.16015625
2024-08-02,3900.16015625,3933.282535496284,3883.5989666268574,3916.721345873142,113328400,3933.2822265625,3867.037109375,3867.037109375,3941.56298828125,3905.128125,3934.9384033203123,3751.109375
2024-08-05,3751.109375,3867.037700055188,3734.5481857064015,3858.757105408388,329430900,3900.16015625,3933.2822265625,3867.037109375,3958.1240234375,3863.7251953125,3903.472119140625,3809.0732421875
2024-08-06,3809.0732421875,3850.4762122112775,3742.8284901494567,3767.670272163723,238051800,3751.109375,3900.16015625,3933.2822265625,3867.037109375,3852.132421875,3887.73896484375,3825.634765625
2024-08-07,3825.634765625,3842.19595508658,3800.79298143263,3842.19595508658,125937500,3809.0732421875,3751.109375,3900.16015625,3867.037109375,3843.851953125,3874.4900390625,3858.757080078125
2024-08-08,3858.757080078125,3883.598863855452,3800.792917931029,3809.073512523471,131343400,3825.634765625,3809.0732421875,3751.109375,3933.2822265625,3828.946923828125,3871.1778076171877,3867.037109375
2024-08-09,3867.037109375,3916.720669666756,3867.037109375,3891.8788895208777,98730900,3858.757080078125,3825.634765625,3809.0732421875,3900.16015625,3822.322314453125,3863.7252197265625,3875.31787109375
2024-08-12,3875.31787109375,3908.440246060363,3850.47608986879,3908.440246060363,83552800,3867.037109375,3858.757080078125,3825.634765625,3751.109375,3847.164013671875,3855.4446044921874,3908.440185546875
2024-08-13,3908.440185546875,3933.281966387216,3883.598404706535,3891.8789983199817,109533400,3875.31787109375,3867.037109375,3858.757080078125,3809.0732421875,3867.03740234375,3859.584912109375,3991.24658203125
2024-08-14,3991.24658203125,4007.807771168309,3941.563014620073,3949.8436091886015,262716500,3908.440185546875,3875.31787109375,3867.037109375,3825.634765625,3900.159765625,3872.005859375,3999.52734375
2024-08-15,3999.52734375,4032.649723408385,3966.404964091615,4016.0885335791927,214394900,3991.24658203125,3908.440185546875,3875.31787109375,3858.757080078125,3928.313818359375,3878.63037109375,3999.52734375
2024-08-16,3999.52734375,4032.649723408385,3999.52734375,4016.0885335791927,149701700,3999.52734375,3991.24658203125,3908.440185546875,3867.037109375,3954.811865234375,3888.56708984375,3991.24658203125
2024-08-19,3991.24658203125,3991.24658203125,3933.2824200515433,3991.24658203125,196203200,3999.52734375,3999.52734375,3991.24658203125,3875.31787109375,3977.997607421875,3912.580810546875,4098.89453125
2024-08-20,4098.89453125,4098.89453125,4007.807986111112,4024.369176136364,310085500,3991.24658203125,3999.52734375,3999.52734375,3908.440185546875,4016.0884765625,3941.562939453125,4223.10302734375
2024-08-21,4223.10302734375,4223.10302734375,4123.735897288602,4132.016491459865,390307000,4098.89453125,3991.24658203125,3999.52734375,3991.24658203125,4062.459765625,3981.309765625,4181.7001953125
2024-08-22,4181.7001953125,4264.506139774134,4160.998709197092,4243.804653658725,474043100,4223.10302734375,4098.89453125,3991.24658203125,3999.52734375,4098.8943359375,4013.6040771484377,4264.505859375
2024-08-23,4264.505859375,4305.908828883496,4243.804374620752,4264.505859375,217759300,4181.7001953125,4223.10302734375,4098.89453125,3999.52734375,4151.8900390625,4053.3509521484375,4388.71484375
2024-08-26,4388.71484375,4409.416328862028,4305.908903301886,4305.908903301886,361169800,4264.505859375,4181.7001953125,4223.10302734375,3991.24658203125,4231.38369140625,4104.690649414062,4285.20703125
2024-08-27,4285.20703125,4368.012964221015,4223.102581521739,4347.311480978261,271088700,4388.71484375,4264.505859375,4181.7001953125,4098.89453125,4268.64619140625,4142.367333984375,4264.505859375
2024-08-28,4264.505859375,4285.207344129248,4160.998435603762,4223.102889866505,277561700,4285.20703125,4388.71484375,4264.505859375,4223.10302734375,4276.9267578125,4169.69326171875,4243.8046875
2024-08-29,4243.8046875,4285.207660060975,4223.103201219512,4243.8046875,160041900,4264.505859375,4285.20703125,4388.71484375,4181.7001953125,4289.34765625,4194.12099609375,4264.505859375
2024-08-30,4264.505859375,4285.207344129248,4243.804374620752,4285.207344129248,275298000,4243.8046875,4264.505859375,4285.20703125,4264.505859375,4289.34765625,4220.61884765625,4285.20703125
2024-09-02,4285.20703125,4326.609997735507,4264.505548007247,4264.505548007247,136717200,4264.505859375,4243.8046875,4264.505859375,4388.71484375,4268.64609375,4250.014892578125,4285.20703125
2024-09-03,4285.20703125,4347.311480978261,4264.505548007247,4326.609997735507,166033900,4285.20703125,4264.505859375,4243.8046875,4285.20703125,4268.64609375,4268.646142578125,4223.10302734375
2024-09-04,4223.10302734375,4285.207483628216,4223.10302734375,4223.10302734375,141890400,4285.20703125,4285.20703125,4264.505859375,4264.505859375,4260.36552734375,4268.646142578125,4264.505859375
2024-09-05,4264.505859375,4264.505859375,4202.401405112258,4243.804374620752,166436800,4223.10302734375,4285.20703125,4285.20703125,4243.8046875,4264.50576171875,4276.926708984375,4326.6103515625
2024-09-06,4326.6103515625,4347.311836498206,4264.505896755382,4305.908866626794,170520700,4264.505859375,4223.10302734375,4285.20703125,4264.505859375,4276.92666015625,4283.137158203125,4285.20703125
2024-09-09,4285.20703125,4388.714447463768,4264.505548007247,4368.012964221015,201448700,4326.6103515625,4264.505859375,4223.10302734375,4285.20703125,4276.92666015625,4272.786376953125,4347.31201171875
2024-09-10,4347.31201171875,4347.31201171875,4243.804582868303,4305.909040178572,202326400,4285.20703125,4326.6103515625,4264.505859375,4285.20703125,4289.34765625,4278.996875,4285.20703125
2024-09-11,4285.20703125,4347.311480978261,4243.804064764493,4326.609997735507,165284900,4347.31201171875,4285.20703125,4326.6103515625,4223.10302734375,4301.76845703125,4281.0669921875,4285.20703125
2024-09-12,4285.20703125,4326.609997735507,4264.505548007247,4285.20703125,138542100,4285.20703125,4347.31201171875,4285.20703125,4264.505859375,4305.90869140625,4285.2072265625,4388.71484375
2024-09-13,4388.71484375,4388.71484375,4285.207418189858,4305.908903301886,259722600,4285.20703125,4285.20703125,4347.31201171875,4326.6103515625,4318.32958984375,4297.628125,4388.71484375
2024-09-17,4388.71484375,4430.117813974056,4347.311873525943,4430.117813974056,201331600,4388.71484375,4285.20703125,4285.20703125,4285.20703125,4339.03115234375,4307.97890625,4430.1181640625
2024-09-18,4430.1181640625,4450.819650810456,4409.416677314544,4430.1181640625,186877300,4388.71484375,4388.71484375,4285.20703125,4347.31201171875,4355.5923828125,4322.47001953125,4471.52099609375
2024-09-19,4471.52099609375,4554.326940465856,4471.52099609375,4492.222482186777,332941100,4430.1181640625,4388.71484375,4388.71484375,4285.20703125,4392.85517578125,4347.31181640625,4450.8193359375
2024-09-20,4450.8193359375,4512.923791787791,4450.8193359375,4471.52082122093,260437400,4471.52099609375,4430.1181640625,4388.71484375,4285.20703125,4425.97763671875,4365.9431640625,4554.32666015625
2024-09-23,4554.32666015625,4554.32666015625,4430.117751242898,4430.117751242898,245292000,4450.8193359375,4471.52099609375,4430.1181640625,4388.71484375,4459.1,4388.714794921875,4575.0283203125
2024-09-24,4575.0283203125,4616.431291537047,4575.0283203125,4595.729805924774,195415700,4554.32666015625,4450.8193359375,4471.52099609375,4388.71484375,4496.3626953125,4417.696923828125,4409.41650390625
2024-09-25,4409.41650390625,4492.222447641579,4305.909074237089,4471.520961707746,607065900,4575.0283203125,4554.32666015625,4450.8193359375,4430.1181640625,4492.22236328125,4423.907373046875,4181.7001953125
2024-09-26,4181.7001953125,4305.909112004951,4160.998709197092,4264.506139774134,855266800,4409.41650390625,4575.0283203125,4554.32666015625,4471.52099609375,4434.258203125,4413.556689453125,4223.10302734375
2024-09-27,4223.10302734375,4264.505998200061,4140.297085631128,4181.700056487439,304694300,4181.7001953125,4409.41650390625,4575.0283203125,4450.8193359375,4388.71494140625,4407.3462890625,4098.89453125
2024-09-30,4098.89453125,4181.700481376262,4098.89453125,4181.700481376262,539169900,4223.10302734375,4181.7001953125,4409.41650390625,4554.32666015625,4297.628515625,4378.3642578125,4202.4013671875
2024-10-01,4202.4013671875,4202.4013671875,4115.45513200431,4115.45513200431,197069300,4098.89453125,4223.10302734375,4181.7001953125,4575.0283203125,4223.103125,4359.73291015625,4090.613525390625
2024-10-02,4090.613525390625,4202.401546833486,4057.491148666814,4140.297090476341,307487600,4202.4013671875,4098.89453125,4223.10302734375,4409.41650390625,4159.342529296875,4325.782446289062,4074.05224609375
2024-10-03,4074.05224609375,4107.1746220782525,4024.3686821169968,4057.491058101499,354814800,4090.613525390625,4202.4013671875,4098.89453125,4181.7001953125,4137.812939453125,4286.035571289062,4024.368896484375
2024-10-04,4024.368896484375,4074.052463107639,4016.088302047164,4032.649490921585,289960700,4074.05224609375,4090.613525390625,4202.4013671875,4223.10302734375,4098.06611328125,4243.39052734375,3991.24658203125
2024-10-07,3991.24658203125,4082.333122285075,3982.965987462721,4024.368960305369,308452200,4024.368896484375,4074.05224609375,4090.613525390625,4098.89453125,4076.5365234375,4187.08251953125,4140.296875
2024-10-08,4140.296875,4181.699843750001,3941.562625,3974.685,527474400,3991.24658203125,4024.368896484375,4074.05224609375,4202.4013671875,4064.115625,4143.609375,4082.3330078125
2024-10-09,4082.3330078125,4202.401625689338,4082.3330078125,4140.297168166835,309336600,4140.296875,3991.24658203125,4024.368896484375,4090.613525390625,4062.459521484375,4110.901025390625,4024.368896484375
2024-10-10,4024.368896484375,4115.455435293692,4024.368896484375,4074.052463107639,226564700,4082.3330078125,4140.296875,3991.24658203125,4074.05224609375,4052.5228515625,4095.1678955078123,4057.491455078125
2024-10-11,4057.491455078125,4090.6138343032526,4049.210860271843,4065.772049884407,104875300,4024.368896484375,4082.3330078125,4140.296875,4024.368896484375,4059.14736328125,4078.60673828125,4057.491455078125
2024-10-14,4057.491455078125,4082.3332394969702,4032.6496706592793,4057.491455078125,125414400,4057.491455078125,4024.368896484375,4082.3330078125,3991.24658203125,4072.396337890625,4074.4664306640625,4074.05224609375
2024-10-15,4074.05224609375,4132.016404066629,4074.05224609375,4082.3328400898754,142372200,4057.491455078125,4057.491455078125,4024.368896484375,4140.296875,4059.147412109375,4061.6315185546873,4098.89453125
2024-10-16,4098.89453125,4115.4557212752525,4074.052746212121,4098.89453125,118014300,4074.05224609375,4057.491455078125,4057.491455078125,4082.3330078125,4062.459716796875,4062.459619140625,4123.73583984375
2024-10-17,4123.73583984375,4181.699998235128,4090.6134636201054,4107.174651731928,188127700,4098.89453125,4074.05224609375,4057.491455078125,4024.368896484375,4082.33310546875,4067.427978515625,4115.455078125
2024-10-18,4115.455078125,4181.699827873491,4107.174484406439,4160.998343577088,157113000,4123.73583984375,4098.89453125,4074.05224609375,4057.491455078125,4093.925830078125,4076.5365966796876,4132.0166015625
2024-10-21,4132.0166015625,4160.998681934181,4115.455412778682,4123.736007170592,110708200,4115.455078125,4123.73583984375,4098.89453125,4057.491455078125,4108.830859375,4090.6135986328127,4057.491455078125
2024-10-22,4057.491455078125,4115.455618722099,4057.491455078125,4107.175023915816,199707500,4132.0166015625,4115.455078125,4123.73583984375,4074.05224609375,4105.518701171875,4082.333056640625,4024.368896484375
2024-10-23,4024.368896484375,4049.210679796007,3982.9659242983216,3999.527113172743,222147300,4057.491455078125,4132.0166015625,4115.455078125,4098.89453125,4090.61357421875,4076.5366455078124,3991.24658203125
2024-10-24,3991.24658203125,4057.491338579487,3982.965987462721,3991.24658203125,218162100,4024.368896484375,4057.491455078125,4132.0166015625,4123.73583984375,4064.11572265625,4073.2244140625,3949.84375
2024-10-25,3949.84375,4024.369103773585,3949.84375,3991.2467243186575,195647800,3991.24658203125,4024.368896484375,4057.491455078125,4115.455078125,4030.99345703125,4062.4596435546873,3941.56298828125
2024-10-28,3941.56298828125,3974.685366334034,3900.160015715271,3949.843582794446,191211000,3949.84375,3991.24658203125,4024.368896484375,4132.0166015625,3992.902734375,4050.866796875,3891.87939453125
2024-10-29,3891.87939453125,3958.124150182846,3891.87939453125,3916.7211779005984,203658600,3941.56298828125,3949.84375,3991.24658203125,4057.491455078125,3959.780322265625,4032.64951171875,3900.16015625
2024-10-30,3900.16015625,3933.282535496284,3833.915397757431,3833.915397757431,296314500,3891.87939453125,3941.56298828125,3949.84375,4024.368896484375,3934.93857421875,4012.77607421875,3974.685302734375
2024-10-31,3974.685302734375,4032.649463399251,3900.159953308105,3900.159953308105,307110400,3900.16015625,3891.87939453125,3941.56298828125,3991.24658203125,3931.626318359375,3997.8710205078123,3891.87939453125
2024-11-01,3891.87939453125,3991.246528008644,3891.87939453125,3949.843555726397,235656400,3974.685302734375,3900.16015625,3891.87939453125,3949.84375,3920.033447265625,3975.5134521484374,3908.440185546875
2024-11-04,3908.440185546875,3949.843153614109,3850.476030252748,3900.1595919334286,209831500,3891.87939453125,3974.685302734375,3900.16015625,3941.56298828125,3913.40888671875,3953.155810546875,3900.16015625
2024-11-05,3900.16015625,3925.001940684713,3875.3183718152864,3883.5989666268574,199499300,3908.440185546875,3891.87939453125,3974.685302734375,3891.87939453125,3915.0650390625,3937.4226806640627,3809.0732421875
2024-11-06,3809.0732421875,3916.720964249321,3809.0732421875,3900.15977623981,249059500,3900.16015625,3908.440185546875,3891.87939453125,3900.16015625,3896.84765625,3915.893115234375,3767.67041015625
2024-11-07,3767.67041015625,3842.195758928572,3767.67041015625,3817.3539760044646,296218600,3809.0732421875,3900.16015625,3908.440185546875,3974.685302734375,3855.444677734375,3893.535498046875,3742.82861328125
2024-11-08,3742.82861328125,3842.195744607301,3742.82861328125,3809.073367498617,198589900,3767.67041015625,3809.0732421875,3900.16015625,3891.87939453125,3825.634521484375,3872.833984375,3693.145263671875
2024-11-11,3693.145263671875,3759.390021764644,3618.61991081751,3701.425858433472,507192300,3742.82861328125,3767.67041015625,3809.0732421875,3908.440185546875,3782.575537109375,3847.9922119140624,3726.267333984375
2024-11-12,3726.267333984375,3742.828522135416,3668.303175455729,3668.303175455729,252380100,3693.145263671875,3742.82861328125,3767.67041015625,3900.16015625,3747.79697265625,3831.431005859375,3792.512451171875
2024-11-13,3792.512451171875,3817.354235786538,3693.145312713223,3701.4259075847776,209627200,3726.267333984375,3693.145263671875,3742.82861328125,3809.0732421875,3744.484814453125,3820.6662353515626,3726.267333984375
2024-11-14,3726.267333984375,3800.792680664062,3726.267333984375,3784.231492513021,159871800,3792.512451171875,3726.267333984375,3693.145263671875,3767.67041015625,3736.20419921875,3795.8244384765626,3701.42578125
2024-11-15,3701.42578125,3734.5481596057048,3684.864592072148,3684.864592072148,106365600,3726.267333984375,3792.512451171875,3726.267333984375,3742.82861328125,3727.9236328125,3776.7790771484374,3602.05859375
2024-11-18,3602.05859375,3693.145132902299,3602.05859375,3676.583943965517,253272300,3701.42578125,3726.267333984375,3792.512451171875,3693.145263671875,3709.706298828125,3746.14091796875,3610.3388671875
2024-11-19,3610.3388671875,3651.7418358479063,3602.058273455418,3602.058273455418,294838700,3602.05859375,3701.42578125,3726.267333984375,3726.267333984375,3686.52060546875,3717.1587890625,3585.49755859375
2024-11-20,3585.49755859375,3676.584101652714,3585.49755859375,3643.461722358545,298734600,3610.3388671875,3602.05859375,3701.42578125,3792.512451171875,3645.117626953125,3694.801220703125,3519.25244140625
2024-11-21,3519.25244140625,3577.2165992647056,3519.25244140625,3544.094223345588,376788400,3585.49755859375,3610.3388671875,3602.05859375,3726.267333984375,3603.7146484375,3669.959423828125,3643.461669921875
2024-11-22,3643.461669921875,3660.0228593306106,3519.252749356356,3519.252749356356,280188100,3519.25244140625,3585.49755859375,3610.3388671875,3701.42578125,3592.121826171875,3660.0227294921874,3701.42578125
2024-11-25,3701.42578125,3751.109348783557,3660.022808305369,3660.022808305369,401446400,3643.461669921875,3519.25244140625,3585.49755859375,3602.05859375,3611.995263671875,3660.85078125,3643.461669921875
2024-11-26,3643.461669921875,3701.42583285245,3626.900480513139,3684.864643443714,266677500,3701.42578125,3643.461669921875,3519.25244140625,3610.3388671875,3618.61982421875,3652.57021484375,3585.49755859375
2024-11-28,3585.49755859375,3635.181127535003,3585.49755859375,3602.058748240834,277081800,3643.461669921875,3701.42578125,3643.461669921875,3585.49755859375,3618.61982421875,3631.8687255859377,3519.25244140625
2024-11-29,3519.25244140625,3560.655411305147,3519.25244140625,3544.094223345588,412519800,3585.49755859375,3643.461669921875,3701.42578125,3519.25244140625,3618.61982421875,3611.167236328125,3453.008056640625
2024-12-02,3453.008056640625,3544.094600101169,3444.727461780576,3535.8140052411195,337188900,3519.25244140625,3585.49755859375,3643.461669921875,3643.461669921875,3580.5291015625,3586.3254638671874,3510.971923828125
2024-12-03,3510.971923828125,3519.252517988097,3486.130141348209,3510.971923828125,384146700,3453.008056640625,3519.25244140625,3585.49755859375,3701.42578125,3542.438330078125,3577.216796875,3602.05859375
2024-12-04,3602.05859375,3618.619782686782,3494.41086566092,3510.972054597701,345762200,3510.971923828125,3453.008056640625,3519.25244140625,3643.461669921875,3534.15771484375,3576.38876953125,3527.533203125
2024-12-05,3527.533203125,3593.7779581132627,3519.252608751467,3568.9361749926643,183249300,3602.05859375,3510.971923828125,3453.008056640625,3585.49755859375,3522.56484375,3570.592333984375,3568.93603515625
2024-12-06,3568.93603515625,3568.93603515625,3494.410688714472,3519.252470861732,151433000,3527.533203125,3602.05859375,3510.971923828125,3519.25244140625,3532.5015625,3575.560693359375,3635.180908203125
2024-12-09,3635.180908203125,3635.180908203125,3560.655559287799,3568.936153611724,158897200,3568.93603515625,3527.533203125,3602.05859375,3453.008056640625,3568.9361328125,3574.7326171875,3610.3388671875
2024-12-10,3610.3388671875,3626.900054651663,3552.3747110629297,3610.3388671875,196160900,3635.180908203125,3568.93603515625,3527.533203125,3510.971923828125,3588.809521484375,3565.62392578125,3626.900146484375
2024-12-11,3626.900146484375,3668.3031161931,3593.777770717394,3593.777770717394,203980300,3610.3388671875,3635.180908203125,3568.93603515625,3602.05859375,3593.77783203125,3563.9677734375,3527.533203125
2024-12-12,3527.533203125,3610.3391468603286,3527.533203125,3593.7779581132627,226698900,3626.900146484375,3610.3388671875,3635.180908203125,3527.533203125,3593.77783203125,3558.171337890625,3453.008056640625
2024-12-13,3453.008056640625,3544.094600101169,3453.008056640625,3502.691625800922,287838100,3527.533203125,3626.900146484375,3610.3388671875,3568.93603515625,3570.592236328125,3551.5468994140624,3519.25244140625
2024-12-16,3519.25244140625,3544.094223345588,3436.446501608456,3436.446501608456,325441900,3453.008056640625,3527.533203125,3626.900146484375,3635.180908203125,3547.40654296875,3558.171337890625,3436.44677734375
2024-12-17,3436.44677734375,3552.3751023625755,3436.44677734375,3519.252723785768,327919000,3519.25244140625,3453.008056640625,3527.533203125,3610.3388671875,3512.628125,3550.7188232421877,3436.44677734375
2024-12-18,3436.44677734375,3486.130345208961,3419.8855880553465,3453.007966632153,205055500,3436.44677734375,3519.25244140625,3453.008056640625,3626.900146484375,3474.537451171875,3534.1576416015623,3386.76318359375
2024-12-19,3386.76318359375,3403.3243727555773,3353.6408052700945,3386.76318359375,381986300,3436.44677734375,3436.44677734375,3519.25244140625,3527.533203125,3446.383447265625,3520.0806396484377,3361.92138671875
2024-12-20,3361.92138671875,3411.60495401016,3353.6407921701816,3370.2019812673184,252689600,3386.76318359375,3436.44677734375,3436.44677734375,3453.008056640625,3428.16611328125,3499.3791748046874,3486.13037109375
2024-12-23,3486.13037109375,3486.1303710937505,3403.324424036892,3419.8856134482635,167689800,3361.92138671875,3386.76318359375,3436.44677734375,3519.25244140625,3421.54169921875,3484.47412109375,3477.849609375
2024-12-24,3477.849609375,3519.252580915179,3453.007826450893,3494.410797991072,199536100,3486.13037109375,3361.92138671875,3386.76318359375,3436.44677734375,3429.822265625,3471.2251953125,3507.794189453125
2024-12-27,3507.794189453125,3524.905380621189,3490.682998285061,3507.794189453125,143104400,3477.849609375,3486.13037109375,3361.92138671875,3436.44677734375,3444.091748046875,3459.314599609375,3490.68310546875
2024-12-30,3490.68310546875,3524.9054888556984,3482.1275096220124,3490.68310546875,153934700,3507.794189453125,3477.849609375,3486.13037109375,3386.76318359375,3464.875732421875,3455.62958984375,3601.906005859375
2025-01-02,3601.906005859375,3610.4616020728176,3499.2388512980624,3507.794447511505,181361700,3490.68310546875,3507.794189453125,3477.849609375,3361.92138671875,3512.87265625,3470.519384765625,3550.572265625
2025-01-03,3550.572265625,3627.572628012048,3550.572265625,3610.461436370482,134632300,3601.906005859375,3490.68310546875,3507.794189453125,3486.13037109375,3525.76103515625,3473.6513671875,3507.794189453125
2025-01-06,3507.794189453125,3576.238954125381,3507.794189453125,3576.238954125381,153048700,3550.572265625,3601.906005859375,3490.68310546875,3477.849609375,3531.749951171875,3480.7861083984376,3447.9052734375
2025-01-07,3447.9052734375,3499.2388507095225,3447.9052734375,3490.683254497518,171997400,3507.794189453125,3550.572265625,3601.906005859375,3507.794189453125,3519.77216796875,3481.9319580078127,3490.68310546875
2025-01-08,3490.68310546875,3507.794297162224,3447.905126235064,3447.905126235064,133655700,3447.9052734375,3507.794189453125,3550.572265625,3490.68310546875,3519.77216796875,3492.3239501953126,3447.9052734375
2025-01-09,3447.9052734375,3507.7944469215263,3447.9052734375,3482.127658285515,99300400,3490.68310546875,3447.9052734375,3507.794189453125,3601.906005859375,3488.972021484375,3500.9223388671876,3430.793701171875
2025-01-10,3430.793701171875,3473.5716774957136,3430.793701171875,3447.90489170141,132774300,3447.9052734375,3490.68310546875,3447.9052734375,3550.572265625,3465.01630859375,3495.388671875,3293.904296875
2025-01-13,3293.904296875,3413.6826349431817,3293.904296875,3413.6826349431817,413408100,3430.793701171875,3447.9052734375,3490.68310546875,3507.794189453125,3422.238330078125,3476.994140625,3251.12646484375
2025-01-14,3251.12646484375,3353.793616365132,3251.12646484375,3268.2376567639803,293621700,3293.904296875,3430.793701171875,3447.9052734375,3447.9052734375,3382.882568359375,3451.3273681640626,3499.23876953125
2025-01-15,3499.23876953125,3499.23876953125,3285.348869193154,3285.348869193154,407813500,3251.12646484375,3293.904296875,3430.793701171875,3490.68310546875,3384.593701171875,3452.1829345703127,3559.127685546875
2025-01-16,3559.127685546875,3627.5724487304688,3533.460899353028,3601.905662536621,349387500,3499.23876953125,3251.12646484375,3293.904296875,3447.9052734375,3406.83818359375,3447.9051025390627,3499.23876953125
2025-01-17,3499.23876953125,3584.7947296664884,3490.683173517726,3550.572345612393,268758600,3559.127685546875,3499.23876953125,3251.12646484375,3430.793701171875,3420.527197265625,3442.7717529296874,3610.46142578125
2025-01-20,3610.46142578125,3610.46142578125,3533.4610636200387,3533.4610636200387,167348600,3499.23876953125,3559.127685546875,3499.23876953125,3293.904296875,3483.838623046875,3453.0384765625,3644.683837890625
2025-01-21,3644.683837890625,3747.350988253741,3636.128242027032,3653.2394337542178,345223800,3610.46142578125,3499.23876953125,3559.127685546875,3251.12646484375,3562.55009765625,3472.7163330078124,3644.683837890625
2025-01-22,3644.683837890625,3696.017413072183,3619.017050299846,3687.46181720859,193218900,3644.683837890625,3610.46142578125,3499.23876953125,3499.23876953125,3591.639111328125,3488.11640625,3678.90625
2025-01-23,3678.90625,3713.1286337209294,3644.6838662790697,3644.6838662790697,216018100,3644.683837890625,3644.683837890625,3610.46142578125,3559.127685546875,3615.59482421875,3511.21650390625,3584.794677734375
2025-01-24,3584.794677734375,3721.684211967669,3584.794677734375,3721.684211967669,276421900,3678.90625,3644.683837890625,3644.683837890625,3499.23876953125,3632.706005859375,3526.6166015625,3524.905517578125
2025-01-30,3524.905517578125,3567.6834971603835,3499.238729828769,3533.4611134945767,220222400,3584.794677734375,3678.90625,3644.683837890625,3610.46142578125,3615.59482421875,3549.7167236328123,3610.46142578125
2025-01-31,3610.46142578125,3661.795000555391,3550.572255211419,3567.683446802799,192622700,3524.905517578125,3584.794677734375,3678.90625,3644.683837890625,3608.750341796875,3585.6502197265627,3636.128173828125
2025-02-03,3636.128173828125,3653.239365234375,3550.5722167968747,3593.3501953125,220285800,3610.46142578125,3524.905517578125,3584.794677734375,3644.683837890625,3607.039208984375,3599.33916015625,3644.683837890625
2025-02-04,3644.683837890625,3678.906221344997,3593.350262709067,3644.683837890625,231917500,3636.128173828125,3610.46142578125,3524.905517578125,3678.90625,3600.1947265625,3607.894775390625,3542.0166015625
2025-02-05,3542.0166015625,3636.1281537779287,3542.0166015625,3636.1281537779287,209834400,3644.683837890625,3636.128173828125,3610.46142578125,3584.794677734375,3591.639111328125,3612.17255859375,3396.571533203125
2025-02-06,3396.571533203125,3559.12785343199,3370.9047457985675,3524.905470225913,378545500,3542.0166015625,3644.683837890625,3636.128173828125,3524.905517578125,3565.972314453125,3590.7835693359375,3447.9052734375
2025-02-07,3447.9052734375,3447.9052734375,3370.9049075294665,3396.571696165477,259636200,3396.571533203125,3542.0166015625,3644.683837890625,3610.46142578125,3533.461083984375,3571.105712890625,3396.571533203125
2025-02-10,3396.571533203125,3465.016299615279,3379.460341600087,3422.238320607683,201999400,3447.9052734375,3396.571533203125,3542.0166015625,3636.128173828125,3485.549755859375,3546.294482421875,3430.793701171875
2025-02-11,3430.793701171875,3456.4604869661785,3336.682153259429,3396.571320112804,276382800,3396.571533203125,3447.9052734375,3396.571533203125,3644.683837890625,3442.771728515625,3521.4832275390627,3447.9052734375
2025-02-12,3447.9052734375,3473.572062073511,3379.4605037414703,3388.016099953474,362571900,3430.793701171875,3396.571533203125,3447.9052734375,3542.0166015625,3423.949462890625,3507.794287109375,3413.6826171875
2025-02-13,3413.6826171875,3447.904999314693,3388.015830592105,3422.238212719298,341640600,3447.9052734375,3430.793701171875,3396.571533203125,3396.571533203125,3427.3716796875,3496.6719970703125,3302.459716796875
2025-02-14,3302.459716796875,3430.7936436154064,3293.9041216756395,3422.238048494171,524909600,3413.6826171875,3447.9052734375,3430.793701171875,3447.9052734375,3398.282568359375,3465.871826171875,3447.9052734375
2025-02-17,3447.9052734375,3447.9052734375,3311.01573404544,3311.01573404544,265737100,3302.459716796875,3413.6826171875,3447.9052734375,3396.571533203125,3408.54931640625,3447.0495361328126,3550.572265625
2025-02-18,3550.572265625,3576.239053087349,3447.9051157756026,3447.9051157756026,374350700,3447.9052734375,3302.459716796875,3413.6826171875,3430.793701171875,3432.505029296875,3437.63837890625,3439.349609375
2025-02-19,3439.349609375,3576.239146066542,3430.7940133317784,3559.1279539800994,348358600,3550.572265625,3447.9052734375,3302.459716796875,3447.9052734375,3430.793896484375,3427.3716796875,3345.238037109375
2025-02-20,3345.238037109375,3439.349593140585,3345.238037109375,3396.5716131263985,312753300,3439.349609375,3550.572265625,3447.9052734375,3413.6826171875,3417.10498046875,3422.238330078125,3328.126708984375
2025-02-21,3328.126708984375,3362.34909159604,3311.015517678543,3345.237900290208,205268800,3345.238037109375,3439.349609375,3550.572265625,3302.459716796875,3422.23837890625,3410.2604736328126,3353.79345703125
2025-02-24,3353.79345703125,3370.904648138552,3311.015479262994,3336.6822659239474,138610800,3328.126708984375,3345.238037109375,3439.349609375,3447.9052734375,3403.416015625,3405.982666015625,3251.12646484375
2025-02-25,3251.12646484375,3353.793616365132,3251.12646484375,3319.571232524672,404555100,3353.79345703125,3328.126708984375,3345.238037109375,3550.572265625,3343.52685546875,3388.0159423828127,3268.23779296875
2025-02-26,3268.23779296875,3302.4601782354384,3216.9042150687173,3251.126600335406,242834100,3251.12646484375,3353.79345703125,3328.126708984375,3439.349609375,3309.3044921875,3370.0491943359375,3105.68115234375
2025-02-27,3105.68115234375,3251.126275180785,3088.5699614217456,3242.5706797197827,410928000,3268.23779296875,3251.12646484375,3353.79345703125,3345.238037109375,3261.393115234375,3339.2490478515624,2874.68017578125
2025-02-28,2874.68017578125,3028.680899483817,2874.68017578125,2994.4585164388022,1000597600,3105.68115234375,3268.23779296875,3251.12646484375,3328.126708984375,3170.70380859375,3296.47109375,3139.90380859375
2025-03-03,3139.90380859375,3199.7929820546665,2968.791884419704,3011.569865463215,744626800,2874.68017578125,3105.68115234375,3268.23779296875,3353.79345703125,3127.92587890625,3265.670947265625,3139.90380859375
2025-03-04,3139.90380859375,3182.6817896372618,3080.014635132834,3148.4594048024524,338434700,3139.90380859375,2874.68017578125,3105.68115234375,3251.12646484375,3105.68134765625,3224.6041015625,3285.348876953125
2025-03-05,3285.348876953125,3336.6824531555176,3174.126128514608,3174.126128514608,441151000,3139.90380859375,3139.90380859375,2874.68017578125,3268.23779296875,3109.103564453125,3209.2040283203123,3379.46044921875
2025-03-06,3379.46044921875,3413.682833514636,3311.015680626978,3311.015680626978,434485100,3285.348876953125,3139.90380859375,3139.90380859375,3105.68115234375,3163.859423828125,3212.62626953125,3259.68212890625
2025-03-07,3259.68212890625,3362.3492825725884,3259.68212890625,3362.3492825725884,243793600,3379.46044921875,3285.348876953125,3139.90380859375,2874.68017578125,3240.859814453125,3205.7818115234377,3216.904052734375
2025-03-10,3216.904052734375,3259.682032159034,3191.237265079579,3242.5708403891704,232192200,3259.68212890625,3379.46044921875,3285.348876953125,3139.90380859375,3256.25986328125,3192.09287109375,3242.57080078125
2025-03-11,3242.57080078125,3242.57080078125,3131.348055635719,3165.570438757421,273961800,3216.904052734375,3259.68212890625,3379.46044921875,3139.90380859375,3276.79326171875,3191.2373046875,3328.126708984375
2025-03-12,3328.126708984375,3353.793495943124,3259.681943761046,3259.681943761046,271631200,3242.57080078125,3216.904052734375,3259.68212890625,3285.348876953125,3285.348828125,3197.2261962890625,3251.12646484375
2025-03-13,3251.12646484375,3396.5715961657074,3251.12646484375,3388.0160002055923,209225700,3328.126708984375,3242.57080078125,3216.904052734375,3379.46044921875,3259.68203125,3211.7707275390626,3208.348388671875
2025-03-14,3208.348388671875,3285.34875,3208.348388671875,3208.348388671875,156131900,3251.12646484375,3328.126708984375,3242.57080078125,3259.68212890625,3249.415283203125,3245.137548828125,3276.793212890625
2025-03-17,3276.793212890625,3285.3488087467363,3191.237254329512,3234.015233610068,162467700,3208.348388671875,3251.12646484375,3328.126708984375,3216.904052734375,3261.393115234375,3258.8264892578127,3148.459228515625
2025-03-18,3148.459228515625,3302.4599516495414,2994.4585053817086,3285.348760190217,416894600,3276.793212890625,3208.348388671875,3251.12646484375,3242.57080078125,3242.57080078125,3259.68203125,3174.1259765625
2025-03-19,3174.1259765625,3234.015145931604,3148.459189690027,3174.1259765625,352217700,3148.459228515625,3276.793212890625,3208.348388671875,3328.126708984375,3211.770654296875,3248.5597412109373,3131.34814453125
2025-03-20,3131.34814453125,3216.9041047643445,3114.2369524846317,3191.237316694416,313033000,3174.1259765625,3148.459228515625,3276.793212890625,3251.12646484375,3187.814990234375,3223.7485107421876,3165.570556640625
2025-03-21,3165.570556640625,3165.570556640625,3037.236615155194,3080.014595650338,627645600,3131.34814453125,3174.1259765625,3148.459228515625,3208.348388671875,3179.259423828125,3214.337353515625,3088.570068359375
2025-03-24,3088.570068359375,3199.7928132033417,3011.569706544321,3122.792451388288,342883200,3165.570556640625,3131.34814453125,3174.1259765625,3276.793212890625,3141.614794921875,3201.503955078125,3251.12646484375
2025-03-25,3251.12646484375,3285.3488486842107,3131.3481214021385,3131.3481214021385,331285900,3088.570068359375,3165.570556640625,3131.34814453125,3148.459228515625,3162.1482421875,3202.359521484375,3422.23828125
2025-03-26,3422.23828125,3439.34947265625,3302.45994140625,3311.0155371093747,540888800,3251.12646484375,3088.570068359375,3165.570556640625,3174.1259765625,3211.770703125,3211.7706787109373,3465.016357421875
2025-03-27,3465.016357421875,3465.016357421875,3362.349206090856,3422.238377700617,322553200,3422.23828125,3251.12646484375,3088.570068359375,3131.34814453125,3278.504345703125,3233.15966796875,3114.23681640625
2025-04-08,3114.23681640625,3208.3483685503948,2951.680499066363,2960.236094715831,734807100,3465.016357421875,3422.23828125,3251.12646484375,3165.570556640625,3268.23759765625,3223.7485107421876,3105.68115234375
2025-04-09,3105.68115234375,3174.1259160317663,3080.014365960744,3088.5699614217456,366649900,3114.23681640625,3465.016357421875,3422.23828125,3088.570068359375,3271.659814453125,3206.6373046875,3251.12646484375
2025-04-10,3251.12646484375,3362.3492123252468,3225.459676963405,3353.793616365132,417562900,3105.68115234375,3114.23681640625,3465.016357421875,3251.12646484375,3271.659814453125,3216.9040283203126,3285.88623046875
2025-04-11,3285.88623046875,3303.990286834969,3249.678117736312,3258.7301459194214,301200600,3251.12646484375,3105.68115234375,3114.23681640625,3422.23828125,3244.389404296875,3228.0800537109376,3340.1982421875
2025-04-14,3340.1982421875,3340.1982421875,3276.83404789126,3285.8860756478657,169458300,3285.88623046875,3251.12646484375,3105.68115234375,3465.016357421875,3219.42578125,3248.9650634765626,3340.1982421875
2025-04-15,3340.1982421875,3421.666491996951,3331.1462144308944,3376.4063532139226,254224400,3340.1982421875,3285.88623046875,3251.12646484375,3114.23681640625,3264.61806640625,3266.42783203125,3303.990478515625
2025-04-16,3303.990478515625,3349.250622056935,3258.730334974315,3340.198593348673,233772400,3340.1982421875,3340.1982421875,3285.88623046875,3105.68115234375,3304.279931640625,3287.969873046875,3294.938232421875
2025-04-17,3294.938232421875,3322.094316755022,3267.782148088728,3322.094316755022,121059300,3303.990478515625,3340.1982421875,3340.1982421875,3251.12646484375,3313.04228515625,3292.3510498046876,3276.834228515625
2025-04-21,3276.834228515625,3313.0423415378973,3231.574087237785,3276.834228515625,107470200,3294.938232421875,3303.990478515625,3340.1982421875,3285.88623046875,3311.231884765625,3277.81064453125,3285.88623046875
2025-04-22,3285.88623046875,3303.990286834969,3258.7301459194214,3258.7301459194214,147116900,3276.834228515625,3294.938232421875,3303.990478515625,3340.1982421875,3300.369482421875,3259.8976318359373,3403.562744140625
2025-04-23,3403.562744140625,3430.7188298651517,3294.9384012425203,3313.042458392204,432999900,3285.88623046875,3276.834228515625,3294.938232421875,3340.1982421875,3313.0423828125,3288.830224609375,3376.406494140625
2025-04-24,3376.406494140625,3475.978803619303,3367.3544660062,3430.7186629471767,272537300,3403.562744140625,3285.88623046875,3276.834228515625,3303.990478515625,3327.5255859375,3315.9027587890623,3385.458740234375
2025-04-25,3385.458740234375,3430.718883820396,3376.4067115171706,3412.614826385988,136517100,3376.406494140625,3403.562744140625,3285.88623046875,3294.938232421875,3345.6296875,3329.335986328125,3475.978759765625
2025-04-28,3475.978759765625,3485.030787785848,3421.666591644287,3430.7186196645102,212945800,3385.458740234375,3376.406494140625,3403.562744140625,3276.834228515625,3385.45859375,3348.3452392578124,3485.031005859375
2025-04-29,3485.031005859375,3503.13506303267,3457.874920099432,3494.0830344460223,160631400,3475.978759765625,3385.458740234375,3376.406494140625,3285.88623046875,3425.287548828125,3362.828515625,3485.031005859375
2025-04-30,3485.031005859375,3485.031005859375,3412.614777166193,3448.822891512784,226832200,3485.031005859375,3475.978759765625,3385.458740234375,3403.562744140625,3441.581201171875,3377.3117919921874,3512.18701171875
2025-05-02,3512.18701171875,3548.395125241624,3485.0309265765945,3548.395125241624,205628100,3485.031005859375,3485.031005859375,3475.978759765625,3376.406494140625,3468.7373046875,3398.1314453125,3494.0830078125
2025-05-05,3494.0830078125,3548.395178918394,3494.0830078125,3530.291121883096,196917100,3512.18701171875,3485.031005859375,3485.031005859375,3385.458740234375,3490.462158203125,3418.0459228515624,3512.18701171875
2025-05-06,3512.18701171875,3530.291068480187,3475.9788981958764,3475.9788981958764,111333800,3494.0830078125,3512.18701171875,3485.031005859375,3475.978759765625,3497.70380859375,3441.581201171875,3539.343017578125
2025-05-07,3539.343017578125,3539.343017578125,3503.1349048663283,3530.290989400176,119763100,3512.18701171875,3494.0830078125,3512.18701171875,3485.031005859375,3508.5662109375,3466.9268798828125,3430.71875
2025-05-08,3430.71875,3584.6032321899734,3421.666721635884,3539.343090369393,224121900,3539.343017578125,3512.18701171875,3494.0830078125,3485.031005859375,3497.703759765625,3469.64248046875,3475.978759765625
2025-05-09,3475.978759765625,3475.978759765625,3403.5625356038413,3448.822675704956,147638100,3430.71875,3539.343017578125,3512.18701171875,3512.18701171875,3490.462109375,3479.59970703125,3702.279541015625
2025-05-14,3702.279541015625,3702.279541015625,3584.6031741862776,3620.811287056846,461642400,3475.978759765625,3430.71875,3539.343017578125,3494.0830078125,3532.101416015625,3511.281787109375,3865.216064453125
2025-05-15,3865.216064453125,3901.42417746908,3738.487668897285,3747.5396971512737,537151700,3702.279541015625,3475.978759765625,3430.71875,3512.18701171875,3602.7072265625,3550.205517578125,3847.112060546875
2025-05-16,3847.112060546875,3919.5282875689336,3765.643805147058,3901.424230813419,289337600,3865.216064453125,3702.279541015625,3475.978759765625,3539.343017578125,3664.26103515625,3586.413623046875,3829.0078125
2025-05-19,3829.0078125,3856.163896276596,3801.851728723404,3829.0078125,145935500,3847.112060546875,3865.216064453125,3702.279541015625,3430.71875,3743.91884765625,3620.8113037109374,3810.90380859375
2025-05-20,3810.90380859375,3874.268004936164,3774.6956963980847,3829.007864691583,209576900,3829.0078125,3847.112060546875,3865.216064453125,3475.978759765625,3810.903857421875,3650.6829833984375,3856.1640625
2025-05-21,3856.1640625,3901.4242040786394,3810.9039209213615,3810.9039209213615,256020200,3810.90380859375,3829.0078125,3847.112060546875,3702.279541015625,3841.68076171875,3686.8910888671876,3892.3720703125
2025-05-22,3892.3720703125,3901.424098382994,3838.059901889535,3874.268014171512,208291800,3856.1640625,3810.90380859375,3829.0078125,3865.216064453125,3847.111962890625,3724.9095947265623,3937.63232421875
2025-05-23,3937.63232421875,3955.736380881825,3919.528267555675,3937.63232421875,108182800,3892.3720703125,3856.1640625,3810.90380859375,3847.112060546875,3865.216015625,3764.738525390625,3910.47607421875
2025-05-26,3910.47607421875,3937.632158067491,3856.163906521268,3937.632158067491,149418600,3937.63232421875,3892.3720703125,3856.1640625,3829.0078125,3881.50966796875,3812.7142578125,3955.736328125
2025-05-27,3955.736328125,3955.736328125,3874.268074227689,3910.4761870709385,180028000,3910.47607421875,3937.63232421875,3892.3720703125,3810.90380859375,3910.476171875,3860.6900146484377,4028.152587890625
2025-05-28,4028.152587890625,4028.152587890625,3910.4762201544954,3946.684333304073,466133500,3955.736328125,3910.47607421875,3937.63232421875,3856.1640625,3944.873876953125,3893.2773193359376,3801.851806640625
2025-06-02,3801.851806640625,3973.840340750558,3801.851806640625,3946.684256417411,389541100,4028.152587890625,3955.736328125,3910.47607421875,3892.3720703125,3926.76982421875,3886.9408935546876,3801.851806640625
2025-06-03,3801.851806640625,3829.0078909737726,3729.435581752232,3810.9038347516735,277902300,3801.851806640625,4028.152587890625,3955.736328125,3937.63232421875,3899.613720703125,3882.4148681640627,3693.2275390625
2025-06-04,3693.2275390625,3829.007963292739,3693.2275390625,3829.007963292739,279755300,3801.851806640625,3801.851806640625,4028.152587890625,3910.47607421875,3856.164013671875,3868.8368408203123,3711.331787109375
2025-06-05,3711.331787109375,3747.539902105564,3666.0716433641383,3720.383815858422,230129500,3693.2275390625,3801.851806640625,3801.851806640625,3955.736328125,3807.28310546875,3858.879638671875,3756.591796875
2025-06-10,3756.591796875,3765.6438253012047,3711.331654743976,3711.331654743976,179827500,3711.331787109375,3693.2275390625,3801.851806640625,4028.152587890625,3752.970947265625,3848.922412109375,3684.175537109375
2025-06-11,3684.175537109375,3747.5397355363175,3675.123508762669,3738.487707189612,196558700,3756.591796875,3711.331787109375,3693.2275390625,3801.851806640625,3729.435693359375,3828.1027587890626,3684.175537109375
2025-06-12,3684.175537109375,3711.331622149493,3675.123508762669,3684.175537109375,113850500,3684.175537109375,3756.591796875,3711.331787109375,3801.851806640625,3705.900439453125,3802.757080078125,3620.811279296875
2025-06-13,3620.811279296875,3666.0714202880863,3602.7072229003907,3638.9153356933593,283826000,3684.175537109375,3684.175537109375,3756.591796875,3693.2275390625,3691.4171875,3773.7906005859377,3611.75927734375
2025-06-16,3611.75927734375,3629.863333871789,3584.603192551692,3602.707249079731,155450700,3620.811279296875,3684.175537109375,3684.175537109375,3711.331787109375,3671.502685546875,3739.3928955078127,3584.60302734375
2025-06-17,3584.60302734375,3647.967222271544,3584.60302734375,3629.863166577889,125769400,3611.75927734375,3620.811279296875,3684.175537109375,3756.591796875,3637.104931640625,3695.037939453125,3566.4990234375
2025-06-18,3566.4990234375,3584.6030793940354,3530.290911524429,3575.551051415768,140882100,3584.60302734375,3611.75927734375,3620.811279296875,3684.175537109375,3613.56962890625,3671.5026611328126,3439.770751953125
2025-06-19,3439.770751953125,3548.3950914884867,3439.770751953125,3530.29103489926,355413000,3566.4990234375,3584.60302734375,3611.75927734375,3684.175537109375,3564.688671875,3635.2945556640625,3430.71875
2025-06-20,3430.71875,3475.9788918205804,3385.45860817942,3385.45860817942,516177900,3439.770751953125,3566.4990234375,3584.60302734375,3620.811279296875,3526.670166015625,3609.0436767578126,3367.3544921875
2025-06-23,3367.3544921875,3394.5105768019152,3313.042322958669,3376.406520392305,222067700,3430.71875,3439.770751953125,3566.4990234375,3611.75927734375,3477.789208984375,3574.645947265625,3421.66650390625
2025-06-24,3421.66650390625,3530.2908373635914,3412.6144761181386,3457.874615058697,281594300,3367.3544921875,3430.71875,3439.770751953125,3584.60302734375,3445.201904296875,3541.15341796875,3403.562744140625
2025-06-25,3403.562744140625,3466.92694416452,3376.4066584160987,3466.92694416452,164257700,3421.66650390625,3367.3544921875,3430.71875,3566.4990234375,3412.6146484375,3513.092138671875,3466.927001953125
2025-06-26,3466.927001953125,3466.927001953125,3394.5107721473155,3421.666858324494,171427000,3403.562744140625,3421.66650390625,3367.3544921875,3439.770751953125,3418.0458984375,3491.36728515625,3385.458740234375
2025-06-30,3385.458740234375,3475.979027406417,3376.4067115171706,3475.979027406417,271933200,3466.927001953125,3403.562744140625,3421.66650390625,3430.71875,3408.993896484375,3467.83203125,3349.25048828125
2025-07-01,3349.25048828125,3430.718743401605,3322.094403241132,3421.6667150548988,212288800,3385.458740234375,3466.927001953125,3403.562744140625,3367.3544921875,3405.373095703125,3441.58115234375,3331.146484375
2025-07-02,3331.146484375,3349.250541355299,3294.938370414402,3303.9903989045515,220273500,3349.25048828125,3385.458740234375,3466.927001953125,3421.66650390625,3387.269091796875,3416.235498046875,3331.146484375
2025-07-03,3331.146484375,3376.406626825747,3331.146484375,3358.3025698454485,119674300,3331.146484375,3349.25048828125,3385.458740234375,3403.562744140625,3372.78583984375,3392.700244140625,3322.094482421875
2025-07-04,3322.094482421875,3358.3025966717046,3303.99042529696,3331.1465109843325,91141200,3331.146484375,3331.146484375,3349.25048828125,3466.927001953125,3343.8193359375,3380.9326171875,3349.25048828125
2025-07-07,3349.25048828125,3349.25048828125,3303.99034654772,3322.094403241132,78783800,3322.094482421875,3331.146484375,3331.146484375,3385.458740234375,3336.577685546875,3372.785791015625,3322.094482421875
2025-07-08,3322.094482421875,3349.250568109247,3303.99042529696,3340.1985395467896,115551200,3349.25048828125,3322.094482421875,3331.146484375,3349.25048828125,3331.146484375,3368.2597900390624,3331.146484375
2025-07-09,3331.146484375,3349.250541355299,3303.9903989045515,3303.9903989045515,92437900,3322.094482421875,3349.25048828125,3322.094482421875,3331.146484375,3331.146484375,3359.2077880859374,3503.134765625
2025-07-10,3503.134765625,3512.1867934431525,3331.146237080103,3340.198264898256,290117200,3331.146484375,3322.094482421875,3349.25048828125,3331.146484375,3365.544140625,3369.164990234375,3512.18701171875
2025-07-11,3512.18701171875,3548.395125241624,3503.134983338032,3548.395125241624,255634700,3503.134765625,3331.146484375,3322.094482421875,3322.094482421875,3403.562646484375,3373.6909912109377,3421.66650390625
2025-07-14,3421.66650390625,3521.2388095754795,3394.5104205419148,3512.186781787368,167151400,3512.18701171875,3503.134765625,3331.146484375,3349.25048828125,3418.045849609375,3377.311767578125,3512.18701171875
2025-07-15,3512.18701171875,3512.18701171875,3421.666727911565,3439.7707846730027,183209300,3421.66650390625,3512.18701171875,3503.134765625,3322.094482421875,3456.06435546875,3393.605419921875,3512.18701171875
2025-07-16,3512.18701171875,3584.6032387644973,3512.18701171875,3575.551210383779,241966800,3512.18701171875,3421.66650390625,3512.18701171875,3331.146484375,3492.2724609375,3411.70947265625,3521.239013671875
2025-07-17,3521.239013671875,3557.447126923,3512.186985359094,3557.447126923,111359500,3512.18701171875,3512.18701171875,3421.66650390625,3503.134765625,3495.893310546875,3430.7187255859376,3494.0830078125
2025-07-18,3494.0830078125,3566.499235953692,3494.0830078125,3539.343150400745,111030000,3521.239013671875,3512.18701171875,3512.18701171875,3512.18701171875,3492.272509765625,3447.917578125,3466.927001953125
2025-07-21,3466.927001953125,3530.291203033208,3466.927001953125,3521.239174307482,89765800,3494.0830078125,3521.239013671875,3512.18701171875,3421.66650390625,3501.324609375,3459.6852294921873,3475.978759765625
2025-07-22,3475.978759765625,3512.186871846517,3466.926731745402,3494.082815806071,84902800,3466.927001953125,3494.0830078125,3521.239013671875,3512.18701171875,3494.082958984375,3475.0736572265623,3439.770751953125
2025-07-23,3439.770751953125,3494.0829217208056,3430.7187236585114,3475.978865131579,132305000,3475.978759765625,3466.927001953125,3494.0830078125,3512.18701171875,3479.59970703125,3485.936083984375,3575.55126953125
2025-07-24,3575.55126953125,3575.55126953125,3457.874898635285,3466.926927165744,206654200,3439.770751953125,3475.978759765625,3466.927001953125,3521.239013671875,3490.462158203125,3493.177734375,3512.18701171875
2025-07-25,3512.18701171875,3575.551210383779,3503.134983338032,3575.551210383779,86263700,3575.55126953125,3439.770751953125,3475.978759765625,3494.0830078125,3494.082958984375,3493.177734375,3566.4990234375
2025-07-28,3566.4990234375,3575.551051415768,3548.394967480964,3566.4990234375,94898300,3512.18701171875,3575.55126953125,3439.770751953125,3466.927001953125,3513.99736328125,3507.660986328125,3548.395263671875
2025-07-29,3548.395263671875,3557.447292405732,3530.2912062041614,3557.447292405732,98887100,3566.4990234375,3512.18701171875,3575.55126953125,3475.978759765625,3528.4806640625,3511.2818115234377,3421.66650390625
2025-07-30,3421.66650390625,3539.342865151704,3412.6144761181386,3539.342865151704,206358500,3548.395263671875,3566.4990234375,3512.18701171875,3439.770751953125,3524.859814453125,3502.2297607421874,3358.302490234375
2025-07-31,3358.302490234375,3430.7187164388897,3349.250461958811,3421.666688163325,163371700,3421.66650390625,3548.395263671875,3566.4990234375,3575.55126953125,3481.41005859375,3485.9361083984377,3385.458740234375
2025-08-01,3385.458740234375,3439.7709125376005,3385.458740234375,3439.7709125376005,134100500,3358.302490234375,3421.66650390625,3548.395263671875,3512.18701171875,3456.064404296875,3475.073681640625,3358.302490234375
2025-08-04,3358.302490234375,3385.458575061068,3340.1984336832465,3367.354518509939,104446300,3385.458740234375,3358.302490234375,3421.66650390625,3566.4990234375,3414.42509765625,3464.21123046875,3385.458740234375
2025-08-05,3385.458740234375,3430.718883820396,3349.2506253655583,3349.2506253655583,184822600,3358.302490234375,3385.458740234375,3358.302490234375,3548.395263671875,3381.83779296875,3455.159228515625,3358.302490234375
2025-08-06,3358.302490234375,3421.666688163325,3358.302490234375,3412.6146598877613,100168200,3385.458740234375,3358.302490234375,3385.458740234375,3421.66650390625,3369.164990234375,3447.01240234375,3358.302490234375
2025-08-07,3358.302490234375,3394.5106033366324,3349.250461958811,3376.406546785504,92746000,3358.302490234375,3385.458740234375,3358.302490234375,3358.302490234375,3369.164990234375,3425.2875244140623,3349.25048828125
2025-08-08,3349.25048828125,3376.4065733213683,3349.25048828125,3358.3025166279563,133180100,3358.302490234375,3358.302490234375,3385.458740234375,3385.458740234375,3361.92333984375,3408.9938720703126,3448.82275390625
2025-08-11,3448.82275390625,3448.82275390625,3367.3544998769685,3367.3544998769685,143167900,3349.25048828125,3358.302490234375,3358.302490234375,3358.302490234375,3380.027392578125,3397.2262451171873,3666.0712890625
2025-08-12,3666.0712890625,3666.0712890625,3466.926675829476,3494.0827594521606,404797800,3448.82275390625,3349.25048828125,3358.302490234375,3385.458740234375,3436.14990234375,3408.99384765625,3693.2275390625
2025-08-13,3693.2275390625,3711.331595626532,3611.7592845243566,3675.123482498468,292104000,3666.0712890625,3448.82275390625,3349.25048828125,3358.302490234375,3503.134912109375,3436.149951171875,3675.12353515625
2025-08-14,3675.12353515625,3711.3316488031096,3657.01947833282,3693.22759197968,164408100,3693.2275390625,3666.0712890625,3448.82275390625,3358.302490234375,3566.49912109375,3467.8320556640624,3729.435546875
2025-08-15,3729.435546875,3756.5916309541863,3684.175406743022,3711.3314908222087,269255400,3675.12353515625,3693.2275390625,3666.0712890625,3349.25048828125,3642.5361328125,3502.229736328125,3657.01953125
2025-08-19,3657.01953125,3711.331702506188,3629.863445621906,3702.27967396349,208409700,3729.435546875,3675.12353515625,3693.2275390625,3448.82275390625,3684.17548828125,3532.1014404296875,3756.591796875
2025-08-20,3756.591796875,3756.591796875,3666.071512612952,3666.071512612952,173260400,3657.01953125,3729.435546875,3675.12353515625,3666.0712890625,3702.27958984375,3569.21474609375,3756.591796875
2025-08-21,3756.591796875,3774.6958537274095,3702.279626317771,3765.6438253012047,112477700,3756.591796875,3657.01953125,3729.435546875,3693.2275390625,3714.95244140625,3609.0436767578126,3711.331787109375
2025-08-22,3711.331787109375,3774.6959883527056,3711.331787109375,3774.6959883527056,71971500,3756.591796875,3756.591796875,3657.01953125,3675.12353515625,3722.194091796875,3644.3466064453123,3810.90380859375
2025-08-25,3810.90380859375,3865.215976887248,3774.6956963980847,3783.747724447001,195322200,3711.331787109375,3756.591796875,3756.591796875,3729.435546875,3738.487744140625,3690.5119384765626,3774.69580078125
2025-08-26,3774.69580078125,3819.955942277428,3774.69580078125,3819.955942277428,267465600,3810.90380859375,3711.331787109375,3756.591796875,3657.01953125,3762.022998046875,3723.0992431640625,3738.48779296875
2025-08-27,3738.48779296875,3756.591850077557,3684.1756216423273,3738.48779296875,123874000,3774.69580078125,3810.90380859375,3711.331787109375,3756.591796875,3758.402197265625,3730.3408935546877,3747.53955078125
2025-08-28,3747.53955078125,3756.591578681688,3720.383467079937,3738.487522880812,60838200,3738.48779296875,3774.69580078125,3810.90380859375,3756.591796875,3756.591748046875,3735.7720947265625,3666.0712890625
2025-08-29,3666.0712890625,3729.435484182099,3638.915205439815,3711.331428433642,217276600,3747.53955078125,3738.48779296875,3774.69580078125,3711.331787109375,3747.5396484375,3734.8668701171873,3602.707275390625
2025-09-01,3602.707275390625,3629.863360381007,3494.0829354290986,3557.447133739989,234206100,3666.0712890625,3747.53955078125,3738.48779296875,3810.90380859375,3705.900341796875,3722.19404296875,3584.60302734375
2025-09-02,3584.60302734375,3666.071277965199,3584.60302734375,3602.707083037405,111856000,3602.707275390625,3666.0712890625,3747.53955078125,3774.69580078125,3667.881787109375,3714.952392578125,3647.96728515625
2025-09-03,3647.96728515625,3647.96728515625,3575.551061133297,3638.915257153381,112507500,3584.60302734375,3602.707275390625,3666.0712890625,3738.48779296875,3649.777685546875,3704.08994140625,3620.811279296875
2025-09-04,3620.811279296875,3629.863307495117,3584.6031665039063,3602.7072229003907,87402700,3647.96728515625,3584.60302734375,3602.707275390625,3747.53955078125,3624.43203125,3690.5118896484373,3530.291015625
2025-09-08,3530.291015625,3684.175495793269,3521.2389873798074,3684.175495793269,143993900,3620.811279296875,3647.96728515625,3584.60302734375,3666.0712890625,3597.2759765625,3672.4078125,3430.71875
2025-09-09,3430.71875,3521.239033641161,3394.5106365435354,3503.134976912929,327167200,3530.291015625,3620.811279296875,3647.96728515625,3602.707275390625,3562.878271484375,3634.389306640625,3512.18701171875
2025-09-10,3512.18701171875,3521.239040099468,3457.8748414344395,3457.8748414344395,117680500,3430.71875,3530.291015625,3620.811279296875,3584.60302734375,3548.395068359375,3608.138427734375,3693.2275390625
2025-09-11,3693.2275390625,3729.435652190564,3602.707256242341,3620.811312806373,281910400,3512.18701171875,3430.71875,3530.291015625,3647.96728515625,3557.447119140625,3603.61240234375,3783.747802734375
2025-09-12,3783.747802734375,3792.799830970581,3720.383605080928,3783.747802734375,235383800,3693.2275390625,3512.18701171875,3430.71875,3620.811279296875,3590.034423828125,3607.2332275390627,3747.53955078125
2025-09-15,3747.53955078125,3819.955773984753,3729.435494980375,3801.851718183877,157482000,3783.747802734375,3693.2275390625,3512.18701171875,3530.291015625,3633.484130859375,3615.3800537109373,3738.48779296875
2025-09-16,3738.48779296875,3774.695907186365,3693.2276501967312,3765.643878631961,167511900,3747.53955078125,3783.747802734375,3693.2275390625,3430.71875,3695.037939453125,3628.95810546875,3819.9560546875
2025-09-17,3819.9560546875,3819.9560546875,3729.435769031398,3765.643883293839,245154800,3738.48779296875,3747.53955078125,3783.747802734375,3512.18701171875,3756.591748046875,3652.493408203125,3847.112060546875
2025-09-18,3847.112060546875,3865.2161173023896,3810.9039470358457,3865.2161173023896,332670300,3819.9560546875,3738.48779296875,3747.53955078125,3693.2275390625,3787.36865234375,3672.4078857421873,3847.112060546875
2025-09-19,3847.112060546875,3847.112060546875,3783.7478619025737,3829.00800379136,211373200,3847.112060546875,3819.9560546875,3738.48779296875,3783.747802734375,3800.04150390625,3695.0379638671875,3765.643798828125
2025-09-22,3765.643798828125,3847.1120540912334,3720.383657015287,3847.1120540912334,157592800,3847.112060546875,3847.112060546875,3819.9560546875,3747.53955078125,3803.662353515625,3718.5732421875,3747.53955078125
2025-09-23,3747.53955078125,3774.695634482564,3720.383467079937,3729.435494980375,110771700,3765.643798828125,3847.112060546875,3847.112060546875,3738.48779296875,3805.472705078125,3750.255322265625,3774.69580078125
2025-09-24,3774.69580078125,3774.69580078125,3711.331602686601,3747.539715883543,124591600,3747.53955078125,3765.643798828125,3847.112060546875,3819.9560546875,3796.420654296875,3776.506201171875,3684.175537109375
2025-09-25,3684.175537109375,3774.695820576436,3666.071480415963,3774.695820576436,129656800,3774.69580078125,3747.53955078125,3765.643798828125,3847.112060546875,3763.833349609375,3775.6010009765623,3657.01953125
2025-09-26,3657.01953125,3693.227645420792,3620.811417079208,3666.071559792698,146229200,3684.175537109375,3774.69580078125,3747.53955078125,3847.112060546875,3725.81484375,3762.928173828125,3602.707275390625
2025-09-29,3602.707275390625,3657.019445371389,3584.603218730371,3657.019445371389,126611800,3657.01953125,3684.175537109375,3774.69580078125,3765.643798828125,3693.2275390625,3748.4449462890625,3530.291015625
2025-09-30,3530.291015625,3602.707241586538,3530.291015625,3602.707241586538,217357100,3602.707275390625,3657.01953125,3684.175537109375,3747.53955078125,3649.77783203125,3727.6252685546874,3448.82275390625
2025-10-01,3448.82275390625,3566.4991208374345,3439.7707256807744,3494.0828950336286,223133600,3530.291015625,3602.707275390625,3657.01953125,3774.69580078125,3584.60322265625,3690.5119384765626,3358.302490234375
2025-10-02,3358.302490234375,3430.7187164388897,3358.302490234375,3403.562631612197,379620000,3448.82275390625,3530.291015625,3602.707275390625,3684.175537109375,3519.42861328125,3641.6309814453125,3340.1982421875
2025-10-03,3340.1982421875,3394.510408727134,3331.1462144308944,3358.3022977007117,214737100,3358.302490234375,3448.82275390625,3530.291015625,3657.01953125,3456.06435546875,3590.939599609375,3313.042236328125
2025-10-06,3313.042236328125,3385.4584600730022,3294.938180391906,3349.250348200564,190283900,3340.1982421875,3358.302490234375,3448.82275390625,3602.707275390625,3398.13134765625,3545.679443359375,3358.302490234375
2025-10-07,3358.302490234375,3367.354518509939,3322.0943771321176,3340.1984336832465,155933000,3313.042236328125,3340.1982421875,3358.302490234375,3530.291015625,3363.733642578125,3506.7557373046875,3367.3544921875
2025-10-08,3367.3544921875,3385.45854859711,3322.094351163474,3376.406520392305,148263700,3358.302490234375,3313.042236328125,3340.1982421875,3448.82275390625,3347.439990234375,3466.0216064453125,3494.0830078125
2025-10-09,3494.0830078125,3557.447207436043,3294.9383804242225,3340.1985230124674,479239500,3367.3544921875,3358.302490234375,3313.042236328125,3358.302490234375,3374.59609375,3447.012353515625,3376.406494140625
2025-10-10,3376.406494140625,3430.7186629471767,3340.198381602924,3430.7186629471767,277252300,3494.0830078125,3367.3544921875,3358.302490234375,3340.1982421875,3381.837744140625,3418.9510498046875,3313.042236328125
2025-10-13,3313.042236328125,3358.302376168673,3313.042236328125,3331.1462922643445,181694400,3376.406494140625,3494.0830078125,3367.3544921875,3313.042236328125,3381.837744140625,3389.9845458984373,3213.469970703125
2025-10-14,3213.469970703125,3340.198363913952,3213.469970703125,3294.938223481514,278639100,3313.042236328125,3376.406494140625,3494.0830078125,3358.302490234375,3352.871240234375,3358.30244140625,3168.2099609375
2025-10-15,3168.2099609375,3249.678217075893,3122.949818638393,3231.57416015625,468733500,3213.469970703125,3313.042236328125,3376.406494140625,3367.3544921875,3313.042333984375,3330.241162109375,3195.365966796875
2025-10-16,3195.365966796875,3240.6261079696355,3150.105825624115,3168.2098820932188,227629500,3168.2099609375,3213.469970703125,3313.042236328125,3494.0830078125,3253.29892578125,3313.947509765625,3168.2099609375
2025-10-17,3168.2099609375,3231.57416015625,3159.1579324776785,3195.3660463169645,244442400,3195.365966796875,3168.2099609375,3213.469970703125,3376.406494140625,3211.659619140625,3296.748681640625,3331.146484375
2025-10-20,3331.146484375,3376.406626825747,3204.4180855129075,3213.470114003057,391510300,3168.2099609375,3195.365966796875,3168.2099609375,3313.042236328125,3215.28046875,3298.5591064453124,3403.562744140625
2025-10-21,3403.562744140625,3430.7188298651517,3358.3026012664145,3421.666801290309,293000200,3331.146484375,3168.2099609375,3195.365966796875,3213.469970703125,3253.2990234375,3303.0851318359373,3349.25048828125
2025-10-22,3349.25048828125,3457.874828441723,3331.146431587838,3430.718743401605,329470700,3403.562744140625,3331.146484375,3168.2099609375,3168.2099609375,3289.50712890625,3301.2747314453127,3457.874755859375
2025-10-23,3457.874755859375,3457.874755859375,3349.250417978976,3367.354474292376,225902700,3349.25048828125,3403.562744140625,3331.146484375,3195.365966796875,3342.00888671875,3297.65390625,3485.031005859375
2025-10-24,3485.031005859375,3539.3431773792613,3457.874920099432,3457.874920099432,313903600,3457.874755859375,3349.25048828125,3403.562744140625,3168.2099609375,3405.373095703125,3308.516357421875,3494.0830078125
2025-10-27,3494.0830078125,3557.447207436043,3394.510694118361,3512.187064847798,332539600,3485.031005859375,3457.874755859375,3349.25048828125,3331.146484375,3437.960400390625,3326.6204345703127,3485.031005859375
2025-10-28,3485.031005859375,3494.0830344460223,3421.666805752841,3485.031005859375,239026800,3494.0830078125,3485.031005859375,3457.874755859375,3403.562744140625,3454.254052734375,3353.7765380859373,3521.239013671875
2025-10-29,3521.239013671875,3521.239013671875,3430.7187305440634,3466.926843795188,215008600,3485.031005859375,3494.0830078125,3485.031005859375,3349.25048828125,3488.6517578125,3389.079443359375,3539.343017578125
2025-10-30,3539.343017578125,3611.759243001718,3503.1349048663283,3530.290989400176,287905300,3521.239013671875,3485.031005859375,3494.0830078125,3457.874755859375,3504.94541015625,3423.4771484375,3602.707275390625
2025-10-31,3602.707275390625,3638.915388711134,3548.395105409862,3557.447133739989,348755700,3539.343017578125,3521.239013671875,3485.031005859375,3485.031005859375,3528.4806640625,3466.9268798828125,3657.01953125
2025-11-03,3657.01953125,3666.071559792698,3629.863445621906,3666.071559792698,163770500,3602.707275390625,3539.343017578125,3521.239013671875,3494.0830078125,3561.06796875,3499.5141845703124,3593.6552734375
2025-11-04,3593.6552734375,3666.071500610044,3593.6552734375,3647.967443816908,241154700,3657.01953125,3602.707275390625,3539.343017578125,3485.031005859375,3582.792822265625,3518.5234375,3602.707275390625
2025-11-05,3602.707275390625,3611.759303720752,3539.3430770797345,3566.499162070116,139859100,3593.6552734375,3657.01953125,3602.707275390625,3521.239013671875,3599.086474609375,3543.8691162109376,3620.811279296875
2025-11-06,3620.811279296875,3629.863307495117,3575.551138305664,3602.7072229003907,130808100,3602.707275390625,3593.6552734375,3657.01953125,3539.343017578125,3615.380126953125,3560.1627685546873,3602.707275390625
2025-11-07,3602.707275390625,3629.863360381007,3602.707275390625,3620.81133205088,87287600,3620.811279296875,3602.707275390625,3593.6552734375,3602.707275390625,3615.380126953125,3571.9303955078126,3557.447021484375
2025-11-10,3557.447021484375,3638.9152738847806,3557.447021484375,3629.8632458402913,148552900,3602.707275390625,3620.811279296875,3602.707275390625,3657.01953125,3595.465625,3578.266796875,3521.239013671875
2025-11-11,3521.239013671875,3584.603211861343,3494.0829287335314,3566.499155235781,179000200,3557.447021484375,3602.707275390625,3620.811279296875,3593.6552734375,3580.982373046875,3581.88759765625,3530.291015625
2025-11-12,3530.291015625,3575.551156850961,3521.2389873798074,3521.2389873798074,111115400,3521.239013671875,3557.447021484375,3602.707275390625,3602.707275390625,3566.49912109375,3582.7927978515627,3503.134765625
2025-11-13,3503.134765625,3539.34287689761,3503.134765625,3530.290849079457,99373200,3530.291015625,3521.239013671875,3557.447021484375,3620.811279296875,3542.963818359375,3579.17197265625,3530.291015625
2025-11-14,3530.291015625,3557.4471003605768,3494.0829026442307,3494.0829026442307,100717300,3503.134765625,3530.291015625,3521.239013671875,3602.707275390625,3528.48056640625,3571.9303466796873,3566.4990234375
2025-11-17,3566.4990234375,3575.551051415768,3512.186855567893,3512.186855567893,140868100,3530.291015625,3503.134765625,3530.291015625,3557.447021484375,3530.290966796875,3562.8782958984375,3593.6552734375
2025-11-18,3593.6552734375,3611.759330230637,3557.447159851228,3575.551216644364,205257700,3566.4990234375,3530.291015625,3503.134765625,3521.239013671875,3544.77421875,3562.8782958984375,3620.811279296875
2025-11-19,3620.811279296875,3620.811279296875,3593.6551947021485,3611.759251098633,107451000,3593.6552734375,3566.4990234375,3530.291015625,3530.291015625,3562.878271484375,3564.6886962890626,3611.75927734375
2025-11-20,3611.75927734375,3666.071446927867,3611.75927734375,3638.915362135808,183008400,3620.811279296875,3593.6552734375,3566.4990234375,3503.134765625,3584.603173828125,3563.78349609375,3584.60302734375
2025-11-21,3584.60302734375,3620.811138731061,3566.4989716500945,3602.707083037405,112666100,3611.75927734375,3620.811279296875,3593.6552734375,3530.291015625,3595.465576171875,3561.9730712890623,3602.707275390625
2025-11-24,3602.707275390625,3620.81133205088,3566.499162070116,3620.81133205088,262302000,3584.60302734375,3611.75927734375,3620.811279296875,3566.4990234375,3602.7072265625,3566.4990966796877,3466.927001953125
2025-11-25,3466.927001953125,3602.7074328390177,3466.927001953125,3602.7074328390177,396959100,3602.707275390625,3584.60302734375,3611.75927734375,3593.6552734375,3577.361572265625,3561.0678955078124,3430.71875
2025-11-26,3430.71875,3466.926863456464,3421.666721635884,3439.770778364116,288419400,3466.927001953125,3602.707275390625,3584.60302734375,3620.811279296875,3539.34306640625,3551.1106689453127,3385.458740234375
2025-11-27,3385.458740234375,3448.8229412548044,3367.3546827999667,3439.7709125376005,283451800,3430.71875,3466.927001953125,3602.707275390625,3611.75927734375,3494.082958984375,3539.34306640625,3331.146484375
2025-11-28,3331.146484375,3394.510683806046,3331.146484375,3358.3025698454485,353872800,3385.458740234375,3430.71875,3466.927001953125,3584.60302734375,3443.391650390625,3519.42861328125,3322.094482421875
2025-12-01,3322.094482421875,3376.40665379662,3313.042453859417,3331.1465109843325,299669500,3331.146484375,3385.458740234375,3430.71875,3602.707275390625,3387.269091796875,3494.9881591796875,3358.302490234375
2025-12-02,3358.302490234375,3376.406546785504,3322.0943771321176,3340.1984336832465,277714300,3322.094482421875,3331.146484375,3385.458740234375,3466.927001953125,3365.544189453125,3471.452880859375,3313.042236328125
2025-12-03,3313.042236328125,3349.250348200564,3313.042236328125,3340.198320232454,225357100,3358.302490234375,3322.094482421875,3331.146484375,3430.71875,3342.00888671875,3440.6759765625,3340.1982421875
2025-12-04,3340.1982421875,3340.1982421875,3303.990131161077,3313.0421589176826,221121100,3313.042236328125,3358.302490234375,3322.094482421875,3385.458740234375,3332.956787109375,3413.519873046875,3303.990478515625
2025-12-05,3303.990478515625,3349.250622056935,3303.990478515625,3349.250622056935,156161100,3340.1982421875,3313.042236328125,3358.302490234375,3331.146484375,3327.5255859375,3385.4586181640625,3322.094482421875
2025-12-08,3322.094482421875,3340.1985395467896,3313.042453859417,3331.1465109843325,124094700,3303.990478515625,3340.1982421875,3313.042236328125,3322.094482421875,3327.5255859375,3357.3973388671875,3331.146484375
2025-12-09,3331.146484375,3349.250541355299,3303.9903989045515,3349.250541355299,201089800,3322.094482421875,3303.990478515625,3340.1982421875,3358.302490234375,3322.094384765625,3343.819287109375,3313.042236328125
2025-12-10,3313.042236328125,3331.1462922643445,3303.9902083600155,3331.1462922643445,172677700,3331.146484375,3322.094482421875,3303.990478515625,3313.042236328125,3322.094384765625,3332.0516357421875,3276.834228515625
2025-12-11,3276.834228515625,3349.2504545601696,3240.626115493353,3331.146398049033,327591200,3313.042236328125,3331.146484375,3322.094482421875,3340.1982421875,3309.42158203125,3321.1891845703126,3285.88623046875
2025-12-12,3285.88623046875,3294.9382586518595,3240.6260895532023,3294.9382586518595,169747600,3276.834228515625,3313.042236328125,3331.146484375,3303.990478515625,3305.800732421875,3316.6631591796877,3421.66650390625
2025-12-15,3421.66650390625,3448.822587270585,3285.8860870845733,3303.990142660797,312694100,3285.88623046875,3276.834228515625,3313.042236328125,3322.094482421875,3325.71513671875,3326.620361328125,3340.1982421875
2025-12-16,3340.1982421875,3448.822575266768,3331.1462144308944,3439.7705475101625,237949900,3421.66650390625,3285.88623046875,3276.834228515625,3331.146484375,3327.52548828125,3324.8099365234375,3394.510498046875
2025-12-17,3394.510498046875,3421.66658203125,3331.146302083333,3340.1983300781253,273544100,3340.1982421875,3421.66650390625,3285.88623046875,3313.042236328125,3343.819140625,3332.9567626953126,3421.66650390625
2025-12-18,3421.66650390625,3457.874615058697,3394.5104205419148,3394.5104205419148,262527300,3394.510498046875,3340.1982421875,3421.66650390625,3276.834228515625,3372.785595703125,3341.1035888671877,3412.61474609375
2025-12-19,3412.61474609375,3448.82286011066,3403.562717589523,3439.7708316064327,228583500,3421.66650390625,3394.510498046875,3340.1982421875,3285.88623046875,3398.131298828125,3351.966015625,3403.562744140625
2025-12-22,3403.562744140625,3421.666801290309,3394.510715565783,3412.614772715467,161680300,3412.61474609375,3421.66650390625,3394.510498046875,3421.66650390625,3394.510546875,3360.112841796875,3412.61474609375
2025-12-23,3412.61474609375,3421.6667745979776,3376.40663207684,3403.562717589523,138427000,3403.562744140625,3412.61474609375,3421.66650390625,3340.1982421875,3408.99384765625,3368.25966796875,3412.61474609375
2025-12-24,3412.61474609375,3430.718803102205,3394.510689085296,3412.61474609375,121073600,3412.61474609375,3403.562744140625,3412.61474609375,3394.510498046875,3412.614697265625,3378.2169189453125,3421.66650390625
2025-12-29,3421.66650390625,3430.718531694362,3403.5624483300267,3421.66650390625,238061500,3412.61474609375,3412.61474609375,3403.562744140625,3421.66650390625,3412.614697265625,3392.700146484375,3437.6337890625
2025-12-30,3437.6337890625,3465.8111152023566,3428.2413470158813,3465.8111152023566,274402200,3421.66650390625,3412.61474609375,3412.61474609375,3412.61474609375,3417.618505859375,3407.87490234375,3418.848876953125
2026-01-02,3418.848876953125,3447.02620286208,3400.0639930138223,3437.633760892428,191985100,3437.6337890625,3421.66650390625,3412.61474609375,3403.562744140625,3420.675732421875,3407.5931396484375,3409.45654296875
2026-01-05,3409.45654296875,3437.6338697701444,3371.8867739002235,3409.45654296875,230544800,3418.848876953125,3437.6337890625,3421.66650390625,3412.61474609375,3420.044091796875,3414.5189697265623,3456.418701171875
2026-01-06,3456.418701171875,3465.811143294625,3409.4564905581265,3409.4564905581265,175820800,3409.45654296875,3418.848876953125,3437.6337890625,3412.61474609375,3428.8048828125,3420.7097900390627,3475.20361328125
2026-01-07,3475.20361328125,3484.596055479308,3437.63384448902,3456.418728885136,195024700,3456.418701171875,3409.45654296875,3418.848876953125,3421.66650390625,3439.5123046875,3426.0635009765624,3484.595947265625
2026-01-08,3484.595947265625,3531.558156797507,3475.2035053592485,3484.595947265625,182019700,3475.20361328125,3456.418701171875,3409.45654296875,3437.6337890625,3448.904736328125,3433.26162109375,3456.418701171875
2026-01-09,3456.418701171875,3512.773353908373,3447.026259049125,3503.380911785623,143474700,3484.595947265625,3475.20361328125,3456.418701171875,3418.848876953125,3456.418701171875,3438.547216796875,3475.20361328125
2026-01-12,3475.20361328125,3512.77338207348,3437.63384448902,3456.418728885136,215159700,3456.418701171875,3484.595947265625,3475.20361328125,3409.45654296875,3469.568115234375,3444.806103515625,3493.988525390625
2026-01-13,3493.988525390625,3503.3809676631804,3447.0263140278475,3475.203640845514,227620800,3475.20361328125,3456.418701171875,3484.595947265625,3456.418701171875,3477.082080078125,3452.9434814453125,3493.988525390625
2026-01-14,3493.988525390625,3522.165852208291,3475.203640845514,3512.773409935736,170097000,3493.988525390625,3475.20361328125,3456.418701171875,3475.20361328125,3480.8390625,3460.17568359375,3587.912841796875
2026-01-15,3587.912841796875,3616.090167779573,3503.380863848781,3503.380863848781,407151300,3493.988525390625,3493.988525390625,3475.20361328125,3484.595947265625,3501.50244140625,3475.2035888671876,3606.69775390625
2026-01-19,3606.69775390625,3663.052406311035,3578.5204277038574,3616.0901959737134,359652500,3587.912841796875,3493.988525390625,3493.988525390625,3456.418701171875,3531.558251953125,3493.9884765625,3616.09033203125
2026-01-20,3616.09033203125,3644.267659293831,3587.913004768669,3606.6978896103897,170245800,3606.69775390625,3587.912841796875,3493.988525390625,3475.20361328125,3559.735595703125,3514.65185546875,3587.912841796875
2026-01-21,3587.912841796875,3616.090167779573,3569.12795780841,3616.090167779573,273678200,3616.09033203125,3606.69775390625,3587.912841796875,3493.988525390625,3578.520458984375,3527.80126953125,3578.5205078125
2026-01-22,3578.5205078125,3616.0902769233926,3559.735623257054,3616.0902769233926,153742700,3587.912841796875,3616.09033203125,3606.69775390625,3493.988525390625,3595.42685546875,3538.132958984375,3616.09033203125
2026-01-23,3616.09033203125,3616.09033203125,3531.5583502435065,3578.5205623478087,164603900,3578.5205078125,3587.912841796875,3616.09033203125,3587.912841796875,3601.062353515625,3551.2823974609373,3616.09033203125
2026-01-26,3616.09033203125,3616.09033203125,3569.128119926948,3606.6978896103897,120002700,3616.09033203125,3578.5205078125,3587.912841796875,3606.69775390625,3602.940869140625,3567.249560546875,3587.912841796875
2026-01-27,3587.912841796875,3616.090167779573,3550.3430738199445,3616.090167779573,157633200,3616.09033203125,3616.09033203125,3578.5205078125,3616.09033203125,3597.30537109375,3578.5204833984376,3371.88671875
2026-01-28,3371.88671875,3550.343118906685,3324.924508182451,3409.456487204039,726740400,3587.912841796875,3616.09033203125,3616.09033203125,3587.912841796875,3554.100146484375,3566.310302734375,3550.343017578125
2026-01-29,3550.343017578125,3550.343017578125,3090.113367151331,3334.3168551328954,781321200,3371.88671875,3587.912841796875,3616.09033203125,3578.5205078125,3548.4646484375,3571.945751953125,3578.5205078125
2026-01-30,3578.5205078125,3653.660046034285,3512.7734118684384,3550.343180979331,532329000,3550.343017578125,3371.88671875,3587.912841796875,3616.09033203125,3540.95068359375,3571.0065185546873,3597.305419921875
2026-02-02,3597.305419921875,3644.267631670202,3522.165881124551,3625.482746970871,334659200,3578.5205078125,3550.343017578125,3371.88671875,3616.09033203125,3537.193701171875,3570.06728515625,3569.1279296875
2026-02-03,3569.1279296875,3634.875023129112,3531.558162006579,3625.4825812088816,201224300,3597.305419921875,3578.5205078125,3550.343017578125,3587.912841796875,3533.43671875,3565.371044921875,3634.875
2026-02-04,3634.875,3644.267441860465,3569.1279069767443,3587.912790697674,251005600,3569.1279296875,3597.305419921875,3578.5205078125,3371.88671875,3586.034375,3570.0672607421875,3616.09033203125
2026-02-05,3616.09033203125,3700.6223138189935,3606.6978896103897,3616.09033203125,342757200,3634.875,3569.1279296875,3597.305419921875,3550.343017578125,3599.183837890625,3573.8242431640624,3550.343017578125
2026-02-06,3550.343017578125,3616.090110496239,3540.9505757326806,3569.1279012690147,279127200,3616.09033203125,3634.875,3569.1279296875,3578.5205078125,3593.54833984375,3567.24951171875,3540.95068359375
2026-02-09,3540.95068359375,3569.128009988395,3484.59603080446,3559.735567856847,215606400,3550.343017578125,3616.09033203125,3634.875,3597.305419921875,3582.277392578125,3559.735546875,3550.343017578125
2026-02-10,3550.343017578125,3559.73545942357,3503.380808350901,3522.165692041791,181835800,3540.95068359375,3550.343017578125,3616.09033203125,3569.1279296875,3578.52041015625,3555.978564453125,3569.1279296875
2026-02-11,3569.1279296875,3569.1279296875,3512.7732781661184,3559.7354877672697,147378100,3550.343017578125,3540.95068359375,3550.343017578125,3634.875,3565.37099609375,3575.702685546875,3559.735595703125
2026-02-12,3559.735595703125,3559.735595703125,3531.558269088061,3550.343153498104,185678800,3569.1279296875,3550.343017578125,3540.95068359375,3616.09033203125,3554.100048828125,3576.641943359375,3550.343017578125
2026-02-13,3550.343017578125,3569.1279012690147,3522.165692041791,3550.343017578125,144473700,3559.735595703125,3569.1279296875,3550.343017578125,3550.343017578125,3554.100048828125,3573.8241943359376,3597.305419921875
2026-02-18,3597.305419921875,3606.697862271541,3531.5583234742166,3550.343208173548,135223700,3550.343017578125,3559.735595703125,3569.1279296875,3540.95068359375,3565.37099609375,3573.8241943359376,3540.95068359375
2026-02-19,3540.95068359375,3616.090220646138,3540.95068359375,3616.090220646138,154562300,3597.305419921875,3550.343017578125,3559.735595703125,3550.343017578125,3563.492529296875,3571.0064697265625,3606.69775390625
2026-02-20,3606.69775390625,3634.8750801086426,3550.343101501465,3559.735543568929,191533500,3540.95068359375,3597.305419921875,3550.343017578125,3569.1279296875,3571.006494140625,3568.1887451171874,3663.052490234375
2026-02-23,3663.052490234375,3672.444932517027,3625.482721103766,3644.267605669071,189611200,3606.69775390625,3540.95068359375,3597.305419921875,3559.735595703125,3591.669873046875,3572.8849609375,3634.875
2026-02-24,3634.875,3653.6598837209294,3625.482558139535,3644.267441860465,191295900,3663.052490234375,3606.69775390625,3540.95068359375,3550.343017578125,3608.57626953125,3581.3381591796874,3728.799560546875
2026-02-25,3728.799560546875,3738.192002764877,3644.2675805848553,3644.2675805848553,263027700,3634.875,3663.052490234375,3606.69775390625,3597.305419921875,3634.87509765625,3600.123046875,3710.0146484375
2026-02-26,3710.0146484375,3728.799532733386,3681.837321993671,3728.799532733386,146158100,3728.799560546875,3634.875,3663.052490234375,3540.95068359375,3668.687890625,3616.0902099609375,3672.44482421875
2026-02-27,3672.44482421875,3710.014592241449,3644.267498201727,3710.014592241449,263179300,3710.0146484375,3728.799560546875,3634.875,3606.69775390625,3681.8373046875,3626.4218994140624,3587.912841796875
2026-03-02,3587.912841796875,3606.697725785341,3569.12795780841,3606.697725785341,204655700,3672.44482421875,3710.0146484375,3728.799560546875,3663.052490234375,3666.809375,3629.2396240234375,3540.95068359375
2026-03-03,3540.95068359375,3606.697778514589,3540.95068359375,3587.912894251492,113600400,3587.912841796875,3672.44482421875,3710.0146484375,3634.875,3648.02451171875,3628.300390625,3465.81103515625
2026-03-04,3465.81103515625,3540.950569793784,3437.633709667175,3540.950569793784,215656600,3540.95068359375,3587.912841796875,3672.44482421875,3728.799560546875,3595.426806640625,3615.1509521484377,3522.165771484375
2026-03-05,3522.165771484375,3550.34309765625,3493.9884453125,3493.9884453125,96625300,3465.81103515625,3540.95068359375,3587.912841796875,3710.0146484375,3557.85703125,3613.2724609375,3447.0263671875
2026-03-06,3447.0263671875,3522.1659065267368,3447.0263671875,3522.1659065267368,136987800,3522.165771484375,3465.81103515625,3540.95068359375,3672.44482421875,3512.77333984375,3597.305322265625,3353.101806640625
2026-03-09,3353.101806640625,3409.4564588530725,3343.709364605217,3371.8866907114407,215587500,3447.0263671875,3522.165771484375,3465.81103515625,3587.912841796875,3465.8111328125,3566.31025390625,3343.70947265625
2026-03-10,3343.70947265625,3390.67168435086,3343.70947265625,3381.279242011938,175353400,3353.101806640625,3447.0263671875,3522.165771484375,3540.95068359375,3426.362890625,3537.193701171875,3362.494384765625
2026-03-11,3362.494384765625,3381.2792695967178,3343.709499934532,3362.494384765625,100862200,3343.70947265625,3353.101806640625,3447.0263671875,3465.81103515625,3405.699560546875,3500.56318359375,3353.101806640625
2026-03-12,3353.101806640625,3390.671574782257,3353.101806640625,3362.494248676033,141366700,3362.494384765625,3343.70947265625,3353.101806640625,3522.165771484375,3371.886767578125,3464.8718994140627,3296.7470703125
2026-03-13,3296.7470703125,3371.886604678597,3296.7470703125,3343.709279291311,159393900,3353.101806640625,3362.494384765625,3343.70947265625,3447.0263671875,3341.830908203125,3427.3021240234375,3268.56982421875
2026-03-16,3268.56982421875,3296.747150289601,3221.6076141006647,3287.3547082659843,160328700,3296.7470703125,3353.101806640625,3362.494384765625,3353.101806640625,3324.92451171875,3395.367822265625,3268.56982421875
2026-03-17,3268.56982421875,3315.532034336836,3268.56982421875,3287.3547082659843,204208500,3268.56982421875,3296.7470703125,3353.101806640625,3343.70947265625,3309.89658203125,3368.129736328125,3324.924560546875
2026-03-25,3324.924560546875,3324.924560546875,3202.822811148261,3231.0001379325563,379422800,3268.56982421875,3268.56982421875,3296.7470703125,3362.494384765625,3302.3826171875,3354.0410888671877,3277.96240234375
2026-03-26,3277.96240234375,3353.101941652489,3268.569959930157,3324.924614411712,162060500,3324.924560546875,3268.56982421875,3268.56982421875,3353.101806640625,3287.354736328125,3329.620751953125,3212.215087890625
2026-03-27,3212.215087890625,3277.962180332831,3212.215087890625,3249.784855000457,207067900,3277.96240234375,3324.924560546875,3268.56982421875,3296.7470703125,3270.44833984375,3306.1396240234376,3155.860595703125
2026-03-30,3155.860595703125,3184.0379224504745,3127.683268955776,3146.4681534540086,317467700,3212.215087890625,3277.96240234375,3324.924560546875,3268.56982421875,3247.906494140625,3286.4155029296876,3127.68310546875
2026-03-31,3127.68310546875,3193.430197775901,3127.68310546875,3146.467988985079,298589200,3155.860595703125,3212.215087890625,3277.96240234375,3268.56982421875,3219.729150390625,3264.8128662109375,3146.468017578125
2026-04-01,3146.468017578125,3230.999994169776,3127.6831338910915,3193.430226795709,279604500,3127.68310546875,3155.860595703125,3212.215087890625,3324.924560546875,3184.037841796875,3243.2102294921874,3118.290771484375
2026-04-02,3118.290771484375,3184.037866063865,3118.290771484375,3137.075655649944,242569200,3146.468017578125,3127.68310546875,3155.860595703125,3277.96240234375,3152.103515625,3219.7291259765625,3108.8984375
2026-04-06,3108.8984375,3155.860649546828,3090.113552681269,3137.0757647280966,184143400,3118.290771484375,3146.468017578125,3127.68310546875,3212.215087890625,3131.440185546875,3200.9442626953123,3033.7587890625
2026-04-07,3033.7587890625,3118.290767705108,3024.366346991099,3108.898325633708,273842700,3108.8984375,3118.290771484375,3146.468017578125,3155.860595703125,3107.01982421875,3177.4631591796874,3137.07568359375
2026-04-08,3137.07568359375,3165.253010093096,3127.6832414273017,3137.07568359375,416112900,3033.7587890625,3108.8984375,3118.290771484375,3127.68310546875,3108.89833984375,3164.3137451171874,3080.720947265625
2026-04-09,3080.720947265625,3127.683156827601,3061.936063440835,3108.8982730028106,319141400,3137.07568359375,3033.7587890625,3108.8984375,3146.468017578125,3095.74892578125,3139.8933837890627,3184.037841796875
2026-04-10,3184.037841796875,3193.4302838080757,3090.1134216848727,3090.1134216848727,353451500,3080.720947265625,3137.07568359375,3033.7587890625,3118.290771484375,3108.89833984375,3130.500927734375,3165.2529296875
2026-04-13,3165.2529296875,3202.8226973989244,3146.468045831788,3184.0378135432125,176083800,3184.037841796875,3080.720947265625,3137.07568359375,3108.8984375,3120.16923828125,3125.8047119140624,3249.784912109375
2026-04-14,3249.784912109375,3277.962237936913,3212.2151443393245,3212.2151443393245,280543100,3165.2529296875,3184.037841796875,3080.720947265625,3033.7587890625,3163.374462890625,3135.1971435546875,3193.430419921875
2026-04-15,3193.430419921875,3296.7472864487595,3193.430419921875,3287.3548440372247,332898200,3249.784912109375,3165.2529296875,3184.037841796875,3137.07568359375,3174.64541015625,3141.771875,3202.82275390625
2026-04-16,3202.82275390625,3221.6076380933832,3174.64542762555,3193.430311812683,228465700,3193.430419921875,3249.784912109375,3165.2529296875,3080.720947265625,3199.065771484375,3147.4073486328125,3221.607666015625
2026-04-17,3221.607666015625,3240.39255036557,3202.8227816656795,3202.8227816656795,209108800,3202.82275390625,3193.430419921875,3249.784912109375,3184.037841796875,3206.579736328125,3157.7390380859374,3231.0
2026-04-20,3231.0,3259.1773255813955,3212.2151162790697,3231.0,354461400,3221.607666015625,3202.82275390625,3193.430419921875,3165.2529296875,3219.729150390625,3169.9491943359376,3270.0
2026-04-21,3270.0,3300.0,3230.0,3250.0,398239800,3231.0,3221.607666015625,3202.82275390625,3249.784912109375,3223.77216796875,3193.5733154296877,3240.0
2026-04-22,3240.0,3280.0,3240.0,3260.0,223077500,3270.0,3231.0,3221.607666015625,3193.430419921875,3233.086083984375,3203.8657470703124,3160.0
2026-04-23,3160.0,3270.0,3150.0,3240.0,352657300,3240.0,3270.0,3231.0,3202.82275390625,3224.521533203125,3211.79365234375,3070.0
2026-04-24,3070.0,3150.0,3060.0,3120.0,428089200,3160.0,3240.0,3270.0,3221.607666015625,3194.2,3200.3898681640626,3050.0
2026-04-27,3050.0,3100.0,3050.0,3060.0,216480300,3070.0,3160.0,3240.0,3231.0,3158.0,3188.8645751953127,3070.0
2026-04-28,3070.0,3080.0,3020.0,3050.0,232596600,3050.0,3070.0,3160.0,3270.0,3118.0,3170.886083984375,3070.0
2026-04-29,3070.0,3110.0,3050.0,3070.0,180641600,3070.0,3050.0,3070.0,3240.0,3084.0,3158.5430419921877,2990.0
2026-04-30,2990.0,3060.0,2980.0,3050.0,382750500,3070.0,3070.0,3050.0,3160.0,3050.0,3137.2607666015624,3040.0
2026-05-04,3040.0,3040.0,3000.0,3010.0,190480000,2990.0,3070.0,3070.0,3070.0,3044.0,3119.1,3150.0
2026-05-05,3150.0,3170.0,3040.0,3050.0,253157600,3040.0,2990.0,3070.0,3050.0,3064.0,3111.0,3160.0
2026-05-06,3160.0,3190.0,3130.0,3150.0,185002500,3150.0,3040.0,2990.0,3070.0,3082.0,3100.0,3310.0
2026-05-07,3310.0,3330.0,3190.0,3200.0,312804400,3160.0,3150.0,3040.0,3070.0,3130.0,3107.0,3260.0
2026-05-08,3260.0,3360.0,3260.0,3310.0,335638700,3310.0,3160.0,3150.0,2990.0,3184.0,3117.0,3200.0
2026-05-11,3200.0,3280.0,3200.0,3260.0,196431000,3260.0,3310.0,3160.0,3040.0,3216.0,3130.0,3220.0
2026-05-12,3220.0,3240.0,3170.0,3200.0,151508100,3200.0,3260.0,3310.0,3150.0,3230.0,3147.0,3120.0
2026-05-13,3120.0,3210.0,3120.0,3200.0,155231500,3220.0,3200.0,3260.0,3160.0,3222.0,3152.0,3120.0
2026-05-14,3120.0,3120.0,3120.0,3120.0,0,3120.0,3220.0,3200.0,3310.0,3184.0,3157.0,3120.0
2026-05-15,3120.0,3120.0,3120.0,3120.0,0,3120.0,3120.0,3220.0,3260.0,3156.0,3170.0,3060.0
2026-05-18,3060.0,3100.0,3010.0,3040.0,348373200,3120.0,3120.0,3120.0,3200.0,3128.0,3172.0,3040.0
2026-05-19,3040.0,3140.0,3040.0,3060.0,224758600,3060.0,3120.0,3120.0,3220.0,3092.0,3161.0,3040.0
2026-05-20,3040.0,3110.0,3030.0,3060.0,273501800,3040.0,3060.0,3120.0,3120.0,3076.0,3149.0,3020.0
2026-05-21,3020.0,3090.0,3020.0,3050.0,173346000,3040.0,3040.0,3060.0,3120.0,3056.0,3120.0,3050.0
2026-05-22,3050.0,3070.0,3000.0,3020.0,158122200,3020.0,3040.0,3040.0,3120.0,3042.0,3099.0,3170.0
2026-05-25,3170.0,3220.0,3080.0,3090.0,242782900,3050.0,3020.0,3040.0,3060.0,3064.0,3096.0,3070.0
2026-05-26,3070.0,3150.0,3070.0,3150.0,185037400,3170.0,3050.0,3020.0,3040.0,3070.0,3081.0,3070.0
2026-05-27,3070.0,3070.0,3070.0,3070.0,0,3070.0,3170.0,3050.0,3040.0,3076.0,3076.0,3070.0
2026-05-28,3070.0,3070.0,3070.0,3070.0,0,3070.0,3070.0,3170.0,3020.0,3086.0,3071.0,2950.0
2026-05-29,2950.0,3080.0,2950.0,3060.0,1073661600,3070.0,3070.0,3070.0,3050.0,3066.0,3054.0,3040.0
2026-06-02,3040.0,3040.0,2980.0,3000.0,320974000,2950.0,3070.0,3070.0,3170.0,3040.0,3052.0,2900.0
2026-06-03,2900.0,3070.0,2900.0,3050.0,411746000,3040.0,2950.0,3070.0,3070.0,3006.0,3038.0,2810.0
2026-06-04,2810.0,2930.0,2780.0,2900.0,493450500,2900.0,3040.0,2950.0,3070.0,2954.0,3015.0,2740.0
2026-06-05,2740.0,2830.0,2730.0,2780.0,310053600,2810.0,2900.0,3040.0,3070.0,2888.0,2987.0,2590.0
2026-06-08,2590.0,2750.0,2590.0,2700.0,626878600,2740.0,2810.0,2900.0,2950.0,2816.0,2941.0,2790.0
2026-06-09,2790.0,2800.0,2540.0,2540.0,873192700,2590.0,2740.0,2810.0,3040.0,2766.0,2903.0,2880.0
2026-06-10,2880.0,2910.0,2730.0,2790.0,704423000,2790.0,2590.0,2740.0,2900.0,2762.0,2884.0,2850.0
2026-06-11,2850.0,2960.0,2780.0,2880.0,465509700,2880.0,2790.0,2590.0,2810.0,2770.0,2862.0,2850.0
2026-06-12,2850.0,2900.0,2830.0,2880.0,450530000,2850.0,2880.0,2790.0,2740.0,2792.0,2840.0,2990.0
2026-06-15,2990.0,3050.0,2890.0,2890.0,622216400,2850.0,2850.0,2880.0,2590.0,2872.0,2844.0,3080.0
2026-06-17,3080.0,3130.0,3010.0,3020.0,512048000,2990.0,2850.0,2850.0,2790.0,2930.0,2848.0,2960.0
2026-06-18,2960.0,3060.0,2960.0,3040.0,356398400,3080.0,2990.0,2850.0,2880.0,2946.0,2854.0,2930.0
2026-06-19,2930.0,3000.0,2910.0,2960.0,514857200,2960.0,3080.0,2990.0,2850.0,2962.0,2866.0,2870.0
2026-06-22,2870.0,2940.0,2870.0,2930.0,250025400,2930.0,2960.0,3080.0,2850.0,2966.0,2879.0,2910.0
2026-06-23,2910.0,2940.0,2860.0,2870.0,271555000,2870.0,2930.0,2960.0,2990.0,2950.0,2911.0,2810.0
2026-06-24,2810.0,2980.0,2800.0,2930.0,330171300,2910.0,2870.0,2930.0,3080.0,2896.0,2913.0,2850.0
2026-06-25,2850.0,2920.0,2790.0,2800.0,343497900,2810.0,2910.0,2870.0,2960.0,2874.0,2910.0,2870.0
2026-06-26,2870.0,2880.0,2810.0,2850.0,200394100,2850.0,2810.0,2910.0,2930.0,2862.0,2912.0,2840.0
2026-06-29,2840.0,2890.0,2830.0,2880.0,173099600,2870.0,2850.0,2810.0,2870.0,2856.0,2911.0,2730.0
2026-06-30,2730.0,2840.0,2730.0,2810.0,346190100,2840.0,2870.0,2850.0,2910.0,2820.0,2885.0,2670.0
2026-07-01,2670.0,2750.0,2670.0,2700.0,302582100,2730.0,2840.0,2870.0,2810.0,2792.0,2844.0,2690.0
2026-07-02,2690.0,2730.0,2630.0,2680.0,366662800,2670.0,2730.0,2840.0,2850.0,2760.0,2817.0,2710.0
2026-07-03,2710.0,2740.0,2700.0,2710.0,219292600,2690.0,2670.0,2730.0,2870.0,2728.0,2795.0,2790.0
2026-07-06,2790.0,2790.0,2680.0,2710.0,257473000,2710.0,2690.0,2670.0,2840.0,2718.0,2787.0,2860.0
2026-07-07,2860.0,2890.0,2800.0,2810.0,265534600,2790.0,2710.0,2690.0,2730.0,2744.0,2782.0,2790.0
2026-07-08,2790.0,2870.0,2770.0,2860.0,253336100,2860.0,2790.0,2710.0,2670.0,2768.0,2780.0,2780.0
2026-07-09,2780.0,2790.0,2730.0,2770.0,244821900,2790.0,2860.0,2790.0,2690.0,2786.0,2773.0,2790.0
2026-07-10,2790.0,2810.0,2760.0,2790.0,144957900,2780.0,2790.0,2860.0,2710.0,2802.0,2765.0,2870.0
2026-07-13,2870.0,2870.0,2780.0,2790.0,211532100,2790.0,2780.0,2790.0,2790.0,2818.0,2768.0,2800.0
2026-07-14,2800.0,2890.0,2800.0,2880.0,273911200,2870.0,2790.0,2780.0,2860.0,2806.0,2775.0,2830.0
2026-07-15,2830.0,2870.0,2810.0,2840.0,182403300,2800.0,2870.0,2790.0,2790.0,2814.0,2791.0,2860.0
2026-07-16,2860.0,2880.0,2830.0,2840.0,197705800,2830.0,2800.0,2870.0,2780.0,2830.0,2808.0,2970.0
2026-07-17,2970.0,3000.0,2840.0,2860.0,439266600,2860.0,2830.0,2800.0,2790.0,2866.0,2834.0,3020.0
2026-07-20,3020.0,3080.0,2990.0,3000.0,393555500,2970.0,2860.0,2830.0,2870.0,2896.0,2857.0,3070.0
2026-07-21,3070.0,3080.0,3040.0,3080.0,320262200,3020.0,2970.0,2860.0,2800.0,2950.0,2878.0,3020.0
2026-07-22,3020.0,3080.0,3020.0,3080.0,200041000,3070.0,3020.0,2970.0,2830.0,2988.0,2901.0,2990.0
2026-07-23,2990.0,3070.0,2990.0,3030.0,217693500,3020.0,3070.0,3020.0,2860.0,3014.0,2922.0,2960.0
2026-07-24,2960.0,3020.0,2940.0,2970.0,290905700,2990.0,3020.0,3070.0,2970.0,3012.0,2939.0,2950.0
2026-07-27,2950.0,2980.0,2920.0,2930.0,201363300,2960.0,2990.0,3020.0,3020.0,2998.0,2947.0,2930.0
2026-07-28,2930.0,2970.0,2920.0,2930.0,220772100,2950.0,2960.0,2990.0,3070.0,2970.0,2960.0,2920.0
2026-07-29,2920.0,2950.0,2910.0,2930.0,132102100,2930.0,2950.0,2960.0,3020.0,2950.0,2969.0,2990.0
2026-07-30,2990.0,3010.0,2920.0,2930.0,220548900,2920.0,2930.0,2950.0,2990.0,2950.0,2982.0,3040.0
2026-07-31,3040.0,3040.0,2980.0,3000.0,226634400,2990.0,2920.0,2930.0,2960.0,2966.0,2989.0,3020.0
2026-08-03,3020.0,3030.0,2980.0,3030.0,119721600,3040.0,2990.0,2920.0,2950.0,2980.0,2989.0,3060.0
2026-08-04,3060.0,3060.0,3000.0,3020.0,191121700,3020.0,3040.0,2990.0,2930.0,3006.0,2988.0,3020.0
2026-08-05,3020.0,3070.0,3020.0,3060.0,111460100,3060.0,3020.0,3040.0,2920.0,3026.0,2988.0,3040.0
2026-08-06,3040.0,3070.0,3030.0,3030.0,117685400,3020.0,3060.0,3020.0,2990.0,3036.0,2993.0,3130.0
2026-08-07,3130.0,3130.0,3040.0,3050.0,349136300,3040.0,3020.0,3060.0,3040.0,3054.0,3010.0,3090.0
2026-08-10,3090.0,3160.0,3090.0,3140.0,232230700,3130.0,3040.0,3020.0,3020.0,3068.0,3024.0,3090.0
2026-08-11,3090.0,3110.0,3060.0,3100.0,179274900,3090.0,3130.0,3040.0,3060.0,3074.0,3040.0,3130.0
2026-08-12,3130.0,3130.0,3080.0,3090.0,158307500,3090.0,3090.0,3130.0,3020.0,3096.0,3061.0,3110.0
2026-08-13,3110.0,3130.0,3080.0,3130.0,165084600,3130.0,3090.0,3090.0,3040.0,3110.0,3073.0,3120.0
2026-08-14,3120.0,3150.0,3090.0,3110.0,118492200,3110.0,3130.0,3090.0,3130.0,3108.0,3081.0,3080.0
2026-08-18,3080.0,3140.0,3080.0,3120.0,153801000,3120.0,3110.0,3130.0,3090.0,3106.0,3087.0,3080.0
2026-08-19,3080.0,3100.0,3040.0,3080.0,101112000,3080.0,3120.0,3110.0,3090.0,3104.0,3089.0,3140.0
2026-08-20,3140.0,3140.0,3090.0,3100.0,156120300,3080.0,3080.0,3120.0,3130.0,3106.0,3101.0,3230.0
2026-08-21,3230.0,3250.0,3160.0,3170.0,349663900,3140.0,3080.0,3080.0,3110.0,3130.0,3120.0,3180.0
2026-08-24,3180.0,3240.0,3160.0,3230.0,151200300,3230.0,3140.0,3080.0,3120.0,3142.0,3125.0,3180.0
2026-08-25,3180.0,3180.0,3180.0,3180.0,0,3180.0,3230.0,3140.0,3080.0,3162.0,3134.0,3130.0
2026-08-26,3130.0,3170.0,3110.0,3170.0,159003300,3180.0,3180.0,3230.0,3080.0,3172.0,3138.0,3150.0
2026-08-27,3150.0,3150.0,3100.0,3110.0,164832300,3130.0,3180.0,3180.0,3140.0,3174.0,3140.0,3190.0
2026-08-28,3190.0,3200.0,3160.0,3180.0,135419900,3150.0,3130.0,3180.0,3230.0,3166.0,3148.0,3250.0
