Date,Close,High,Low,Open,Volume
2020-01-02,2680.1640625,2680.1640625,2649.776650454415,2674.0865474476614,45886302
2020-01-03,2686.2412109375,2698.396240121815,2668.0088303771254,2686.2412109375,91189705
2020-01-06,2655.85400390625,2668.0088700552324,2625.4665937096447,2649.776489223709,48648450
2020-01-07,2674.086181640625,2680.1636958615777,2661.9313164148057,2680.1636958615777,114344885
2020-01-08,2661.93115234375,2674.0860168203903,2637.621260174392,2661.93115234375,188929583
2020-01-09,2674.086181640625,2686.241046866444,2655.853802193853,2674.086181640625,79280569
2020-01-10,2680.1640625,2692.3189293885684,2668.0090323953223,2692.3189293885684,137292491
2020-01-13,2740.9384765625,2740.9384765625,2686.2411724489825,2692.318686954061,122488655
2020-01-14,2777.4033203125,2795.635864373594,2747.0160733095436,2759.171102683606,174258629
2020-01-15,2783.480712890625,2783.480712890625,2753.0934672207304,2777.403198470209,112825318
2020-01-16,2777.4033203125,2789.5583496865625,2740.9385586225126,2777.4033203125,147387255
2020-01-17,2813.867919921875,2819.9454342588374,2795.635703343168,2807.7904055849126,133295352
2020-01-20,2832.100341796875,2850.332557595745,2813.867799565838,2850.332557595745,90022804
2020-01-21,2838.177734375,2844.2552481918415,2819.945192924476,2838.177734375,81224962
2020-01-22,2862.4873046875,2862.4873046875,2838.1775771985444,2844.255090678817,90609115
2020-01-23,2880.720458984375,2892.8751621028455,2850.332885107689,2868.5654294337005,153849977
2020-01-24,2880.720458984375,2886.7979737597125,2844.255696764556,2874.642944209038,105620964
2020-01-27,2826.022705078125,2856.4099477122954,2819.94519126486,2856.4099477122954,103076840
2020-01-28,2807.79052734375,2819.9455565447734,2777.4032807733865,2783.480795373898,104935872
2020-01-29,2807.79052734375,2832.100585745797,2795.6358245749216,2807.79052734375,214362682
2020-01-30,2783.480712890625,2856.4102330712453,2783.480712890625,2856.4102330712453,96500596
2020-01-31,2710.551025390625,2783.480708676935,2710.551025390625,2777.40319426572,150763654
2020-02-03,2710.551025390625,2728.7834054081795,2704.4736741955016,2710.551025390625,144745560
2020-02-04,2771.325927734375,2850.3329692825546,2747.0161943473254,2850.3329692825546,123617275
2020-02-05,2771.325927734375,2783.480957644007,2740.938679392509,2777.403442689191,100395764
2020-02-06,2765.248046875,2789.558103477496,2753.093345005923,2789.558103477496,104342852
2020-02-07,2765.248046875,2783.480589326872,2759.1708591565466,2783.480589326872,146349277
2020-02-10,2734.86083984375,2753.093382544222,2674.0861871571065,2734.86083984375,187982906
2020-02-11,2740.9384765625,2759.1710200777356,2722.706096263359,2759.1710200777356,93666727
2020-02-12,2753.09326171875,2771.3254771868865,2747.0157477519842,2747.0157477519842,143167912
2020-02-13,2777.4033203125,2789.5583496865625,2759.171102683606,2783.4808349995315,87683284
2020-02-14,2765.248046875,2789.558103477496,2753.093345005923,2753.093345005923,139707803
2020-02-17,2716.628173828125,2759.170605759389,2716.628173828125,2722.7056874206014,131738165
2020-02-18,2674.086181640625,2734.860834201894,2674.086181640625,2716.6284547551218,97565635
2020-02-19,2722.705810546875,2722.705810546875,2704.4734321610113,2710.5507828122477,110893685
2020-02-20,2771.325927734375,2783.480957644007,2740.938679392509,2747.0161943473254,108000305
2020-02-21,2740.9384765625,2771.3257226557034,2740.9384765625,2771.3257226557034,117658802
2020-02-24,2728.783203125,2759.1707729284644,2716.6283384196945,2759.1707729284644,113200755
2020-02-25,2734.86083984375,2765.2480845790283,2710.5509461258753,2710.5509461258753,125324724
2020-02-26,2722.705810546875,2740.9381889327387,2716.6282966795616,2734.8606750654253,164120194
2020-02-27,2607.908935546875,2765.772665995645,2601.5943388456535,2765.772665995645,227877075
2020-02-28,2645.796142578125,2645.796142578125,2468.9887938815345,2519.505058092626,211162617
2020-03-02,2513.19091796875,2652.1110419707634,2513.19091796875,2645.796444629819,206428685
2020-03-03,2588.96533203125,2639.481770115548,2525.8198692174387,2557.3926854159054,218258509
2020-03-04,2664.73974609375,2677.368769671308,2607.9088856200774,2614.223312617303,127937929
2020-03-05,2620.5380859375,2715.256362698252,2607.9090615081886,2708.941765692037,146949558
2020-03-06,2532.134521484375,2557.3927410762562,2525.819924190623,2551.0781437825044,175334118
2020-03-09,2367.9560546875,2494.247146020704,2367.9560546875,2462.6743307916236,163934401
2020-03-10,2468.988525390625,2544.762998258698,2386.899287006093,2386.899287006093,182576203
2020-03-11,2468.988525390625,2544.762998258698,2450.044907173607,2494.2467395410126,195275262
2020-03-12,2279.55224609375,2424.786950483512,2273.2376494899063,2412.1577572758247,167137546
2020-03-13,2349.012451171875,2380.5852666400497,2121.6886546337505,2279.552392808386,295725807
2020-03-16,2210.092529296875,2367.956281389509,2184.8343086120776,2367.956281389509,196265939
2020-03-17,2058.54296875,2254.293928468895,2058.54296875,2210.092093384528,229429422
2020-03-18,1982.768310546875,2172.204842467394,1951.195668282188,2064.8575535178798,272919333
2020-03-19,1850.162841796875,1982.768348871082,1850.162841796875,1976.453922045955,151744210
2020-03-20,1774.3883056640625,1875.4211762415032,1723.8720399584554,1850.162958597143,658210668
2020-03-23,1654.412109375,1704.92854849709,1654.412109375,1673.3557316500023,180848183
2020-03-24,1540.75,1736.5009634290448,1540.75,1629.1536718442849,544651637
2020-03-26,1856.4775390625,1894.3647804039838,1578.6373170033198,1578.6373170033198,698059077
2020-03-27,2039.599365234375,2317.439400961778,1894.3646662084927,1894.3646662084927,529032687
2020-03-30,1900.6793212890625,1989.0829948761716,1900.6793212890625,1989.0829948761716,239264252
2020-03-31,1906.993896484375,2020.6557854773714,1875.4210835928907,1957.5101596944028,346502244
2020-04-01,1850.162841796875,1944.8811095879094,1831.2192221552887,1900.679273896507,298923123
2020-04-02,1812.275634765625,1831.219254744339,1768.0737982875905,1799.646441724412,329876337
2020-04-03,1824.904541015625,1862.7919481227648,1787.01730349158,1850.1627558926866,322467159
2020-04-06,1906.993896484375,1913.3083233961877,1837.5338437895934,1862.79206018616,313615306
2020-04-07,1913.3087158203125,2045.9142519126653,1862.7924422492777,1957.5105611844301,445935822
2020-04-08,1780.702880859375,1919.6229914257913,1780.702880859375,1894.364774087978,322246825
2020-04-09,1761.75927734375,1837.5339300923276,1736.5010597608907,1805.9611157179754,292370749
2020-04-13,1749.1302490234375,1793.3320872884822,1704.9284107583928,1761.7592729921164,136106890
2020-04-14,1831.2191162109375,1831.2191162109375,1749.1300459855884,1761.7590684882987,241711574
2020-04-15,1742.8157958984375,1888.05034663315,1723.8721735924423,1831.219479715165,351010672
2020-04-16,1648.0972900390625,1749.1301546709776,1629.1536703163542,1749.1301546709776,404530667
2020-04-17,1787.0177001953125,1793.3322977121422,1679.6703903248717,1685.9848182585688,442565694
2020-04-20,1755.4447021484375,1831.2193558292252,1742.8156779931971,1818.5901620908699,244213568
2020-04-21,1717.557373046875,1761.7592097245617,1698.6137529825958,1736.500993111154,146163154
2020-04-22,1761.75927734375,1787.0174949266093,1673.3556005952992,1704.9284149696514,197501041
2020-04-23,1768.073974609375,1818.5902430626627,1761.7593774590432,1787.0175964772484,237791877
2020-04-24,1660.7265625,1768.0740396734773,1660.7265625,1768.0740396734773,323088010
2020-04-27,1679.6697998046875,1704.9280114088638,1648.0969929036987,1692.2988208152392,200872709
2020-04-28,1635.4683837890625,1698.613843911275,1622.8391900147506,1692.299247024119,295130807
2020-04-29,1629.1539306640625,1654.4121508584428,1616.524735775307,1641.7829559696875,230054013
2020-04-30,1723.8720703125,1730.18649764744,1648.0974160451747,1654.4120129632308,475289499
2020-05-04,1660.7265625,1692.2993798303985,1641.7829399350126,1685.984782447693,220673601
2020-05-05,1660.7265625,1692.2993798303985,1648.097537317718,1660.7265625,203241160
2020-05-06,1654.412109375,1673.3557316500023,1641.7829148029145,1660.7265370779166,190361478
2020-05-08,1635.4683837890625,1679.6702228329227,1629.1537869019066,1667.041029058611,226345299
2020-05-11,1654.412109375,1667.0411343639596,1641.7829148029145,1660.7265370779166,170062057
2020-05-12,1572.32275390625,1660.7264319839915,1559.693729716479,1654.4120046806638,405546974
2020-05-13,1559.693603515625,1591.2664158100465,1540.749983972213,1553.3790071401204,372457853
2020-05-14,1483.9190673828125,1566.008317690017,1471.2900432649196,1540.7500998711168,517300545
2020-05-15,1414.4591064453125,1515.491893706295,1395.5154005396823,1502.8626999081696,654135428
2020-05-18,1370.25732421875,1433.4028718737393,1363.9427270574704,1420.77367755118,501017513
2020-05-19,1496.5482177734375,1528.120861946009,1420.773566509669,1420.773566509669,584451204
2020-05-20,1566.00830078125,1578.6373247627828,1464.975430596538,1490.233648142716,433842983
2020-05-26,1591.266357421875,1610.209976270191,1559.6935462859515,1610.209976270191,444514707
2020-05-27,1660.7265625,1660.7265625,1591.2666696227554,1603.8956948050375,476102523
2020-05-28,1723.8720703125,1755.4447157365485,1667.041037216227,1667.041037216227,498739044
2020-05-29,1862.792236328125,1862.7922363281248,1704.928496109629,1704.928496109629,959884609
2020-06-02,2008.02685546875,2077.4869172603676,1862.7923041467327,1862.7923041467327,514215761
2020-06-03,1957.510009765625,2071.171890053079,1900.679154413444,2020.655630712171,481917223
2020-06-04,1932.252197265625,2020.656051064622,1913.3085748740996,1970.139611631803,275162272
2020-06-05,1963.8245849609375,1976.4537768496177,1869.1063241281963,1938.5663707666672,294137820
2020-06-08,2083.80126953125,2128.0031064203076,2001.712022749352,2008.0266193286766,422772612
2020-06-09,2026.97021484375,2121.6884840497974,2026.97021484375,2115.3738875472327,279951975
2020-06-10,1913.3087158203125,2008.0270043386045,1894.365092033282,2008.0270043386045,487562851
2020-06-11,1875.4212646484375,1976.4541399885452,1831.2194240829206,1976.4541399885452,409589324
2020-06-12,1913.3087158203125,1919.6233136103692,1768.0741537309857,1831.2196228821338,519350210
2020-06-15,1831.2191162109375,1925.9373785220898,1824.904520168036,1919.6227824791883,253847754
2020-06-16,1976.4539794921875,1989.0830030926104,1869.1065157646071,1875.4211123563725,372556634
2020-06-17,1957.510009765625,2020.655630712171,1944.880987326171,2020.655630712171,240003025
2020-06-18,1925.9373779296875,1970.1392110502168,1919.6227818887282,1925.9373779296875,144039347
2020-06-19,1957.510009765625,1963.8246057768981,1932.2517953036252,1944.880987326171,183669732
2020-06-22,1932.252197265625,1963.8250143069188,1913.3085748740996,1957.5104169820345,104916512
2020-06-23,1900.6793212890625,1932.2519649512546,1881.7357011751258,1906.9939178547436,188566907
2020-06-24,1970.1396484375,1982.7686737400738,1900.6795853155186,1925.9378055037964,339338591
2020-06-25,1932.252197265625,1963.8250143069188,1919.6231721989839,1957.5104169820345,174033235
2020-06-26,1913.3087158203125,1970.1397567645436,1906.9942876133955,1957.5105611844301,162039618
2020-06-29,1919.623046875,1932.2520711171462,1881.7358045654455,1919.623046875,130693147
2020-06-30,1913.3087158203125,1963.8251589744868,1913.3087158203125,1938.5669373973997,147418716
2020-07-01,1932.252197265625,1938.566794590509,1913.3085748740996,1919.6231721989839,111421694
2020-07-02,1932.252197265625,1951.1959892402776,1919.6231721989839,1951.1959892402776,186436280
2020-07-03,1925.9373779296875,1951.1955925104317,1919.6227818887282,1932.251804387554,54421019
2020-07-06,1919.623046875,1957.5102891845547,1913.308449962369,1938.5666680297775,148148028
2020-07-07,1913.3087158203125,1944.8815351874564,1913.3087158203125,1938.5669373973997,228112810
2020-07-08,2014.34130859375,2020.6559054636275,1913.3084370081667,1919.6230338780445,373640813
2020-07-09,1982.768310546875,2039.5993379562703,1982.768310546875,2014.3411223946612,211404181
2020-07-10,1963.8245849609375,1989.082799155208,1957.5099890165975,1976.4537768496177,117829855
2020-07-13,1995.397705078125,2008.0267293455931,1925.9376476492587,1976.4540838853645,105451891
2020-07-14,2001.7119140625,2052.228344787994,1976.4538682828509,1995.3974874091366,232365483
2020-07-15,1976.4539794921875,2045.9138636691757,1976.4539794921873,2020.6558164683295,182296468
2020-07-16,1982.768310546875,1995.3975031192292,1976.4538838437973,1976.4538838437973,128809144
2020-07-17,1957.510009765625,1989.082820238898,1957.510009765625,1982.768224227625,131548742
2020-07-20,1925.9373779296875,1976.453807091176,1913.308185847769,1957.5100189682983,150206164
2020-07-21,1989.0830078125,2008.0266280496398,1925.9375504943318,1925.9375504943318,224576578
2020-07-22,1957.510009765625,2001.711842678352,1951.195583337444,1995.397416250171,190916547
2020-07-23,1982.768310546875,1995.3975031192292,1957.5100949852658,1970.13928755762,162646279
2020-07-24,1951.1961669921875,1982.7688173265892,1951.1961669921877,1976.4543890095945,104287961
2020-07-27,1989.0830078125,1989.0830078125,1951.1957673382208,1951.1957673382208,103970385
2020-07-28,1982.768310546875,2001.711929822307,1957.5100949852658,1995.3975031192292,113763744
2020-07-29,1970.1396484375,1989.083271182926,1957.510453551796,1982.7686737400738,73895646
2020-07-30,1995.397705078125,2001.7121324203008,1963.8248900347799,1976.4540838853645,86328061
2020-08-03,1888.05029296875,2008.0267902741064,1875.421268318086,2001.7121931572135,373214336
2020-08-04,1944.88134765625,1944.88134765625,1894.3649093730198,1894.3649093730198,171919769
2020-08-05,1944.88134765625,1963.8249696166804,1919.6231285146348,1957.5103724354958,177648668
2020-08-06,1963.8245849609375,1976.4537768496177,1951.1955626553474,1957.5099890165975,126064817
2020-08-07,1963.8245849609375,1976.4537768496177,1932.251774822327,1963.8245849609375,98910738
2020-08-10,1976.4539794921875,1989.0830030926104,1957.5101897168915,1963.8247863086567,100613457
2020-08-11,2014.34130859375,2033.284929620268,1976.4540665407137,1976.4540665407137,189708286
2020-08-12,2115.3740234375,2128.0032172539204,2014.3413208217173,2014.3413208217173,505369848
2020-08-13,2102.744873046875,2178.519522649836,2083.8012530419114,2115.373896522482,235648930
2020-08-14,2109.059326171875,2115.37375268878,2071.171919154976,2102.7447300718763,109069303
2020-08-18,2222.7216796875,2229.0361075442397,2109.05977368549,2109.05977368549,288206078
2020-08-19,2247.979736328125,2298.496176816722,2222.7216856669575,2222.7216856669575,239290433
2020-08-24,2298.495849609375,2304.8104461673042,2222.7213692466507,2229.035796221473,214473234
2020-08-25,2399.52880859375,2399.52880859375,2298.4959381092026,2317.439558929277,197233406
2020-08-26,2361.641357421875,2412.157791809632,2336.3833098111068,2399.528768004248,178162157
2020-08-27,2336.383056640625,2386.8993159713295,2311.1248421837267,2361.6411015144313,206786961
2020-08-28,2330.068603515625,2361.6412463355337,2304.8103875098363,2342.697626726968,85678499
2020-08-31,2216.40673828125,2361.6412697772575,2210.0921418213484,2336.383223103859,292651694
2020-09-01,2279.55224609375,2292.181439301438,2197.463168576211,2241.665005636902,216658972
2020-09-02,2311.125244140625,2311.125244140625,2266.923403549127,2285.867025290752,117619091
2020-09-03,2260.608642578125,2330.068696984606,2241.66502220965,2311.125076616131,197577052
2020-09-04,2241.6650390625,2279.5522800842864,2197.463201342712,2279.5522800842864,148013826
2020-09-07,2216.40673828125,2254.2939778744512,2210.0921418213484,2241.6649545377522,104297421
2020-09-08,2222.7216796875,2254.29432772059,2216.40708224763,2216.40708224763,89521636
2020-09-09,2153.26123046875,2203.777492179585,2134.3176111292996,2197.463065455168,196282440
2020-09-10,2008.02685546875,2083.801514582277,2008.02685546875,2083.801514582277,305637969
2020-09-11,2052.228515625,2090.1157570314813,1900.6793804159638,1906.9939771780814,641858446
2020-09-14,2172.205078125,2178.519675096233,2083.801398860203,2083.801398860203,303482811
2020-09-15,2102.744873046875,2184.8339495960863,2090.115679988162,2172.2049261204793,215087925
2020-09-16,2058.54296875,2140.6320425972235,2045.913776106981,2128.0030195373047,152384862
2020-09-17,2020.655517578125,2090.115391480786,2001.7117306049456,2064.8573480160453,184375724
2020-09-18,2033.284912109375,2064.8577266037396,2014.3412912460017,2020.6558880614973,223172404
2020-09-21,2014.34130859375,2052.228550646786,1989.083090697354,2020.6559054636275,125587849
2020-09-22,1976.4539794921875,2014.341219876564,1957.5101897168915,1963.8247863086567,148046607
2020-09-23,1944.88134765625,2008.026810718726,1925.9377256958194,2001.7122135375414,132670981
2020-09-24,1913.3087158203125,1944.8815351874564,1900.6796898233388,1913.3087158203125,180569548
2020-09-25,1995.397705078125,2008.0267293455931,1919.6230507239663,1932.2520749914347,186363128
2020-09-28,1951.1961669921875,2039.5998592615406,1944.8815690920503,2008.0270393439962,149014953
2020-09-29,1919.623046875,1995.3977010772255,1906.994022632854,1970.139483009817,200970281
2020-09-30,1919.623046875,1944.8812649424085,1894.3648288075915,1932.2520711171462,184622458
2020-10-01,1995.397705078125,2001.7121324203008,1932.2520749914347,1951.1958657673115,143036570
2020-10-02,1957.510009765625,2026.970057140352,1932.2517953036252,2008.026438689625,172772944
2020-10-05,1995.397705078125,2001.7121324203008,1963.8248900347799,1995.397705078125,101996951
2020-10-06,2014.34130859375,2045.9139537769083,2008.026711723872,2033.284929620268,132900775
2020-10-07,1970.1396484375,2001.7122964854996,1944.8814282492222,1995.3978686257778,317619596
2020-10-08,1989.0830078125,2001.7120314428905,1963.8247909686113,1989.0830078125,136318754
2020-10-09,1989.0830078125,2001.7120314428905,1970.1393875753604,1989.0830078125,89241681
2020-10-12,2014.34130859375,2026.9703327503903,1989.083090697354,1995.3976875672317,172174643
2020-10-13,2071.172119140625,2083.801312560057,1989.0830402467614,2014.3412575025143,224885904
2020-10-14,2121.688720703125,2134.317915116915,2077.4868794211066,2083.8014766280016,213271353
2020-10-15,2090.115966796875,2134.317978984728,2090.115966796875,2121.688784193019,201627762
2020-10-16,2052.228515625,2121.688571258957,2026.970298159642,2109.0595473178337,154490628
2020-10-19,2071.172119140625,2077.4867158503407,2039.599474758267,2058.5430953043037,105821057
2020-10-20,2052.228515625,2077.486733090358,2026.970298159642,2071.1721363282404,147444676
2020-10-21,2045.913818359375,2090.1156543566017,2039.5993914905596,2071.172034583948,128682202
2020-10-22,2083.80126953125,2083.80126953125,2020.6558124873256,2033.2848360628677,176153302
2020-10-23,2077.48681640625,2115.3740593321677,2064.8577919586505,2115.3740593321677,128973377
2020-10-26,2109.059326171875,2121.6883487887785,2077.4865152549746,2083.8011113549737,111346673
2020-10-27,2121.688720703125,2146.9469399475815,2102.745098665563,2109.0596958724586,201640192
2020-11-02,2134.317626953125,2140.632053724357,2083.8011952846614,2121.688434244458,172465378
2020-11-03,2134.317626953125,2146.9466500786903,2121.688434244458,2140.632053724357,133604017
2020-11-04,2077.48681640625,2159.5758992734445,2077.48681640625,2159.5758992734445,152055736
2020-11-05,2203.777587890625,2203.777587890625,2121.6885106601408,2128.0031072419033,258276321
2020-11-06,2247.979736328125,2273.2379565724236,2191.1488679658014,2216.4070882101,295649686
2020-11-09,2330.068603515625,2330.068603515625,2260.6085518954824,2323.754007118402,283205831
2020-11-10,2525.81982421875,2532.1344212625704,2380.585279292719,2399.5289008410605,622129055
2020-11-11,2601.59423828125,2645.796074314963,2494.246946425533,2506.875969756692,392814584
2020-11-12,2494.247314453125,2588.9654273702895,2475.3035222865633,2588.9654273702895,366633582
2020-11-13,2525.81982421875,2576.336261403074,2500.561605626588,2506.8762026704085,261115910
2020-11-16,2500.561767578125,2570.021830809445,2481.6181448028797,2557.3928054869916,212327977
2020-11-17,2500.561767578125,2538.4491827117463,2481.6181448028797,2525.8199878061623,198939646
2020-11-18,2551.078125,2557.3927222472603,2506.876283435429,2513.190880682689,200926500
2020-11-19,2551.078125,2607.909161059092,2513.190880682689,2532.1345028413443,219674674
2020-11-20,2538.448974609375,2576.336217053865,2519.5051838040135,2551.077998896499,137266310
2020-11-23,2576.3359375,2588.9649604167703,2532.134102916656,2532.134102916656,135864336
2020-11-24,2652.110595703125,2671.0542149552098,2576.3359491116876,2601.594164642167,226784757
2020-11-25,2727.885498046875,2772.087339721447,2683.683656372303,2727.885498046875,311676963
2020-11-26,2708.941650390625,2727.8852710198494,2664.7398123947314,2664.7398123947314,150181303
2020-11-27,2696.312744140625,2759.458205520818,2696.312744140625,2734.199987052117,126437063
2020-11-30,2582.651123046875,2702.627461672663,2519.50548530546,2683.683838183493,493687757
2020-12-01,2677.369140625,2689.9983355354602,2570.0218318017423,2607.909246949992,251258199
2020-12-02,2715.25634765625,2740.5145659580658,2683.6835323832006,2727.885372015599,149985830
2020-12-03,2778.4013671875,2778.4013671875,2715.2559162570524,2746.828556930731,218887830
2020-12-04,2715.25634765625,2778.401808619231,2696.3127263256674,2778.401808619231,165420527
2020-12-07,2778.4013671875,2791.030389540353,2746.828556930731,2746.828556930731,154937236
2020-12-08,2778.4013671875,2778.4013671875,2740.5141305458496,2778.4013671875,89400744
2020-12-10,2734.2001953125,2809.974856490258,2734.2001953125,2809.974856490258,212997338
2020-12-11,2702.627197265625,2778.4018533921535,2689.9981727027634,2778.4018533921535,191894904
2020-12-14,2702.627197265625,2721.5709884845974,2696.3127697757545,2715.2563914116063,140126140
2020-12-15,2702.627197265625,2708.9417943386156,2677.3689785567817,2702.627197265625,147085740
2020-12-16,2727.885498046875,2746.8291202526734,2715.256473104051,2740.5146925728245,143051750
2020-12-17,2734.2001953125,2753.143818211157,2721.5711699077733,2753.143818211157,155902502
2020-12-18,2702.627197265625,2715.2563914116063,2696.3127697757545,2696.3127697757545,228155710
2020-12-21,2658.425048828125,2740.514292514077,2658.425048828125,2734.1996961729037,240869950
2020-12-22,2607.908935546875,2702.627038149649,2601.5943388456535,2677.3688209278725,188635658
2020-12-23,2626.85205078125,2639.481072171337,2494.2465630614865,2620.537455294668,187175822
2020-12-28,2683.68359375,2689.998190865627,2626.852728458722,2683.68359375,94730336
2020-12-29,2639.4814453125,2702.6269003559078,2633.1668489332287,2683.6832808011955,82725388
2020-12-30,2633.166748046875,2658.424963013123,2607.9087026637226,2645.795940321547,99024700
2021-01-04,2721.570556640625,2727.8849831285565,2620.5376978365966,2620.5376978365966,106226854
2021-01-05,2696.312744140625,2715.256365596371,2677.36895310176,2715.256365596371,106964857
2021-01-06,2652.110595703125,2715.2560497377735,2626.852380172646,2702.6268571809846,128299616
2021-01-07,2702.627197265625,2708.9417943386156,2658.42535692093,2689.9981727027634,141798389
2021-01-08,2772.0869140625,2772.0869140625,2715.2560561715854,2734.199675468557,205011531
2021-01-11,2936.26513671875,2942.579732810193,2784.7160176057773,2791.030444114126,422093240
2021-01-12,2980.467529296875,3012.0401765105967,2948.8948820831533,2955.209479359148,260390447
2021-01-13,3024.668701171875,3056.241341393023,2999.410656828192,3012.039509416945,231181533
2021-01-14,3012.039794921875,3049.92703461174,2980.4671517080224,3043.6127773019366,146980798
2021-01-15,2892.063720703125,3012.0400462600983,2873.1199296943323,3012.0400462600983,225189839
2021-01-18,2917.321533203125,2936.265322677195,2866.805439604692,2892.0634864039084,182568723
2021-01-19,2917.321533203125,2967.8379659677685,2911.0072758779784,2967.8379659677685,152430182
2021-01-20,3087.81494140625,3106.758393679949,2936.265627385431,2948.894821678727,277723446
2021-01-21,3024.668701171875,3125.7015568789607,3012.039509416945,3106.7577692465657,177275431
2021-01-22,2980.467529296875,3068.8712128282973,2955.209479359148,3068.8712128282973,183332136
2021-01-25,3018.35498046875,3024.6695781771373,2911.007836924989,3024.6695781771373,165278734
2021-01-26,2936.26513671875,3024.668803666575,2917.321348444421,3018.3542075751325,163850580
2021-01-27,2917.321533203125,2980.4671589504815,2841.5470536392654,2936.265322677195,198692361
2021-01-28,2822.603759765625,2936.265661822735,2791.0309432452127,2892.0638204440324,176270344
2021-01-29,2639.4814453125,2911.007224207047,2639.4814453125,2885.7488386899613,308226863
2021-02-01,2778.4013671875,2803.659581476297,2500.5611795938225,2639.481273390661,355113743
2021-02-02,2753.143798828125,2835.2328873387464,2689.998333082791,2835.2328873387464,167527833
2021-02-03,2765.772705078125,2828.9181642333047,2753.1435114972214,2828.9181642333047,124241205
2021-02-04,2835.232666015625,2892.0636994582896,2759.4581808695625,2809.9746173556823,162519997
2021-02-05,2822.603759765625,2866.805770727452,2791.0309432452127,2866.805770727452,99005120
2021-02-08,2816.288818359375,2860.490823919167,2809.974391493494,2860.490823919167,120218986
2021-02-09,2917.321533203125,3012.039802241055,2841.5470536392654,2841.5470536392654,464366860
2021-02-10,2936.26513671875,2974.1523741012197,2904.6924954277233,2923.635944535864,202155881
2021-02-11,2955.208984375,2974.15243386379,2923.636003283358,2967.8378376454616,99681961
2021-02-15,2974.152587890625,3018.354424541875,2967.8379913452736,2974.152587890625,93158189
2021-02-16,2948.89453125,2993.0963677569707,2942.5799347252596,2993.0963677569707,71623667
2021-02-17,2923.63623046875,2986.7818583926614,2917.321633759737,2974.1526649746347,101529553
2021-02-18,2948.89453125,3012.0398181649803,2936.265338200519,2967.8379816580095,152089286
2021-02-19,3024.668701171875,3024.668701171875,2904.6923969985705,2904.6923969985705,109884637
2021-02-22,3024.668701171875,3075.1851290254176,3005.72491353948,3062.555937270488,157619632
2021-02-23,3024.668701171875,3049.9267455155577,2993.0960609507265,3037.2978929268047,107810772
2021-02-24,2986.78173828125,3043.6127672107264,2974.152545371098,3024.6689778454984,105582023
2021-02-25,2986.78173828125,3012.0397849353462,2948.8944987170016,3012.0397849353462,131635423
2021-02-26,2974.152587890625,2999.410974072032,2967.8379913452736,2986.7817809813287,161796404
2021-03-01,3049.92724609375,3049.92724609375,2980.4673583736826,3030.9837945183826,127020403
2021-03-02,3030.983642578125,3081.5000761904857,3030.9836425781255,3075.185479593164,75195758
2021-03-03,3062.556396484375,3062.556396484375,2993.0965097494773,3030.9837515290787,85026738
2021-03-04,3005.72509765625,3062.556124868463,2986.781648029644,3062.556124868463,117897176
2021-03-05,3012.039794921875,3012.0397949218755,2967.837958755998,2993.096344660047,71188389
2021-03-08,2986.78173828125,3043.6127672107264,2986.78173828125,3030.983574300574,69917647
2021-03-09,2892.063720703125,2999.411191420474,2879.434526697263,2999.411191420474,165527119
2021-03-10,2923.63623046875,2942.58002059579,2898.3781827989183,2936.2654238867767,77405916
2021-03-12,2892.063720703125,2961.523609402889,2866.805671857639,2961.523609402889,152360111
2021-03-15,2885.749267578125,2923.636512318458,2879.4346702603602,2892.0638648958893,95483079
2021-03-16,2980.467529296875,3012.0401765105967,2911.0076375934373,2942.580284807159,151028868
2021-03-17,2948.89453125,2967.8379816580095,2904.692694743029,2955.20912777474,116245827
2021-03-18,3005.72509765625,3012.039693920518,2961.523262972573,2974.1524555011088,95635541
2021-03-19,2948.89453125,2999.410964281711,2948.89453125,2999.410964281711,166398004
2021-03-22,2923.63623046875,2967.8380682656216,2917.321633759737,2967.8380682656216,67100278
2021-03-23,2948.89453125,2980.46717470749,2936.265338200519,2980.46717470749,115036356
2021-03-24,2948.89453125,2986.7817712322303,2936.265338200519,2986.7817712322303,120514341
2021-03-25,2917.321533203125,2967.8379659677685,2892.0634864039084,2967.8379659677685,95145043
2021-03-26,2980.467529296875,2980.467529296875,2917.32189570318,2923.636492979175,106978057
2021-03-29,2980.467529296875,3018.3547737865915,2980.467529296875,3018.3547737865915,106807554
2021-03-30,2841.546875,2967.8377793889845,2828.917852394339,2967.8377793889845,214898061
2021-03-31,2778.4013671875,2828.917795765094,2689.9977019682556,2809.9741774442687,323139711
2021-04-01,2708.941650390625,2759.458085123964,2658.425215657286,2746.8288916490737,340183845
2021-04-05,2652.110595703125,2734.1996689898583,2626.852380172646,2727.8850727114636,345533898
2021-04-06,2716.071533203125,2735.472015622594,2683.7372800553876,2696.6708771107224,167319270
2021-04-07,2716.071533203125,2741.9387273137945,2690.204165419522,2735.472015622594,116953800
2021-04-08,2813.07421875,2819.5411047427588,2735.4722815287,2748.405879841266,158572578
2021-04-09,2813.07421875,2845.4084750408424,2813.07421875,2832.474876728276,125277643
2021-04-12,2722.5380859375,2838.941147330993,2716.0713746238616,2838.941147330993,115119078
2021-04-13,2690.2041015625,2754.8724326500173,2664.336734392907,2722.5381802697934,120186645
2021-04-14,2813.07421875,2813.07421875,2729.0053955359413,2767.8063641465915,113531640
2021-04-15,2851.875,2851.875,2767.806013755718,2838.941229651836,86272180
2021-04-16,2806.607177734375,2884.209105867325,2787.2066957011375,2877.742394304866,74495706
2021-04-19,2832.474365234375,2832.474365234375,2787.206518805525,2819.540595584464,62185614
2021-04-20,2787.206298828125,2800.139893784346,2729.0046873428664,2774.2725301989985,98216076
2021-04-21,2735.47216796875,2774.2731349686233,2735.47216796875,2741.9388800201,51954007
2021-04-22,2716.071533203125,2754.872498042063,2716.071533203125,2735.472015622594,118813822
2021-04-23,2748.40576171875,2767.8062451902706,2709.6047947757097,2716.071680490531,120513461
2021-04-26,2677.270263671875,2748.4054781773584,2670.8035522971404,2741.9385931296983,157367288
2021-04-27,2696.6708984375,2716.071554683334,2683.7373012798794,2716.071554683334,146082083
2021-04-28,2670.8037109375,2729.005158804712,2670.8037109375,2696.6709053187483,126586116
2021-04-29,2690.2041015625,2716.071468732093,2677.270331141239,2709.6045835214622,124711354
2021-04-30,2619.06884765625,2690.204062932943,2619.06884765625,2683.737177815173,257497837
2021-05-03,2593.20166015625,2632.0026261997796,2586.7347745913485,2625.535914307817,124235705
2021-05-04,2625.53564453125,2632.002355758751,2593.201393702061,2599.668278602483,84287635
2021-05-05,2644.93603515625,2670.8034002008762,2638.469150476865,2657.8696308421054,117321536
2021-05-06,2657.869873046875,2670.8036435842664,2632.002505645023,2670.8036435842664,86226199
2021-05-07,2619.06884765625,2677.270292697402,2612.6019625384797,2677.270292697402,83358229
2021-05-10,2619.06884765625,2644.9362144544043,2619.06884765625,2619.06884765625,81377755
2021-05-11,2580.267578125,2612.601828380551,2573.8008670122244,2606.134943594857,167031505
2021-05-17,2522.06640625,2586.734740015808,2522.06640625,2560.8673717748975,214824800
2021-05-18,2522.06640625,2560.8673717748975,2515.599520771538,2560.8673717748975,127276708
2021-05-19,2502.665771484375,2547.933619738323,2489.7320013130034,2489.7320013130034,135307947
2021-05-20,2509.132568359375,2541.4666453052196,2470.331432882273,2483.2652025989473,164832677
2021-05-21,2515.599365234375,2554.400502033171,2496.19888367144,2534.99984679731,121124632
2021-05-24,2612.601806640625,2625.535576104389,2528.53299981783,2567.3339608632864,147190132
2021-05-25,2625.53564453125,2677.2702027158625,2612.601874730406,2632.002355758751,168676803
2021-05-27,2554.400390625,2709.6044100323043,2554.400390625,2677.2701597223618,622692705
2021-05-28,2632.002685546875,2696.67102163523,2599.668604339169,2612.602202087663,274099434
2021-05-31,2754.8720703125,2767.805665359727,2657.8694996031268,2670.8032683232605,326538660
2021-06-02,2754.8720703125,2832.47416161458,2735.471590905207,2813.07350853438,312257333
2021-06-03,2819.541015625,2819.541015625,2729.0053092797616,2761.339564548609,173444725
2021-06-04,2806.607177734375,2838.941256565461,2774.2729252303593,2832.474545003002,138144236
2021-06-07,2748.40576171875,2813.074097848132,2722.5383925324086,2806.607385806254,152755788
2021-06-08,2716.071533203125,2767.8060950973977,2709.604647838991,2767.8060950973977,108888570
2021-06-09,2729.0048828125,2761.3391330284066,2651.402786498074,2651.402786498074,107433795
2021-06-10,2780.739990234375,2793.6735878683517,2754.8726212934807,2767.806218927457,106984877
2021-06-11,2767.805908203125,2813.0737553495155,2767.805908203125,2813.0737553495155,57809408
2021-06-14,2813.07421875,2813.07421875,2767.8063641465915,2800.140620437434,133363443
2021-06-15,2735.47216796875,2813.074101968496,2722.5383965201636,2813.074101968496,200713646
2021-06-16,2593.20166015625,2696.6709608299752,2593.20166015625,2683.7373633731117,481002668
2021-06-17,2606.135009765625,2632.002375892265,2541.466681285488,2573.8009323620176,336253477
2021-06-18,2528.533203125,2625.5357872110694,2528.533203125,2625.5357872110694,325605954
2021-06-21,2547.93359375,2567.3340751362507,2496.1988609380483,2509.1326309774986,159544775
2021-06-22,2612.601806640625,2632.0022871633537,2534.999710876795,2547.933480340558,132832794
2021-06-23,2547.93359375,2632.0024043147287,2547.93359375,2619.068807948203,178751767
2021-06-24,2580.267578125,2593.2013476963875,2560.8670974408365,2586.7344629106938,55421157
2021-06-25,2580.267578125,2612.601828380551,2580.267578125,2606.134943594857,83150216
2021-06-28,2541.46630859375,2580.2672652573056,2541.46630859375,2573.8005549286445,155357663
2021-06-29,2522.06640625,2528.533291728462,2496.1990380090892,2496.1990380090892,133952393
2021-06-30,2547.93359375,2567.3340751362507,2515.599342324299,2522.066227344024,124133954
2021-07-01,2547.93359375,2567.3340751362507,2528.5331123637493,2547.93359375,105240907
2021-07-02,2580.267578125,2606.134943594857,2567.3339822265307,2586.7344629106938,93832940
2021-07-05,2522.06640625,2560.8673717748975,2509.1328089660133,2541.4668890124485,93466744
2021-07-06,2515.599365234375,2554.400502033171,2515.599365234375,2554.400502033171,60849751
2021-07-07,2470.33154296875,2547.93364370825,2463.864657822226,2534.9998734152027,163599005
2021-07-08,2502.665771484375,2522.0662530685063,2470.331519728872,2515.5993679828202,162349164
2021-07-09,2457.39794921875,2502.6657979514302,2444.4641789105967,2496.198912797354,140611578
2021-07-12,2431.530517578125,2470.3314801243273,2425.063632596117,2457.3978838332346,131702194
2021-07-13,2444.464111328125,2457.3978812786963,2431.530515050477,2457.3978812786963,175683484
2021-07-14,2399.1962890625,2457.397907105923,2392.729577692173,2444.464137019418,115704508
2021-07-15,2463.8642578125,2483.2649101023644,2412.129706058228,2425.0633005785708,139855425
2021-07-16,2483.265380859375,2496.198977831563,2463.8647248916936,2489.7320925090025,108336691
2021-07-19,2444.464111328125,2489.7319588092782,2444.464111328125,2489.7319588092782,69326497
2021-07-21,2470.33154296875,2509.1326801749638,2463.864657822226,2489.7320247353928,111008747
2021-07-22,2522.06640625,2528.533291728462,2483.2654407251025,2502.6659234875515,93842180
2021-07-23,2502.665771484375,2554.4005048240087,2476.798404814558,2547.933619738323,95960267
2021-07-26,2476.79833984375,2522.0661869102423,2470.331454927702,2522.0661869102423,90198037
2021-07-27,2457.39794921875,2496.198912797354,2437.997467429448,2496.198912797354,99741692
2021-07-28,2412.130126953125,2463.8646877346105,2405.6632417280907,2457.397976182506,77777283
2021-07-29,2437.99755859375,2483.265409019136,2425.063787801963,2431.5306731978567,102817895
2021-07-30,2399.1962890625,2476.798388562756,2399.1962890625,2476.798388562756,113633172
2021-08-02,2418.596923828125,2437.9975801876417,2392.7297293613083,2437.9975801876417,105807637
2021-08-03,2425.06396484375,2444.4644487748283,2405.6634809126717,2418.5970789757416,87862477
2021-08-04,2489.732421875,2489.732421875,2437.9978534693637,2450.931452152534,91847406
2021-08-05,2619.06884765625,2644.9362144544043,2522.066265581402,2522.066265581402,294149590
2021-08-06,2541.46630859375,2625.535279595317,2522.0658302619718,2619.068395593759,152456913
2021-08-09,2489.732421875,2554.4009363097175,2470.331937013767,2547.9340501316547,102404178
2021-08-10,2470.33154296875,2515.5993916485595,2463.864657822226,2515.5993916485595,94349949
2021-08-12,2463.8642578125,2489.731620526086,2457.3975473887785,2489.731620526086,94464021
2021-08-13,2502.665771484375,2509.1326565700606,2470.331519728872,2470.331519728872,104829940
2021-08-16,2541.46630859375,2541.46630859375,2483.264873598416,2502.665351930194,70083530
2021-08-18,2632.002685546875,2644.936456968312,2541.4669802885896,2580.267947207014,247351372
2021-08-19,2509.132568359375,2599.6682616844123,2496.198798642701,2586.734491967738,218214729
2021-08-20,2541.46630859375,2547.9331925953084,2476.797989596858,2509.1322359317523,88330535
2021-08-23,2560.866943359375,2580.267422876256,2541.466463842494,2573.8007121525675,68133856
2021-08-24,2515.599365234375,2560.8672134388653,2476.7984021085053,2554.400502033171,150882016
2021-08-25,2515.599365234375,2522.0662503129956,2489.7319985928198,2489.7319985928198,86571495
2021-08-26,2502.665771484375,2522.0662530685063,2483.2652899002437,2515.5993679828202,69144334
2021-08-27,2483.265380859375,2515.5994601263114,2476.7984955368147,2515.5994601263114,79498923
2021-08-30,2547.93359375,2547.93359375,2483.2652645715225,2489.731975918323,128539860
2021-08-31,2541.46630859375,2554.4000765968667,2502.665351930194,2547.9331925953084,134879489
2021-09-01,2515.599365234375,2541.4667318759302,2509.1326538286808,2541.4667318759302,97691477
2021-09-02,2502.665771484375,2515.5993679828202,2483.2652899002437,2496.198886398689,81242343
2021-09-03,2541.46630859375,2541.46630859375,2463.864221593741,2489.7315839270773,165056860
2021-09-06,2489.732421875,2573.8014211709506,2489.732421875,2554.4009363097175,188929693
2021-09-07,2528.533203125,2534.999914703922,2502.6658357905194,2515.5994326212945,140380354
2021-09-08,2653.388916015625,2760.093564112768,2646.275272809149,2717.411704873911,228087900
2021-09-09,2653.388916015625,2681.84348884153,2596.4797703638155,2632.0479863961964,306319600
2021-09-10,2688.95703125,2696.070674189815,2610.706958912037,2639.1615306712965,177033000
2021-09-13,2632.0478515625,2667.616065772804,2603.5932801942567,2639.161494404561,169825000
2021-09-14,2632.0478515625,2653.3887800886823,2603.5932801942567,2646.275137246622,216363400
2021-09-15,2603.59326171875,2610.7069045103312,2575.1386905524246,2610.7069045103312,263544000
2021-09-16,2589.365966796875,2603.593252328726,2568.0250384990986,2596.4796095628003,194782800
2021-09-17,2568.025146484375,2589.366075679536,2539.5705742241603,2582.2524326144826,346529100
2021-09-20,2553.798095703125,2553.798095703125,2496.888945938153,2553.798095703125,357971300
2021-09-21,2539.570556640625,2546.684199656425,2489.7750555300245,2496.8886985458244,410533900
2021-09-22,2568.025146484375,2596.4797187445897,2504.002358898892,2504.002358898892,416087300
2021-09-23,2681.84326171875,2681.84326171875,2553.797694846237,2560.9113374502654,432390800
2021-09-24,2717.412109375,2745.866686436518,2681.8438880481017,2696.071176578861,634549600
2021-09-27,2667.616455078125,2703.184674479167,2653.3891673177086,2681.843742838542,380151200
2021-09-28,2646.275146484375,2681.8433608188425,2624.9342178836946,2681.8433608188425,306827400
2021-09-29,2660.50244140625,2667.61608429771,2624.934226948947,2646.275155623329,143081800
2021-09-30,2738.752685546875,2752.9799722250405,2667.6162521560473,2674.7298954951298,416099000
2021-10-01,2774.320556640625,2788.5478415464745,2724.5250594701524,2738.752344376002,359864700
2021-10-04,2824.116455078125,2852.5710289328163,2767.207307368742,2774.320950832415,335762600
2021-10-05,2795.661376953125,2831.2295878558366,2781.4340925920405,2809.88866131421,236562700
2021-10-06,2930.821044921875,2952.1619748606267,2788.548178663532,2788.548178663532,446708800
2021-10-07,2930.821044921875,2966.3892614864612,2895.252828357289,2952.1619748606267,264905400
2021-10-08,2959.275390625,3016.184532752404,2937.9344623272236,2980.6163189227764,196631600
2021-10-11,2973.503173828125,2987.7304617411783,2937.934954045492,2959.2758859150717,146720100
2021-10-12,3001.95751953125,3016.184806353673,2973.502945886404,2973.502945886404,241196000
2021-10-13,3044.639404296875,3058.8666912328417,3001.957543488975,3009.071186956958,264629400
2021-10-14,3023.29833984375,3094.434771369485,3009.071053538603,3044.6392693014704,196989500
2021-10-15,3073.09375,3080.207392939815,3001.9573206018517,3023.2982494212965,318189600
2021-10-18,3137.11669921875,3137.11669921875,3087.3211960565473,3094.4348393654336,286829000
2021-10-19,3130.003173828125,3165.571391712536,3101.548599520597,3165.571391712536,161256300
2021-10-21,3101.548095703125,3172.6845199164995,3073.0935260177753,3165.570877495162,319230200
2021-10-22,3130.003173828125,3130.003173828125,3073.0940252130686,3087.3213123668324,160459300
2021-10-25,3058.86669921875,3108.6622036246363,3058.86669921875,3080.2076296784157,128240100
2021-10-26,3094.434814453125,3108.662100956358,3037.525668440194,3044.6393116918102,108782400
2021-10-27,3051.752685546875,3087.320898665137,3030.411757675918,3080.207256041485,258038300
2021-10-28,3016.184814453125,3058.866675035009,2987.730240731869,2994.8438841621833,159645200
2021-10-29,3023.29833984375,3058.8665556066176,3001.957410386029,3058.8665556066176,155011100
2021-11-01,3009.07080078125,3080.2072263316345,3001.9571582262115,3080.2072263316345,102079300
2021-11-02,2994.843994140625,3037.5258562898975,2994.843994140625,3037.5258562898975,124799700
2021-11-03,3051.752685546875,3058.8663281705276,2994.843544557656,3023.2981150522655,100486300
2021-11-04,3023.29833984375,3087.3211282169113,3023.2983398437495,3080.207485064338,119591100
2021-11-05,3016.184814453125,3037.5257447440667,2994.8438841621833,3037.5257447440667,74347000
2021-11-08,3009.07080078125,3030.4117284463655,3001.9571582262115,3023.298085891327,79465600
2021-11-09,3023.29833984375,3023.2983398437495,3001.957410386029,3009.071053538603,92453200
2021-11-10,3023.29833984375,3030.4119829963233,2994.8437672334558,3009.071053538603,69475400
2021-11-11,3023.29833984375,3058.8665556066176,3009.071053538603,3051.752912454044,149637700
2021-11-12,3001.95751953125,3051.7530234097308,2994.8438761200387,3037.5257365873076,80234400
2021-11-15,2959.275390625,3001.9572472205527,2945.048105093149,3001.9572472205527,220142300
2021-11-16,2937.934326171875,2966.388895916881,2930.820683735624,2930.820683735624,163555000
2021-11-17,2987.72998046875,2987.72998046875,2959.2754092261903,2966.3890520368304,126523700
2021-11-18,2973.503173828125,2980.6168177846516,2945.0485980020185,2952.162241958545,114881200
2021-11-19,3044.639404296875,3051.7530477648584,3001.957543488975,3001.957543488975,182167700
2021-11-22,3044.639404296875,3065.980334700825,3023.298473892925,3065.980334700825,151514000
2021-11-23,2994.843994140625,3044.639499981443,2987.730350449079,3044.639499981443,104294200
2021-11-24,2994.843994140625,3009.0712815237157,2980.616706757534,2987.730350449079,111072800
2021-11-25,3001.95751953125,3023.2984497648845,2973.502945886404,2973.502945886404,123609400
2021-11-26,2959.275390625,3001.9572472205527,2952.1617478590747,2980.6163189227764,148652500
2021-11-29,2966.38916015625,2980.616446296088,2902.3663725269785,2952.1618740164117,164312800
2021-11-30,2909.47998046875,3001.957339261155,2909.47998046875,2952.161838372937,316653200
2021-12-01,2902.366455078125,2973.502887800628,2895.2528118058744,2909.480098350375,163457900
2021-12-02,2987.72998046875,3001.95726609003,2888.1389811197914,2888.1389811197914,139281800
2021-12-03,2966.38916015625,3001.957375505845,2966.38916015625,2994.843732435926,93227100
2021-12-06,2923.707275390625,3001.9573484546077,2923.707275390625,2987.7300624429745,106610000
2021-12-07,3009.07080078125,3009.07080078125,2959.275302895981,2980.6162305610965,182048000
2021-12-08,2994.843994140625,3023.2985689068064,2966.389419374443,3023.2985689068064,143230200
2021-12-09,2980.6162109375,3001.957138462112,2959.275283412888,3001.957138462112,90471500
2021-12-10,2937.934326171875,2959.2752534806295,2937.934326171875,2937.934326171875,122999200
2021-12-13,2959.275390625,2987.729961688702,2959.275390625,2966.3890333909253,86848900
2021-12-14,2937.934326171875,2959.2752534806295,2937.934326171875,2952.1616110443783,100110000
2021-12-15,2987.72998046875,3009.0709089006696,2945.048123604911,2952.1617664155506,124522800
2021-12-16,2945.048095703125,3001.9572376490787,2930.8208102166363,3001.9572376490787,136646600
2021-12-17,2923.707275390625,2945.0482044080745,2909.479989378992,2909.479989378992,153165400
2021-12-20,2930.821044921875,2937.9346882347922,2888.139185044372,2895.252828357289,89198900
2021-12-21,2902.366455078125,2930.8210281671263,2902.366455078125,2916.5937416226257,109561800
2021-12-22,2881.025634765625,2923.707496021412,2881.025634765625,2916.5938524787807,104738000
2021-12-23,2916.593505859375,2923.707148556593,2888.138935070503,2909.479863162157,72736800
2021-12-24,2895.252685546875,2930.820900357033,2881.025399622812,2916.5936144329703,59795000
2021-12-27,2888.13916015625,2923.707376414332,2888.13916015625,2895.2528034078664,65491200
2021-12-28,2909.47998046875,2923.707266436812,2895.2526945006875,2909.47998046875,52952500
2021-12-29,2902.366455078125,2916.5937416226257,2895.2528118058744,2909.480098350375,27676500
2021-12-30,2923.707275390625,2945.0482044080745,2888.139060361542,2902.366346373175,146989400
2022-01-03,2973.503173828125,2980.6168177846516,2909.480378219386,2930.8213100889657,90842500
2022-01-04,2959.275390625,2994.8436044546274,2959.275390625,2987.729961688702,93950000
2022-01-05,2994.843994140625,3009.0712815237157,2937.9348446082613,2973.5030630659885,174376400
2022-01-06,2959.275390625,3016.184532752404,2945.048105093149,3016.184532752404,137280000
2022-01-07,2980.6162109375,2987.729853445704,2952.161640904684,2966.388925921092,101275000
2022-01-10,2973.503173828125,2994.844105697705,2973.503173828125,2980.6168177846516,70722600
2022-01-11,2952.162109375,2973.5030402861444,2937.9348221009036,2973.5030402861444,99404900
2022-01-12,2959.275390625,2973.502676156851,2937.9344623272236,2966.3890333909253,65907000
2022-01-13,2980.6162109375,2980.6162109375,2966.388925921092,2973.502568429296,103522400
2022-01-14,2973.503173828125,2994.844105697705,2959.2758859150717,2980.6168177846516,110213800
2022-01-17,2994.843994140625,2994.843994140625,2973.5030630659885,2987.730350449079,102957100
2022-01-18,2980.6162109375,3016.1844234785203,2945.04799839648,3016.1844234785203,120275000
2022-01-19,2937.934326171875,2994.8434656618874,2937.934326171875,2994.8434656618874,109954700
2022-01-20,2937.934326171875,2959.2752534806295,2923.707041299372,2937.934326171875,86394600
2022-01-21,2966.38916015625,2966.38916015625,2923.7073017367356,2937.9345878765735,84972500
2022-01-24,2930.821044921875,2959.275618173544,2916.593758296041,2945.0483315477095,76709900
2022-01-25,2895.252685546875,2923.7072573950018,2845.457184812654,2916.5936144329703,185007800
2022-01-26,2909.47998046875,2916.5936234527812,2866.7981225645626,2866.7981225645626,97589500
2022-01-27,2945.048095703125,2945.048095703125,2888.138953757171,2895.252596500415,80682900
2022-01-28,2945.048095703125,2966.3890239328575,2909.4798819869034,2966.3890239328575,84812100
2022-01-31,2895.252685546875,2966.3891151671914,2895.252685546875,2966.3891151671914,78498500
2022-02-02,2895.252685546875,2930.820900357033,2888.1390425848435,2930.820900357033,81546300
2022-02-03,2937.934326171875,2973.502538353133,2937.934326171875,2973.502538353133,157898800
2022-02-04,2994.843994140625,2994.843994140625,2952.1621319913525,2966.389419374443,236602900
2022-02-07,3130.003173828125,3137.116817405007,3001.9575894442473,3016.1848765980117,468016600
2022-02-08,3158.45751953125,3236.7075932133307,3130.0029472832207,3165.571162593257,310878100
2022-02-09,3165.5712890625,3201.1395057935392,3115.775785639045,3130.0030723314608,149000100
2022-02-10,3179.798828125,3201.139759857382,3165.5715403034114,3201.139759857382,112521600
2022-02-11,3165.5712890625,3165.5712890625,3115.775785639045,3144.2303590238766,103418200
2022-02-14,3137.11669921875,3165.571272454294,3115.775769292092,3165.571272454294,105260000
2022-02-15,3151.34375,3165.5710355530473,3122.8891788939054,3158.4573927765236,96658500
2022-02-16,3144.230224609375,3179.7984398198882,3137.1165815672725,3179.7984398198882,89636300
2022-02-17,3130.003173828125,3137.116817405007,3087.3213123668324,3122.8895302512433,118305100
2022-02-18,3151.34375,3158.4573927765236,3108.6618933408577,3130.002821670429,127058000
2022-02-21,3194.025390625,3194.025390625,3158.457179148107,3172.6844637388645,133717300
2022-02-22,3151.34375,3179.7983211060946,3144.2301072234764,3158.4573927765236,109060900
2022-02-23,3186.912109375,3215.366681780134,3172.684823172433,3215.366681780134,160827800
2022-02-24,3122.88916015625,3179.7983020269785,3108.6618746885674,3179.7983020269785,217523600
2022-02-25,3236.707763671875,3236.707763671875,3137.116755558894,3165.57132930546,301346400
2022-03-01,3293.6171875,3457.2310002699787,3293.6171875,3450.117356236501,494657800
2022-03-02,3243.8212890625,3336.2986503734924,3236.7076458847314,3329.1850071957238,186635200
2022-03-04,3322.071044921875,3364.7528998887515,3279.3891899549985,3357.639257394272,292022600
2022-03-07,3215.366943359375,3293.6170238393597,3215.366943359375,3258.0488054393663,224515800
2022-03-08,3151.34375,3243.8211060948083,3151.34375,3201.139249435666,214870200
2022-03-09,3250.93505859375,3265.1623455022564,3201.139554413977,3222.480484776737,191967100
2022-03-10,3250.93505859375,3300.730562773523,3208.2531978682305,3300.730562773523,225575800
2022-03-11,3254.079345703125,3283.661885209517,3231.892441073331,3254.079345703125,275965300
2022-03-14,3342.826904296875,3357.6181737849142,3261.474922112659,3283.6618263447176,212052100
2022-03-15,3409.38720703125,3431.5741085954446,3350.2221361933975,3365.0134039028603,357755700
2022-03-16,3438.970458984375,3446.3660943800405,3409.387917401714,3438.9704589843755,226817000
2022-03-17,3438.970458984375,3475.9486359627017,3409.387917401714,3468.5530005670366,224068000
2022-03-18,3387.200927734375,3475.948550295101,3387.200927734375,3475.948550295101,257863400
2022-03-21,3394.596435546875,3424.1789752902027,3372.409530739379,3401.992070482707,118791900
2022-03-22,3431.57470703125,3483.3441530424975,3431.57470703125,3468.5528827535695,177758500
2022-03-23,3438.970458984375,3468.5530005670366,3416.7835527973793,3461.157365171371,146545100
2022-03-24,3498.134765625,3498.134765625,3416.7827943313955,3431.5740618393233,206271600
2022-03-25,3483.343994140625,3520.3221681760883,3438.9701852980693,3520.3221681760883,137104800
2022-03-28,3498.134765625,3505.530399378964,3453.7609631012156,3498.134765625,106801800
2022-03-29,3468.552490234375,3512.926296079591,3453.761221619303,3512.926296079591,93155100
2022-03-30,3483.343994140625,3505.530898561903,3468.5527245264398,3505.530898561903,83364400
2022-03-31,3446.365478515625,3512.9261851822357,3446.365478515625,3475.9480148118964,158650000
2022-04-01,3498.134765625,3498.134765625,3424.1784280853594,3468.552230609144,145105000
2022-04-04,3475.947998046875,3498.1349001620674,3446.365461893284,3498.1349001620674,103902000
2022-04-05,3475.947998046875,3505.5305342004654,3453.761095931682,3498.1349001620674,76154300
2022-04-06,3401.99169921875,3468.552406377378,3401.9916992187505,3468.552406377378,111009800
2022-04-07,3424.178955078125,3453.7614946468348,3416.783320185948,3453.7614946468348,91942500
2022-04-08,3409.38720703125,3438.969742450176,3401.991573176518,3424.1784747407128,125657900
2022-04-11,3379.804931640625,3416.7831037592314,3379.804931640625,3401.991834911789,109861100
2022-04-12,3409.38720703125,3409.38720703125,3365.0134039028603,3365.0134039028603,96961200
2022-04-13,3409.38720703125,3431.5741085954446,3394.595939321787,3431.5741085954446,112327600
2022-04-14,3357.617919921875,3409.3873592158247,3350.2222857370252,3401.991725030975,150659600
2022-04-18,3365.013671875,3387.2005752060436,3357.6180374313185,3365.0136718749995,82795100
2022-04-19,3379.804931640625,3401.991834911789,3357.618028369461,3365.0136627931824,148475600
2022-04-20,3586.8828125,3601.674081829897,3401.991945876289,3409.387580541237,404383100
2022-04-21,3549.904541015625,3586.882713317871,3520.322003173828,3586.882713317871,208253300
2022-04-22,3512.926513671875,3586.882861328125,3490.739609375,3512.926513671875,174349500
2022-04-25,3579.487060546875,3586.8826949694926,3453.7612753623775,3475.94817863023,235752400
2022-04-26,3653.443603515625,3683.0261428153467,3572.09162044139,3579.487255266321,262734300
2022-04-27,3586.8828125,3646.047889819588,3586.8828125,3623.8609858247423,191955100
2022-04-28,3601.674072265625,3646.0478801374807,3594.278437620316,3601.674072265625,193821200
2022-05-09,3350.222412109375,3520.32200477718,3350.222412109375,3512.9263703133624,561600400
2022-05-10,3350.222412109375,3350.222412109375,3150.5402815863,3150.5402815863,435782800
2022-05-11,3320.6396484375,3387.2003540854676,3313.2440144766147,3365.0134522028115,205233800
2022-05-12,3194.914306640625,3320.6401011149087,3180.123036702474,3320.6401011149087,207373600
2022-05-13,3143.144775390625,3224.4967578125,3143.144775390625,3143.144775390625,336711300
2022-05-17,3291.0576171875,3342.8270628511236,3157.9361854810395,3157.9361854810395,272650400
2022-05-18,3291.0576171875,3350.222697945927,3276.2663469978934,3328.035792661517,129716500
2022-05-19,3283.661865234375,3298.453134897593,3180.1229775918496,3217.1011517498946,132614900
2022-05-20,3276.26611328125,3320.6399206846077,3261.4748441467973,3283.6617478484764,122101000
2022-05-23,3202.309814453125,3283.66179588265,3194.914179777714,3261.474891856416,175709000
2022-05-24,3298.453369140625,3328.0359105678954,3194.914474145179,3194.914474145179,165758600
2022-05-25,3217.10107421875,3291.0574207525146,3217.10107421875,3276.266151445762,138961700
2022-05-27,3357.617919921875,3357.617919921875,3283.6615780733755,3328.0353831824755,209962100
2022-05-30,3276.26611328125,3357.6180935207394,3246.6835750123446,3357.6180935207394,193724500
2022-05-31,3424.178955078125,3424.178955078125,3291.0575270189324,3305.8487968032873,379626500
2022-06-02,3313.244140625,3401.9917515345983,3313.244140625,3357.617946079799,225697500
2022-06-03,3342.826904296875,3379.805078016973,3335.431269552855,3350.2225390408944,117643300
2022-06-06,3276.26611328125,3335.4311898190604,3254.079209579571,3305.8486515501554,157277700
2022-06-07,3254.079345703125,3298.453154962713,3254.079345703125,3298.453154962713,133318000
2022-06-08,3305.848876953125,3305.848876953125,3239.2881613097734,3254.07943145274,150604000
2022-06-09,3320.6396484375,3342.826550320156,3313.2440144766147,3328.0352823983853,161768800
2022-06-10,3254.079345703125,3305.8487898393114,3224.4968061967334,3305.8487898393114,222410400
2022-06-13,3209.70556640625,3217.1012013518866,3150.540486841158,3150.540486841158,164017200
2022-06-14,3224.49609375,3261.4742599627293,3180.1222942947247,3180.1222942947247,150381800
2022-06-15,3291.0576171875,3291.0576171875,3224.4969013342698,3224.4969013342698,160729900
2022-06-16,3276.26611328125,3350.222458953513,3261.4748441467973,3268.8704787140236,240023000
2022-06-17,3231.89208984375,3254.078992062357,3217.1008216980117,3231.89208984375,185763100
2022-06-20,3254.079345703125,3261.4749805797233,3209.7055364435373,3254.079345703125,95058800
2022-06-21,3239.287841796875,3276.266013506885,3239.287841796875,3276.266013506885,103964600
2022-06-22,3194.914306640625,3261.4750213623047,3187.5186716715493,3261.4750213623047,106208500
2022-06-23,3187.5185546875,3224.4967281757545,3180.1229199898494,3180.1229199898494,127600700
2022-06-24,3209.70556640625,3217.1012013518866,3187.5186615693406,3194.914296514977,66083900
2022-06-27,3165.33154296875,3202.309715199693,3157.9359085225615,3187.518446307316,152306100
2022-06-28,3180.123046875,3202.3099518531976,3165.331776889535,3194.914316860465,178535800
2022-06-29,3091.375244140625,3187.518493360309,3091.375244140625,3165.331589694228,228536100
2022-06-30,3069.1884765625,3120.9579207454817,3047.0015719126504,3047.0015719126504,239939100
2022-07-01,3061.79296875,3106.1667798913045,3039.6060631793475,3069.1886039402175,154659500
2022-07-04,2987.83642578125,3047.0015035194924,2928.6713480430076,3024.8145993676517,246853600
2022-07-05,3024.814697265625,3076.5841419621024,2987.8365224824265,2987.8365224824265,180648400
2022-07-06,3017.419189453125,3032.2104599896597,2973.0453778435203,2995.2322836483227,125309100
2022-07-07,2995.232177734375,3039.6059877748844,2987.8365427276235,2987.8365427276235,172127500
2022-07-08,3106.166259765625,3106.166259765625,2995.2317504882812,3024.814286295573,112914000
2022-07-11,3047.001953125,3083.980132167779,3032.2106815078882,3069.1888605506674,80867700
2022-07-12,3039.60595703125,3061.7928618270985,3032.2103220993004,3047.001591963199,56085200
2022-07-13,3002.627685546875,3054.3971284011313,2980.4407814664796,3039.605859014201,165745200
2022-07-14,3010.023193359375,3024.8144621228116,2965.6493870690647,2965.6493870690647,188729700
2022-07-15,3039.60595703125,3047.001591963199,2995.2321474395526,3002.6277823715022,91362800
2022-07-18,3061.79296875,3061.79296875,3017.4191576086955,3039.6060631793475,135284500
2022-07-19,3039.60595703125,3069.1884967590477,3039.60595703125,3069.1884967590477,122905900
2022-07-20,3180.123046875,3180.123046875,3076.584156976744,3091.3754269622095,220223600
2022-07-21,3187.5185546875,3187.5185546875,3128.3534771062937,3180.1229199898494,130405400
2022-07-22,3157.93603515625,3202.3098436127784,3157.93603515625,3202.3098436127784,86561100
2022-07-25,3143.144775390625,3180.12294921875,3143.144775390625,3143.144775390625,60952800
2022-07-26,3202.309814453125,3217.101083803948,3150.5403717252457,3157.936006400657,97709800
2022-07-27,3194.914306640625,3239.288116455078,3180.123036702474,3239.288116455078,88570800
2022-07-28,3224.49609375,3254.0786267201834,3209.704827264908,3209.704827264908,136421400
2022-07-29,3224.49609375,3276.2655264478212,3209.704827264908,3246.6829934776374,228669400
2022-08-01,3224.49609375,3261.4742599627293,3202.3091940223626,3246.6829934776374,200791700
2022-08-02,3254.079345703125,3254.079345703125,3180.122996937145,3224.4968061967334,173931000
2022-08-03,3239.287841796875,3268.870379164883,3217.100938770869,3261.474744822881,103412300
2022-08-04,3224.49609375,3246.6829934776374,3217.100460507454,3239.287360235092,120175700
2022-08-05,3224.49609375,3254.0786267201834,3194.9135607798166,3224.49609375,168879400
2022-08-08,3231.89208984375,3254.078992062357,3209.705187625143,3224.496455770881,107242600
2022-08-09,3261.47509765625,3305.8489085087162,3246.6838273720946,3254.0794625141725,181747100
2022-08-10,3187.5185546875,3231.892362873405,3180.1229199898494,3217.1010934781034,205341100
2022-08-11,3217.10107421875,3261.474882139009,3209.7054395653736,3239.2879781788797,193329000
2022-08-12,3194.914306640625,3217.1012115478516,3194.914306640625,3209.705576578776,103916700
2022-08-15,3180.123046875,3217.1012218386627,3180.123046875,3202.3099518531976,135099400
2022-08-16,3165.33154296875,3217.1009840920706,3157.9359085225615,3217.1009840920706,205432400
2022-08-18,3202.309814453125,3209.7054491285367,3187.5185451023026,3202.309814453125,138795300
2022-08-19,3180.123046875,3209.70558684593,3180.123046875,3209.70558684593,84552100
2022-08-22,3157.93603515625,3202.3098436127784,3157.93603515625,3194.9142088700237,121124400
2022-08-23,3180.123046875,3187.5186818677325,3150.54050690407,3150.54050690407,107799500
2022-08-24,3172.727294921875,3202.309833802265,3165.331660201777,3180.1229296419724,75055900
2022-08-25,3157.93603515625,3180.122939384514,3157.93603515625,3165.3316698990047,117653800
2022-08-26,3157.93603515625,3172.7273046417595,3157.93603515625,3165.3316698990047,87375200
2022-08-29,3143.144775390625,3157.936044921875,3120.95787109375,3143.144775390625,88409800
2022-08-30,3150.540283203125,3180.1228210735767,3143.144648735512,3143.144648735512,157219500
2022-08-31,3209.70556640625,3217.1012013518866,3135.749216949885,3143.1448518955217,191475700
2022-09-01,3246.683349609375,3246.683349609375,3187.5182771791356,3194.9139112329153,139929300
2022-09-02,3291.0576171875,3291.0576171875,3239.2881715238764,3261.4750768082868,220616600
2022-09-05,3394.596435546875,3401.992070482707,3268.8706416377313,3276.2662765735636,261126600
2022-09-06,3372.4091796875,3468.5524238452576,3365.0135455215186,3453.761155513295,188042700
2022-09-07,3298.453369140625,3365.014087351983,3298.453369140625,3335.4315459247127,231936700
2022-09-08,3401.99169921875,3416.782967476223,3313.244089673913,3313.244089673913,250373200
2022-09-09,3409.38720703125,3431.5741085954446,3379.8046716123235,3431.5741085954446,119286700
2022-09-12,3372.4091796875,3424.1786188493693,3372.4091796875,3409.387350517407,97988000
2022-09-13,3387.200927734375,3431.574739014738,3372.409657307587,3372.409657307587,141828800
2022-09-14,3387.200927734375,3409.3878333745565,3335.4314812406183,3342.827116454012,149960600
2022-09-15,3409.38720703125,3475.947911723834,3394.595939321787,3401.991573176518,295664100
2022-09-16,3328.03564453125,3416.78326171875,3328.03564453125,3409.387626953125,282492200
2022-09-19,3379.804931640625,3401.991834911789,3328.035490674576,3342.8267595220186,134432000
2022-09-20,3320.6396484375,3401.991622007238,3320.6396484375,3379.804720124582,138695500
2022-09-21,3365.013671875,3365.0136718749995,3305.8485963255494,3320.639865212912,159976900
2022-09-22,3372.4091796875,3387.200448019463,3328.0353746916117,3328.0353746916117,100425300
2022-09-23,3313.244140625,3372.4092145647323,3313.244140625,3357.617946079799,139074000
2022-09-26,3357.617919921875,3357.617919921875,3261.4746755188257,3313.2441148127755,280747500
2022-09-27,3350.222412109375,3365.0136810370104,3313.2442397902873,3328.0355087179223,213704600
2022-09-28,3342.826904296875,3372.4094432729535,3313.2443653207965,3335.431269552855,161815300
2022-09-29,3313.244140625,3357.617946079799,3298.452872140067,3342.826677594866,169368600
2022-09-30,3320.6396484375,3335.4309163592707,3261.4745767504173,3291.0571125939587,224229200
2022-10-03,3350.222412109375,3365.0136810370104,3313.2442397902873,3328.0355087179223,159559600
2022-10-04,3431.57470703125,3438.970342175714,3372.409625875539,3372.409625875539,256367100
2022-10-05,3357.617919921875,3446.3655301400745,3357.617919921875,3446.3655301400745,182246200
2022-10-06,3335.431396484375,3379.8052066371606,3335.4313964843755,3357.618301560768,123346200
2022-10-07,3283.661865234375,3320.6400393924196,3276.266230402766,3313.244404560811,133678600
2022-10-10,3231.89208984375,3276.265894280964,3209.705187625143,3268.870260208095,193923600
2022-10-11,3276.26611328125,3276.26611328125,3231.8923058778923,3246.6835750123446,133742200
2022-10-12,3254.079345703125,3305.8487898393114,3254.079345703125,3305.8487898393114,128741800
2022-10-13,3217.10107421875,3268.8705167923854,3217.10107421875,3246.683612832256,104269900
2022-10-14,3157.93603515625,3246.6836520693064,3157.93603515625,3239.2880173265517,180841100
2022-10-17,3180.123046875,3194.914316860465,3150.54050690407,3157.9361418968024,145506000
2022-10-18,3172.727294921875,3209.705468522363,3165.331660201777,3165.331660201777,161444100
2022-10-19,3180.123046875,3209.70558684593,3165.331776889535,3165.331776889535,81682300
2022-10-20,3246.683349609375,3254.0789836631548,3165.331375017796,3165.331375017796,149521700
2022-10-21,3276.26611328125,3298.453016982929,3224.496671310666,3224.496671310666,165052200
2022-10-24,3328.03564453125,3357.61818359375,3276.266201171875,3276.266201171875,186997700
2022-10-25,3394.596435546875,3409.387705418539,3365.0138958035473,3372.409530739379,233948800
2022-10-26,3350.222412109375,3409.387487819916,3328.0355087179223,3401.9918533560985,178298500
2022-10-27,3401.99169921875,3401.9916992187505,3350.2222603175956,3365.013528575068,131385300
2022-10-28,3424.178955078125,3424.178955078125,3372.4095108328834,3401.992050401593,227256400
2022-10-31,3438.970458984375,3461.157365171371,3424.1791881930444,3424.1791881930444,275184000
2022-11-01,3446.365478515625,3475.9480148118964,3424.1785762934214,3468.5523807378286,230590200
2022-11-02,3409.38720703125,3461.1566440143706,3379.8046716123235,3461.1566440143706,163816900
2022-11-03,3438.970458984375,3446.3660943800405,3394.5966466103832,3424.1791881930444,174423000
2022-11-04,3438.970458984375,3446.3660943800405,3409.387917401714,3438.9704589843755,85292300
2022-11-07,3468.552490234375,3468.552490234375,3409.387415774087,3438.9699530042312,112070500
2022-11-08,3416.783447265625,3468.552893436316,3409.387812098383,3468.552893436316,80916300
2022-11-09,3438.970458984375,3438.9704589843755,3401.9922820060488,3401.9922820060488,126493900
2022-11-10,3350.222412109375,3387.200584428463,3342.8267776455577,3372.409315500828,196277400
2022-11-11,3438.970458984375,3438.9704589843755,3394.5966466103832,3416.7835527973793,153238500
2022-11-14,3387.200927734375,3431.574739014738,3365.0140220941935,3416.78346858795,140187600
2022-11-15,3387.200927734375,3409.3878333745565,3372.409657307587,3387.200927734375,87986300
2022-11-16,3342.826904296875,3409.387616993052,3320.640000064816,3394.596347505012,245789200
2022-11-17,3453.760986328125,3453.760986328125,3328.035211665217,3342.8264792726177,214514600
2022-11-18,3409.38720703125,3461.1566440143706,3409.38720703125,3453.761010159639,105313200
2022-11-21,3394.596435546875,3424.1789752902027,3372.409530739379,3416.783340354371,82279300
2022-11-22,3394.596435546875,3453.761515033531,3379.805165675211,3379.805165675211,154866000
2022-11-23,3453.760986328125,3453.760986328125,3424.1784511133233,3431.574084917024,147280600
2022-11-24,3490.7392578125,3505.5305258540784,3453.761087708554,3475.9479897709216,156735700
2022-11-25,3512.926513671875,3512.926513671875,3468.5527050781247,3475.94833984375,177861100
2022-11-28,3564.696044921875,3572.091679869846,3498.1353303901387,3498.1353303901387,214611600
2022-11-29,3586.8828125,3594.2784471649484,3542.5090045103093,3564.695908505155,184916300
2022-11-30,3683.02587890625,3683.02587890625,3549.9044615963858,3557.300095891378,560639800
2022-12-01,3653.443603515625,3716.3064995275336,3623.8610642159033,3697.8174124652073,267382600
2022-12-02,3616.4658203125,3646.048362809944,3594.2789134394175,3623.861455936861,199981400
2022-12-05,3616.4658203125,3646.048362809944,3594.2789134394175,3631.2570915612223,88463000
2022-12-06,3594.2783203125,3616.4652235243057,3549.9045138888887,3594.2783203125,151325300
2022-12-07,3520.322021484375,3579.487097475709,3505.5307524865416,3579.487097475709,253330100
2022-12-08,3579.487060546875,3579.4870605468755,3483.3438130528475,3520.321985165935,154313900
2022-12-09,3549.904541015625,3579.4870788574217,3520.322003173828,3572.0914443969727,203573100
2022-12-12,3586.8828125,3586.8828125,3520.322100515464,3549.9046391752577,139582400
2022-12-13,3675.630126953125,3683.025761011381,3579.4868841957996,3601.673786370567,194233200
2022-12-14,3683.02587890625,3697.817147496235,3601.673901661333,3697.817147496235,201275800
2022-12-15,3631.2568359375,3653.4437412487273,3609.069930626273,3623.8612008337577,170702300
2022-12-16,3683.02587890625,3683.02587890625,3564.695730186371,3564.695730186371,594601900
2022-12-19,3675.630126953125,3683.025761011381,3638.651956661846,3675.630126953125,82959800
2022-12-20,3631.2568359375,3675.630646559954,3616.4655657300154,3646.048106144985,78671600
2022-12-21,3616.4658203125,3653.443998434305,3601.674549063778,3631.2570915612223,71277800
2022-12-22,3668.234375,3675.630008820565,3623.860572076613,3631.2562058971776,87321400
2022-12-23,3609.070068359375,3653.4438806752687,3609.070068359375,3638.652609903304,53350600
2022-12-26,3646.0478515625,3646.0478515625,3616.4653132131084,3623.8609478004564,43581100
2022-12-27,3601.674072265625,3660.839149428099,3594.278437620316,3646.0478801374807,74123800
2022-12-28,3564.696044921875,3609.069854609699,3557.300409973904,3601.6742196617283,117912500
2022-12-29,3601.674072265625,3601.674072265625,3549.9046297484597,3564.6958990390785,106690700
2022-12-30,3653.443603515625,3660.8392383405553,3601.674159741112,3601.674159741112,182091500
2023-01-02,3601.674072265625,3638.6522454921715,3564.6958990390785,3631.2566108468623,100200100
2023-01-03,3586.8828125,3623.8609858247423,3572.0915431701033,3572.0915431701033,95136500
2023-01-04,3527.718017578125,3586.8830996339425,3527.718017578125,3586.8830996339425,188071000
2023-01-05,3431.57470703125,3520.322328764817,3379.805261020003,3512.926693620353,292142000
2023-01-06,3416.783447265625,3431.574717600108,3365.0140010949335,3365.0140010949335,175932000
2023-01-09,3394.596435546875,3431.574610226035,3365.0138958035473,3387.200800611043,166164900
2023-01-10,3317.46337890625,3422.30420803647,3302.4861176019326,3407.326946732153,282510000
2023-01-11,3280.020263671875,3317.4634173667596,3265.0430021939214,3302.4861558888056,211610100
2023-01-12,3369.8837890625,3384.8610503472223,3302.4861132812503,3354.906527777778,210887800
2023-01-13,3354.90625,3392.3494001116073,3309.9744698660716,3377.372140066964,134592100
2023-01-16,3384.861328125,3392.349959381914,3309.975015555863,3317.4636468127765,172170900
2023-01-17,3414.815673828125,3429.7929355554415,3377.372519509834,3384.8611503734924,150577400
2023-01-18,3444.77001953125,3459.7472804857334,3414.8154976222827,3414.8154976222827,178026000
2023-01-19,3452.258544921875,3467.2358054204515,3429.7926541740103,3437.2812844232985,117204100
2023-01-20,3482.2138671875,3497.1911311323925,3459.7479712701615,3467.2366032426075,116038300
2023-01-24,3459.747802734375,3504.679592380276,3437.2819079114247,3489.7023291649757,81964700
2023-01-25,3414.815673828125,3459.747459010074,3407.3270429644667,3459.747459010074,84009300
2023-01-26,3437.28173828125,3459.7476319955067,3407.3272133289083,3414.8158445669937,113840400
2023-01-27,3474.72509765625,3504.679624360183,3444.7705709523166,3444.7705709523166,178282600
2023-01-30,3452.258544921875,3504.6789566668926,3422.304023924722,3482.213065919028,185972400
2023-01-31,3429.79345703125,3459.7479850402565,3422.304825028998,3452.259353038005,280039200
2023-02-01,3504.678955078125,3512.1675853240185,3459.7471736027646,3467.2358038486577,181849300
2023-02-02,3444.77001953125,3504.6790633491846,3444.77001953125,3482.213171917459,145413400
2023-02-03,3557.099609375,3579.565501644737,3467.236040296053,3482.213301809211,198479900
2023-02-06,3549.61083984375,3602.031253090388,3504.679057060918,3579.5653616989716,141366300
2023-02-07,3557.099609375,3587.054132401316,3534.6337171052633,3549.610978618421,140923100
2023-02-08,3587.053955078125,3587.053955078125,3527.14491198705,3527.14491198705,168599500
2023-02-09,3602.031494140625,3624.497387035473,3572.076970280828,3587.0542322107262,177400700
2023-02-10,3639.474365234375,3654.4516259966567,3572.076691804109,3624.4971044720937,181146600
2023-02-13,3594.54296875,3669.429280598958,3594.54296875,3669.429280598958,144569400
2023-02-14,3646.963134765625,3646.963134765625,3602.031350764406,3609.5199814312755,120995200
2023-02-15,3646.963134765625,3661.9403960993645,3602.031350764406,3661.9403960993645,84568100
2023-02-16,3646.963134765625,3661.9403960993645,3631.9858734318855,3661.9403960993645,69966200
2023-02-17,3654.451904296875,3661.940535248303,3617.0087495397347,3661.940535248303,104019300
2023-02-20,3654.451904296875,3669.429166199731,3624.497380491163,3669.429166199731,88432500
2023-02-21,3609.520263671875,3654.4520511864625,3609.520263671875,3654.4520511864625,59319100
2023-02-22,3564.588134765625,3602.0312874417345,3542.1222431599595,3587.054026371291,107327900
2023-02-23,3594.54296875,3602.031599934896,3542.122550455729,3602.031599934896,139144500
2023-02-24,3564.588134765625,3624.4971790474006,3564.5881347656255,3594.542656906513,46409300
2023-02-27,3602.031494140625,3602.031494140625,3564.5883393158783,3579.565601245777,89918800
2023-02-28,3497.1904296875,3587.053995332575,3497.1904296875,3564.5881039213064,273125500
2023-03-01,3534.633544921875,3557.0994360972263,3519.656284138308,3542.1221753136588,115578600
2023-03-02,3579.5654296875,3579.5654296875,3534.6336460512553,3557.0995378693774,59377900
2023-03-03,3564.588134765625,3594.542656906513,3542.1222431599595,3594.542656906513,84777000
2023-03-06,3587.053955078125,3594.5425854645096,3579.565324691741,3587.053955078125,78292000
2023-03-07,3624.497314453125,3631.9859452681108,3572.0768987482243,3572.0768987482243,111953700
2023-03-08,3624.497314453125,3631.9859452681108,3609.520052823153,3631.9859452681108,125766100
2023-03-09,3602.031494140625,3646.963279930321,3602.031494140625,3639.4746489653717,79549800
2023-03-10,3609.520263671875,3617.0088949243063,3594.5430011670123,3609.520263671875,125140500
2023-03-13,3617.009033203125,3646.9635593580165,3572.077243970788,3602.0317701256795,106769300
2023-03-14,3527.1455078125,3587.0545610237527,3512.168244509687,3572.0772977209394,192444400
2023-03-15,3519.656494140625,3572.0769100108046,3519.656494140625,3564.5882791722074,107761200
2023-03-16,3542.122314453125,3557.09957582502,3474.7246382795984,3519.656422395283,155984500
2023-03-17,3669.42919921875,3669.4291992187495,3557.099733936543,3572.0769959741706,267753300
2023-03-20,3654.451904296875,3654.451904296875,3609.520118588307,3624.497380491163,113829400
2023-03-21,3669.42919921875,3684.4064612563775,3624.497413105867,3646.9633061623085,214639300
2023-03-24,3748.984375,3788.2819051362685,3709.6868448637315,3733.2653629454926,266103900
2023-03-27,3725.405517578125,3764.7030441348566,3709.6865069554324,3733.2650228894713,144925200
2023-03-28,3748.984375,3756.8438810272537,3725.405856918239,3725.405856918239,105217100
2023-03-29,3780.42236328125,3788.2818692340174,3748.9843394701793,3772.562857328482,141800500
2023-03-30,3733.26513671875,3780.422170024671,3725.4056311677627,3780.422170024671,98847200
2023-03-31,3717.5458984375,3733.2649085788844,3701.826888296115,3717.5458984375,161561800
2023-04-03,3772.562744140625,3772.562744140625,3741.1247212727862,3748.984226989746,133511700
2023-04-04,3788.28173828125,3788.28173828125,3741.1247041947613,3772.562726919087,88097800
2023-04-05,3796.141357421875,3835.438887001812,3772.5628396739135,3780.4223455899005,119316500
2023-04-06,3804.00048828125,3819.7194985634037,3788.281477999096,3819.7194985634037,88012300
2023-04-10,3819.719482421875,3819.719482421875,3788.281461990419,3819.719482421875,58886800
2023-04-11,3835.43896484375,3843.298470919249,3796.141434466252,3819.7199526927507,67275600
2023-04-12,3874.736083984375,3890.45509446707,3843.2980630189845,3890.45509446707,194839900
2023-04-13,3914.033935546875,3929.7529473362197,3874.7364060735126,3890.4554178628573,141279800
2023-04-14,3988.698974609375,4008.3477380310965,3929.752684344212,3969.0502111876544,190097200
2023-04-17,3921.89306640625,3988.698860122589,3898.314550976954,3988.698860122589,121231300
2023-04-18,3890.455322265625,3949.4016150272255,3890.455322265625,3921.893345071812,95747700
2023-04-26,3949.4013671875,4047.645182291667,3874.7360677083334,4047.645182291667,273336000
2023-04-27,4047.64501953125,4047.64501953125,3921.892941254551,3921.892941254551,125947200
2023-04-28,4008.34814453125,4145.889502431833,4008.3481445312505,4067.294440774357,251912000
2023-05-02,4047.64501953125,4067.293781761984,3969.0499706083133,4067.293781761984,84246100
2023-05-03,4008.34814453125,4106.591971603095,3969.0506137025127,4106.591971603095,183524700
2023-05-04,4047.64501953125,4067.293781761984,3988.6987328390474,4047.64501953125,140482000
2023-05-05,4106.591796875,4126.240561453349,4027.996738561603,4106.591796875,182599600
2023-05-08,4008.34814453125,4126.240737017463,3969.0506137025127,4126.240737017463,107804200
2023-05-09,4027.996826171875,4027.9968261718755,3949.4017661490093,3969.050531154726,102987300
2023-05-10,4047.64501953125,4047.64501953125,3969.0499706083133,3988.6987328390474,108369600
2023-05-11,4047.64501953125,4067.293781761984,4008.3474950697814,4067.293781761984,85618800
2023-05-12,4047.64501953125,4067.293781761984,4008.3474950697814,4008.3474950697814,92625800
2023-05-15,4047.64501953125,4067.293781761984,3949.4012083775788,4047.64501953125,163732600
2023-05-16,4086.942626953125,4086.942626953125,4008.3475764347954,4067.2938643235425,73611200
2023-05-17,4086.942626953125,4126.240152212289,4067.2938643235425,4126.240152212289,115834500
2023-05-19,4244.13330078125,4283.43083134404,4086.9431785300926,4106.591943811487,185672200
2023-05-22,4263.78173828125,4322.728029593894,4165.5379194268435,4165.5379194268435,162655900
2023-05-23,4322.72802734375,4401.323082386363,4303.079263583097,4303.079263583097,255251600
2023-05-24,4401.3232421875,4401.3232421875,4283.430655343192,4342.376948765346,187436100
2023-05-25,4303.0791015625,4381.674153645834,4283.430338541667,4322.727864583334,224391900
2023-05-26,4401.3232421875,4401.3232421875,4263.781890869141,4263.781890869141,154003100
2023-05-29,4362.02587890625,4420.972174567145,4303.079583245354,4401.323409346846,125049100
2023-05-30,4322.72802734375,4401.323082386363,4322.72802734375,4322.72802734375,67363200
2023-05-31,4381.67431640625,4381.67431640625,4224.484206400645,4381.67431640625,898453700
2023-06-05,4263.78173828125,4401.3230846774195,4263.78173828125,4401.3230846774195,255472600
2023-06-06,4283.43017578125,4322.727700329702,4204.8351266843465,4244.132651232798,92019300
2023-06-07,4244.13330078125,4303.079596625434,4204.83577021846,4303.079596625434,150377000
2023-06-08,4303.0791015625,4303.0791015625,4204.835286458334,4224.484049479167,92794100
2023-06-09,4263.78173828125,4283.4305020521315,4224.484210739487,4263.78173828125,77251000
2023-06-12,4244.13330078125,4244.13330078125,4224.484535499855,4244.13330078125,92314200
2023-06-13,4362.02587890625,4362.02587890625,4244.133287584459,4244.133287584459,108831400
2023-06-14,4362.02587890625,4381.674644126549,4303.079583245354,4381.674644126549,79137600
2023-06-15,4342.37646484375,4342.37646484375,4283.430177990667,4303.078940275029,74388400
2023-06-16,4362.02587890625,4362.02587890625,4244.133287584459,4303.079583245354,189062600
2023-06-19,4342.37646484375,4342.37646484375,4283.430177990667,4322.727702559389,55144200
2023-06-20,4362.02587890625,4362.02587890625,4303.079583245354,4303.079583245354,102926800
2023-06-21,4381.67431640625,4381.67431640625,4322.728025154148,4322.728025154148,84605400
2023-06-22,4303.0791015625,4401.322916666667,4303.0791015625,4362.025390625,94143200
2023-06-23,4244.13330078125,4303.079596625434,4244.13330078125,4263.782066062645,123350300
2023-06-26,4283.43017578125,4303.078938055476,4224.483888958573,4263.781413507024,85472100
2023-06-27,4263.78173828125,4322.728029593894,4263.78173828125,4283.4305020521315,110716500
2023-07-03,4303.0791015625,4362.025390625,4283.430338541667,4322.727864583334,168559800
2023-07-04,4283.43017578125,4322.727700329702,4263.781413507024,4322.727700329702,94462600
2023-07-05,4283.43017578125,4283.43017578125,4244.132651232798,4244.132651232798,109632800
2023-07-06,4263.78173828125,4303.079265823013,4244.1329745103685,4283.4305020521315,109446200
2023-07-07,4224.484375,4263.781904069767,4224.484375,4244.133139534883,114043800
2023-07-10,4244.13330078125,4322.7283619068285,4244.13330078125,4263.782066062645,78972100
2023-07-11,4263.78173828125,4283.4305020521315,4224.484210739487,4224.484210739487,122094700
2023-07-12,4283.43017578125,4303.078938055476,4263.781413507024,4283.43017578125,104993700
2023-07-13,4283.43017578125,4303.078938055476,4263.781413507024,4263.781413507024,134905700
2023-07-14,4342.37646484375,4342.37646484375,4263.781415706307,4283.430177990667,127814200
2023-07-17,4381.67431640625,4420.971843907651,4342.376788904849,4362.025552655549,166951300
2023-07-18,4420.97216796875,4479.918463541667,4401.323402777778,4420.97216796875,120810300
2023-07-20,4420.97216796875,4440.620933159722,4362.025872395833,4381.674637586806,111117300
2023-07-21,4420.97216796875,4420.97216796875,4381.674637586806,4401.323402777778,63094600
2023-07-24,4401.3232421875,4440.620771135603,4401.3232421875,4401.3232421875,62962500
2023-07-25,4440.62109375,4479.918625553098,4420.972327848452,4420.972327848452,111248100
2023-07-26,4460.26953125,4479.918295704846,4440.620766795154,4479.918295704846,76200300
2023-07-27,4440.62109375,4519.216157356195,4440.62109375,4460.269859651549,109859200
2023-07-28,4479.91796875,4479.91796875,4420.9716796875,4420.9716796875,74036700
2023-07-31,4440.62109375,4479.918625553098,4440.62109375,4479.918625553098,186727400
2023-08-01,4479.91796875,4519.215494791667,4440.620442708334,4440.620442708334,100137500
2023-08-02,4479.91796875,4499.566731770834,4440.620442708334,4440.620442708334,90611300
2023-08-03,4479.91796875,4519.215494791667,4440.620442708334,4460.269205729167,82775000
2023-08-04,4381.67431640625,4499.566898910454,4381.67431640625,4479.918135159754,150738500
2023-08-07,4479.91796875,4499.566731770834,4381.674153645834,4401.322916666667,88104900
2023-08-08,4420.97216796875,4519.215993923612,4401.323402777778,4479.918463541667,89189600
2023-08-09,4479.91796875,4499.566731770834,4420.9716796875,4440.620442708334,91930000
2023-08-10,4479.91796875,4499.566731770834,4460.269205729167,4460.269205729167,85474200
2023-08-11,4440.62109375,4479.918625553098,4440.62109375,4460.269859651549,74321000
2023-08-14,4440.62109375,4460.269859651549,4381.674796045354,4440.62109375,127358400
2023-08-15,4381.67431640625,4460.269371409053,4381.67431640625,4440.620607658352,89597300
2023-08-16,4342.37646484375,4381.673989412472,4283.430177990667,4362.025227128111,188191900
2023-08-18,4381.67431640625,4401.323080156951,4322.728025154148,4322.728025154148,121561200
2023-08-21,4322.72802734375,4381.67431862571,4322.72802734375,4362.025554865057,91640000
2023-08-22,4381.67431640625,4420.971843907651,4322.728025154148,4322.728025154148,101221500
2023-08-23,4401.3232421875,4420.972006661551,4381.674477713448,4401.3232421875,78686900
2023-08-24,4362.02587890625,4420.972174567145,4362.02587890625,4420.972174567145,74407500
2023-08-25,4401.3232421875,4401.3232421875,4342.376948765346,4362.025713239397,65096500
2023-08-28,4362.02587890625,4420.972174567145,4362.02587890625,4401.323409346846,37126600
2023-08-29,4401.3232421875,4401.3232421875,4342.376948765346,4342.376948765346,57547200
2023-08-30,4342.37646484375,4401.322751696833,4322.727702559389,4401.322751696833,171282700
2023-08-31,4362.02587890625,4362.02587890625,4303.079583245354,4342.377113685951,175088200
2023-09-01,4381.67431640625,4401.323080156951,4342.376788904849,4401.323080156951,87366100
2023-09-04,4420.97216796875,4420.97216796875,4381.674637586806,4401.323402777778,43898200
2023-09-05,4420.97216796875,4440.620933159722,4401.323402777778,4420.97216796875,72464300
2023-09-06,4381.67431640625,4440.620607658352,4381.67431640625,4420.971843907651,106367800
2023-09-07,4283.43017578125,4362.0252248781535,4283.43017578125,4342.376462603927,157998600
2023-09-08,4204.83544921875,4283.430504344334,4165.537921655958,4263.7817405629385,243324500
2023-09-11,4263.78173828125,4263.78173828125,4165.5379194268435,4204.8354469686055,80474100
2023-09-12,4224.484375,4303.079433139535,4224.484375,4283.430668604651,121654400
2023-09-13,4244.13330078125,4263.782066062645,4204.83577021846,4204.83577021846,59408000
2023-09-14,4263.78173828125,4263.78173828125,4185.186683197725,4185.186683197725,76831700
2023-09-15,4224.484375,4283.430668604651,4224.484375,4244.133139534883,141455400
2023-09-18,4185.1865234375,4244.1328125,4165.537760416667,4204.835286458334,61329000
2023-09-19,4224.484375,4224.484375,4165.538081395349,4185.186845930232,50612700
2023-09-20,4224.484375,4283.430668604651,4204.835610465116,4204.835610465116,98710100
2023-09-21,4204.83544921875,4263.7817405629385,4204.83544921875,4263.7817405629385,68584900
2023-09-22,4204.83544921875,4263.7817405629385,4204.83544921875,4204.83544921875,83184100
2023-09-25,4165.5380859375,4204.835615050118,4086.943027712264,4185.186850493809,120196700
2023-09-26,4086.942626953125,4145.888914841872,4086.942626953125,4126.240152212289,180280600
2023-09-27,4106.591796875,4165.538090610047,4067.2942677183014,4067.2942677183014,119774700
2023-09-29,4106.591796875,4185.186855188397,4106.591796875,4165.538090610047,140331100
2023-10-02,4126.24072265625,4165.538253348214,4126.24072265625,4126.24072265625,81674600
2023-10-03,4145.8896484375,4165.538414543839,4126.240882331162,4126.240882331162,54462700
2023-10-04,4126.24072265625,4145.889488002232,4086.9431919642852,4126.24072265625,121445000
2023-10-05,4067.2939453125,4145.888997395834,4067.2939453125005,4126.240234375,116814800
2023-10-06,4067.2939453125,4126.240234375,4067.2939453125005,4086.9427083333335,70202300
2023-10-09,4027.996826171875,4106.591886194741,4027.9968261718755,4086.9431211890246,144477000
2023-10-10,4067.2939453125,4126.240234375,4027.9964192708335,4027.9964192708335,98457000
2023-10-11,4126.24072265625,4145.889488002232,4047.6456612723214,4047.6456612723214,100394800
2023-10-12,4165.5380859375,4224.484379606427,4145.889321381191,4165.5380859375,174022400
2023-10-13,4145.8896484375,4185.187180650178,4126.240882331162,4145.8896484375,84648800
2023-10-16,4126.24072265625,4185.187018694196,4126.24072265625,4185.187018694196,45782300
2023-10-17,4047.64501953125,4145.888830684921,4047.64501953125,4126.240068454187,127287200
2023-10-18,4047.64501953125,4106.591306223453,4027.996257300516,4027.996257300516,77217600
2023-10-19,3929.752685546875,4047.645266113281,3929.752685546875,4008.3477392578125,195831400
2023-10-20,3969.05078125,4008.3483137376234,3898.315222772277,3914.0342357673267,173353600
2023-10-23,3929.752685546875,3988.6989758300783,3921.8931801757813,3929.752685546875,82756100
2023-10-24,4008.34814453125,4008.3481445312505,3890.455552045037,3929.753082873775,104021500
2023-10-25,4067.2939453125,4086.9427083333335,4008.3476562500005,4008.3476562500005,142215000
2023-10-26,3866.876708984375,4067.294099389053,3866.876708984375,4067.294099389053,330618800
2023-10-27,3929.752685546875,3969.0502124023437,3882.5956533203125,3890.4551586914063,129599800
2023-10-30,3929.752685546875,3949.4014489746096,3906.1741694335938,3914.0336748046875,108523700
2023-10-31,3898.314453125,3929.752472908266,3898.314453125,3914.033463016633,106760300
2023-11-01,3796.141357421875,3898.3149343297105,3796.141357421875,3866.876910665761,191567200
2023-11-02,3929.752685546875,3988.6989758300783,3859.0171372070313,3882.5956533203125,208075400
2023-11-03,4008.34814453125,4067.294440774357,3949.401848288144,3949.401848288144,125504000
2023-11-06,4086.942626953125,4086.942626953125,4008.3475764347954,4008.3475764347954,122333800
2023-11-07,4126.24072265625,4145.889488002232,4067.294426618303,4106.591957310267,137039400
2023-11-08,4106.591796875,4126.240561453349,4067.2942677183014,4086.9430322966505,86713700
2023-11-09,4086.942626953125,4145.888914841872,4086.942626953125,4106.591389582707,66236400
2023-11-10,3988.698974609375,4047.6452648745385,3969.0502111876544,4047.6452648745385,113811900
2023-11-13,3949.4013671875,4027.9964192708335,3949.4013671875005,3988.698893229167,63126900
2023-11-14,3988.698974609375,4027.9965014528175,3969.0502111876544,3988.6989746093755,85419500
2023-11-15,4126.24072265625,4165.538253348214,4067.294426618303,4086.9431919642852,193790400
2023-11-16,4126.24072265625,4145.889488002232,4067.294426618303,4145.889488002232,99488800
2023-11-17,4106.591796875,4126.240561453349,4067.2942677183014,4067.2942677183014,70727500
2023-11-20,4126.24072265625,4145.889488002232,4067.294426618303,4067.294426618303,54123600
2023-11-21,4086.942626953125,4126.240152212289,4067.2938643235425,4106.591389582707,104110500
2023-11-22,4145.8896484375,4165.538414543839,4067.2945840121447,4067.2945840121447,103585500
2023-11-23,4204.83544921875,4244.132976781542,4165.537921655958,4185.186685437354,174572400
2023-11-24,4244.13330078125,4283.43083134404,4224.484535499855,4244.13330078125,92571400
2023-11-27,4204.83544921875,4283.430504344334,4204.83544921875,4263.7817405629385,76019100
2023-11-28,4204.83544921875,4263.7817405629385,4185.186685437354,4185.186685437354,147993400
2023-11-29,4165.5380859375,4224.484379606427,4165.5380859375,4204.835615050118,106197800
2023-11-30,4145.8896484375,4224.484712862855,4145.8896484375,4224.484712862855,224426400
2023-12-01,4204.83544921875,4224.484213000146,4145.8891578745615,4145.8891578745615,99499500
2023-12-04,4322.72802734375,4381.67431862571,4283.430499822443,4283.430499822443,235595700
2023-12-05,4283.43017578125,4322.727700329702,4263.781413507024,4263.781413507024,114689900
2023-12-06,4263.78173828125,4283.4305020521315,4244.1329745103685,4263.78173828125,119716700
2023-12-07,4303.0791015625,4303.0791015625,4244.1328125,4244.1328125,102126600
2023-12-08,4224.484375,4283.430668604651,4224.484375,4263.781904069767,130542600
2023-12-11,4165.5380859375,4224.484379606427,4165.5380859375,4185.186850493809,124468600
2023-12-12,4185.1865234375,4244.1328125,4185.1865234375,4224.484049479167,134501600
2023-12-13,4165.5380859375,4204.835615050118,4145.889321381191,4165.5380859375,98881600
2023-12-14,4362.02587890625,4362.02587890625,4263.782052804758,4283.430818025056,239261700
2023-12-15,4362.02587890625,4401.323409346846,4362.02587890625,4381.674644126549,252448800
2023-12-18,4322.72802734375,4381.67431862571,4322.72802734375,4381.67431862571,102780900
2023-12-19,4362.02587890625,4362.02587890625,4283.430818025056,4283.430818025056,135207300
2023-12-20,4362.02587890625,4479.91847022804,4362.02587890625,4479.91847022804,138470900
2023-12-21,4381.67431640625,4401.323080156951,4342.376788904849,4362.025552655549,99049600
2023-12-22,4460.26953125,4479.918295704846,4401.323237885463,4440.620766795154,109411300
2023-12-27,4420.97216796875,4499.567228732639,4420.97216796875,4479.918463541667,122236700
2023-12-28,4499.56689453125,4519.215658262828,4460.269367068096,4479.918130799672,121434600
2023-12-29,4499.56689453125,4519.215658262828,4460.269367068096,4519.215658262828,93126000
2024-01-02,4526.68701171875,4526.68701171875,4486.804306769686,4506.745659244218,91143100
2024-01-03,4466.86328125,4506.745989118303,4466.86328125,4486.804635184152,83659700
2024-01-04,4546.62841796875,4546.62841796875,4446.921654416804,4466.863007127193,92683500
2024-01-05,4586.5107421875,4666.276146399457,4546.628040081522,4566.5693911345115,134929600
2024-01-08,4486.80517578125,4626.394670138889,4486.80517578125,4586.511957465277,152015000
2024-01-09,4546.62841796875,4546.62841796875,4486.8043598375825,4486.8043598375825,105666200
2024-01-10,4546.62841796875,4546.62841796875,4486.8043598375825,4486.8043598375825,82626400
2024-01-11,4586.5107421875,4626.393444293479,4546.628040081522,4586.5107421875,116804400
2024-01-12,4666.27685546875,4666.27685546875,4606.45279321915,4626.394147302351,109715700
2024-01-15,4646.33544921875,4706.159510796674,4606.452741500134,4666.276803078058,115126700
2024-01-16,4646.33544921875,4686.218156937366,4606.452741500134,4646.33544921875,97074300
2024-01-17,4606.45263671875,4646.335343530168,4586.5112833130415,4646.335343530168,107941600
2024-01-18,4586.5107421875,4626.393444293479,4546.628040081522,4626.393444293479,87259100
2024-01-19,4626.39404296875,4626.39404296875,4546.628628434806,4586.511335701778,75370700
2024-01-22,4606.45263671875,4626.393990124459,4546.628576501624,4606.45263671875,97545600
2024-01-23,4546.62841796875,4586.511123389529,4506.745712547971,4546.62841796875,122999700
2024-01-24,4506.74658203125,4546.62929514657,4446.922512358268,4526.687938588911,104225000
2024-01-25,4407.0390625,4506.74582861991,4407.0390625,4446.921768947964,120478800
2024-01-26,4327.2734375,4367.156141993088,4307.332085253456,4347.214789746544,185244400
2024-01-29,4446.921875,4446.921875,4307.332399103139,4307.332399103139,145629600
2024-01-30,4486.80517578125,4506.746532118055,4367.157037760417,4407.039750434027,150513700
2024-01-31,4546.62841796875,4606.4524760999175,4526.68706525836,4566.569770679139,245117200
2024-02-01,4586.5107421875,4626.393444293479,4566.5693911345115,4606.452093240489,156633900
2024-02-02,4666.27685546875,4666.27685546875,4586.511439135951,4626.394147302351,177209700
2024-02-05,4606.45263671875,4646.335343530168,4586.5112833130415,4626.393990124459,113760000
2024-02-06,4646.33544921875,4706.159510796674,4626.394095359442,4706.159510796674,126704300
2024-02-07,4666.27685546875,4706.159563635149,4646.33550138555,4666.27685546875,147005300
2024-02-12,4805.8662109375,4805.8662109375,4666.276735931016,4686.218089503372,171514600
2024-02-13,4785.9248046875,4825.807511393229,4746.042097981771,4825.807511393229,145852200
2024-02-15,4885.6318359375,5005.279962531888,4865.690481505102,5005.279962531888,308685100
2024-02-16,4905.5732421875,4945.4559514735765,4885.631887544461,4905.5732421875,130814400
2024-02-19,4865.6904296875,4925.514492347593,4845.749075467469,4885.631783907531,111382900
2024-02-20,5025.22119140625,5025.22119140625,4925.514421735492,4925.514421735492,160872600
2024-02-21,5025.22119140625,5085.045253208706,4965.397129603795,5045.162545340402,168423000
2024-02-22,4985.33837890625,5025.2210859375,4965.397025390625,4985.33837890625,100256000
2024-02-23,4885.6318359375,4925.514544802296,4825.807772640306,4885.6318359375,148643000
2024-02-26,4925.5146484375,4945.456003289473,4845.749229029605,4865.690583881578,98920800
2024-02-27,4885.6318359375,4945.455899234694,4885.6318359375,4885.6318359375,99187500
2024-02-28,4965.39697265625,4965.39697265625,4865.690206137048,4865.690206137048,97236700
2024-02-29,4885.6318359375,4945.455899234694,4885.6318359375,4905.573190369898,173774600
2024-03-01,4885.6318359375,4925.514544802296,4845.749127072704,4925.514544802296,76286400
2024-03-04,4825.8076171875,4885.631678557593,4825.8076171875,4885.631678557593,70354900
2024-03-05,4885.6318359375,4925.514544802296,4845.749127072704,4865.690481505102,115084600
2024-03-06,4945.45556640625,4945.45556640625,4865.690154044859,4865.690154044859,84108800
2024-03-07,4965.39697265625,5005.279679263931,4945.4556193524095,4945.4556193524095,117724700
2024-03-08,5065.103515625,5104.986220472441,4985.338105930118,5005.279458353839,163060000
2024-03-13,5104.98681640625,5144.869525909424,5065.104106903076,5065.104106903076,195173100
2024-03-14,5092.56591796875,5133.9688929115855,5009.759968083079,5113.267405440168,271254000
2024-03-15,4947.65478515625,5030.460722983133,4926.95330069953,4968.356269612971,305995800
2024-03-18,4968.3564453125,5051.162386067708,4947.6549601236975,4968.3564453125,110564700
2024-03-19,4968.3564453125,5009.759415690104,4947.6549601236975,4968.3564453125,114338600
2024-03-20,5051.16259765625,5051.16259765625,4968.356653432377,4968.356653432377,120885400
2024-03-21,5051.16259765625,5133.968541880123,5051.16259765625,5113.267055824154,136020000
2024-03-22,5071.8642578125,5071.8642578125,5009.7597975127555,5009.7597975127555,46529200
2024-03-25,5175.37158203125,5175.37158203125,5071.864150390625,5175.37158203125,115729600
2024-03-26,5216.7744140625,5216.7744140625,5133.968470982143,5216.7744140625,120748400
2024-03-27,5175.37158203125,5237.476041015625,5154.670095703124,5216.774554687499,73308900
2024-03-28,5009.75927734375,5133.968185046488,4989.057792726627,5051.162246577996,288926900
2024-04-01,4906.251953125,4989.057893262131,4823.44601298787,4968.356408227848,217207800
2024-04-02,4699.23681640625,4926.953137906112,4657.833848860821,4844.147202815253,412180900
2024-04-03,4657.83447265625,4699.237445746528,4575.028526475695,4616.431499565972,333518700
2024-04-04,4719.9384765625,4761.341445655154,4678.535507469846,4678.535507469846,131936100
2024-04-05,4678.5361328125,4719.93910743916,4657.834645499171,4657.834645499171,178817800
2024-04-16,4430.1181640625,4616.431544794101,4430.1181640625,4450.819650810456,600717500
2024-04-17,4388.71484375,4554.3267246462265,4388.71484375,4533.625239534198,244002000
2024-04-18,4533.625,4554.326484018265,4388.714611872146,4388.714611872146,247410700
2024-04-19,4368.013671875,4450.8196182612555,4347.312185278436,4430.118131664692,258211500
2024-04-22,4388.71484375,4409.416328862028,4264.5059330778295,4305.908903301886,342282800
2024-04-23,4388.71484375,4471.520784198113,4326.610388413915,4430.117813974056,281403100
2024-04-24,4326.6103515625,4430.117776241029,4264.505896755382,4347.311836498206,471241400
2024-04-25,4264.505859375,4305.9088288834955,4181.69992035801,4243.804374620752,479170900
2024-04-26,3999.52734375,4223.103406444099,3999.52734375,4181.700431871118,782589900
2024-04-29,3949.84375,4049.2108883647797,3875.318396226415,3891.8795859538786,700644800
2024-04-30,4090.613525390625,4181.700061381104,3991.2463952191924,4016.0881777620507,565609200
2024-05-02,3941.56298828125,4074.0525004923848,3891.879421202075,4065.7719059791884,636922100
2024-05-03,3933.2822265625,3999.5269798519735,3900.159849917763,3941.562820723684,321697200
2024-05-06,3966.40478515625,4007.80775786143,3916.721217910034,3974.685379697286,262707400
2024-05-07,3867.037109375,3958.1236365765526,3867.037109375,3949.843043194593,304013600
2024-05-08,3875.31787109375,3925.0014335436695,3784.2313399355635,3850.47608986879,572275800
2024-05-13,3875.31787109375,3891.8790585770566,3833.9149023854834,3850.47608986879,320067100
2024-05-14,3916.720947265625,3982.9656990164176,3891.879165359078,3908.440353296776,341458900
2024-05-15,3991.24658203125,4032.649554873898,3941.563014620073,3958.124203757132,298990300
2024-05-16,4007.8076171875,4107.174748192148,4007.8076171875,4082.3329654409863,371295000
2024-05-17,4074.05224609375,4107.1746220782525,3991.2463061324947,4007.807494124746,208991800
2024-05-20,3991.24658203125,4181.70025710743,3991.24658203125,4132.016689696253,335150700
2024-05-21,3875.31787109375,4032.6491521851626,3875.31787109375,3982.9655897352427,271568800
2024-05-22,3908.440185546875,3949.843153614109,3850.476030252748,3850.476030252748,215066000
2024-05-27,3767.67041015625,3908.440513392857,3767.67041015625,3891.879324776786,363719300
2024-05-28,3751.109375,3833.915321467991,3742.8287803532007,3792.5123482339955,258070200
2024-05-29,3651.742431640625,3726.2677873883927,3643.4618365575393,3709.706597222222,465008500
2024-05-30,3626.900146484375,3709.706085901826,3568.9359888921585,3643.461334367865,502927800
2024-05-31,3593.7783203125,3701.426058017713,3585.4977251044065,3668.30367718534,655144100
2024-06-03,3751.109375,3775.951158940397,3643.4616445916113,3668.3034285320086,345770100
2024-06-04,3684.864501953125,3800.7928233628863,3684.864501953125,3775.9510402036517,332902200
2024-06-05,3643.461669921875,3726.2676169655538,3643.461669921875,3726.2676169655538,240788500
2024-06-06,3726.267333984375,3726.267333984375,3635.1807991536457,3684.8643636067704,281534200
2024-06-07,3602.05859375,3726.2675107758623,3602.05859375,3717.9869163074713,375439600
2024-06-10,3643.461669921875,3668.3034540349786,3577.216912286932,3602.0586964000354,181387000
2024-06-11,3593.7783203125,3676.584272393433,3593.7783203125,3626.900701144873,197854400
2024-06-12,3602.05859375,3610.339188218391,3568.936215876437,3593.7779992816095,187332500
2024-06-13,3568.93603515625,3660.0225696962007,3560.655441107164,3643.461381598028,238349600
2024-06-14,3461.28857421875,3577.2168996710525,3453.0079795435854,3560.6557103207233,358893200
2024-06-19,3395.043701171875,3510.9720226753047,3386.763106778773,3395.043701171875,410338400
2024-06-20,3535.81396484375,3535.81396484375,3419.8856381275614,3419.8856381275614,387133400
2024-06-21,3676.583984375,3717.9869571720155,3527.533282305743,3544.0944714245493,532713300
2024-06-24,3643.461669921875,3734.548211669922,3643.461669921875,3676.5840487393466,303830800
2024-06-25,3626.900146484375,3643.461334367865,3544.0942070669234,3577.216582833904,383572500
2024-06-26,3618.61962890625,3668.3031936051916,3602.058440673269,3635.1808171392304,150303400
2024-06-27,3693.145263671875,3726.2676427182596,3626.9005055791063,3651.7422898638947,299430600
2024-06-28,3809.0732421875,3842.195618206522,3792.5120541779893,3800.7926481827444,581319300
2024-07-01,3833.91552734375,3867.037907709571,3775.951361703564,3833.91552734375,261421200
2024-07-02,3784.231689453125,3833.915256491897,3784.231689453125,3817.354067478973,234403100
2024-07-03,3809.0732421875,3842.195618206522,3775.950866168478,3833.9150242017663,176310400
2024-07-04,3966.40478515625,3999.5271633203943,3858.7570561227817,3875.318245204854,422261500
2024-07-05,3974.685302734375,4032.649463399251,3966.4047083536784,4016.088274637858,218278000
2024-07-08,3933.2822265625,3999.5269798519735,3925.001632401316,3974.685197368421,222042100
2024-07-09,4032.6494140625,4082.332979738835,3933.2822827098307,3958.1240655479983,291320400
2024-07-10,4016.088134765625,4074.0522934117266,4007.8075406733246,4032.6493229502253,167619700
2024-07-11,4007.8076171875,4074.052371190599,4007.8076171875,4065.7717769402116,170461300
2024-07-12,4057.491455078125,4123.73621352838,4040.930265465561,4115.455618722099,301125400
2024-07-15,3991.24658203125,4082.333122285075,3982.9659874627205,4074.0525277165457,188713000
2024-07-16,3916.720947265625,4007.807480922965,3916.720947265625,3991.246292985267,189271400
2024-07-17,3941.56298828125,3982.96596084723,3908.4406102284665,3933.282393768054,263325400
2024-07-18,4049.211181640625,4049.2111816406255,3933.2828451519367,3941.5634406154145,296614900
2024-07-19,4057.491455078125,4065.772049884407,4016.0884810467155,4032.6496706592793,135104800
2024-07-22,4065.772216796875,4090.614002235552,4040.9304313581974,4074.0528119431006,140128300
2024-07-23,3966.40478515625,4065.7719196486823,3958.124190615214,4057.4913251076464,170919500
2024-07-24,3958.1240234375,3974.6852118200836,3941.5628350549164,3949.8434292462084,116037600
2024-07-25,3891.87939453125,3941.5629612699468,3858.7570167054523,3941.5629612699468,274397700
2024-07-26,3941.56298828125,3982.96596084723,3925.0017992548583,3941.56298828125,192267300
2024-07-29,3958.1240234375,3974.6852118200836,3941.5628350549164,3974.6852118200836,126109900
2024-07-30,3867.037109375,3925.0012630487154,3867.037109375,3908.4400762847968,201835700
2024-07-31,3867.037109375,3900.159482902837,3850.4759226110814,3850.4759226110814,168490300
2024-08-01,3933.2822265625,3933.2822265625,3883.598661595395,3900.159849917763,169636700
2024-08-02,3900.16015625,3933.2825354962843,3883.5989666268574,3916.721345873142,113328400
2024-08-05,3751.109375,3867.0377000551875,3734.5481857064015,3858.7571054083883,329430900
2024-08-06,3809.0732421875,3850.4762122112775,3742.8284901494567,3767.670272163723,238051800
2024-08-07,3825.634765625,3842.19595508658,3800.79298143263,3842.19595508658,125937500
2024-08-08,3858.757080078125,3883.5988638554522,3800.792917931029,3809.073512523471,131343400
2024-08-09,3867.037109375,3916.720669666756,3867.037109375,3891.8788895208777,98730900
2024-08-12,3875.31787109375,3908.440246060363,3850.47608986879,3908.440246060363,83552800
2024-08-13,3908.440185546875,3933.2819663872156,3883.598404706535,3891.8789983199817,109533400
2024-08-14,3991.24658203125,4007.807771168309,3941.563014620073,3949.8436091886024,262716500
2024-08-15,3999.52734375,4032.649723408385,3966.404964091615,4016.0885335791927,214394900
2024-08-16,3999.52734375,4032.649723408385,3999.52734375,4016.0885335791927,149701700
2024-08-19,3991.24658203125,3991.24658203125,3933.2824200515433,3991.24658203125,196203200
2024-08-20,4098.89453125,4098.89453125,4007.8079861111114,4024.369176136364,310085500
2024-08-21,4223.10302734375,4223.10302734375,4123.735897288602,4132.016491459865,390307000
2024-08-22,4181.7001953125,4264.506139774134,4160.998709197092,4243.804653658725,474043100
2024-08-23,4264.505859375,4305.9088288834955,4243.804374620752,4264.505859375,217759300
2024-08-26,4388.71484375,4409.416328862028,4305.908903301886,4305.908903301886,361169800
2024-08-27,4285.20703125,4368.012964221015,4223.102581521739,4347.311480978261,271088700
2024-08-28,4264.505859375,4285.207344129248,4160.998435603762,4223.102889866505,277561700
2024-08-29,4243.8046875,4285.207660060975,4223.103201219512,4243.8046875,160041900
2024-08-30,4264.505859375,4285.207344129248,4243.804374620752,4285.207344129248,275298000
2024-09-02,4285.20703125,4326.609997735507,4264.505548007247,4264.505548007247,136717200
2024-09-03,4285.20703125,4347.311480978261,4264.505548007247,4326.609997735507,166033900
2024-09-04,4223.10302734375,4285.207483628216,4223.10302734375,4223.10302734375,141890400
2024-09-05,4264.505859375,4264.505859375,4202.401405112258,4243.804374620752,166436800
2024-09-06,4326.6103515625,4347.311836498206,4264.505896755382,4305.908866626794,170520700
2024-09-09,4285.20703125,4388.714447463768,4264.505548007247,4368.012964221015,201448700
2024-09-10,4347.31201171875,4347.31201171875,4243.804582868303,4305.909040178572,202326400
2024-09-11,4285.20703125,4347.311480978261,4243.804064764493,4326.609997735507,165284900
2024-09-12,4285.20703125,4326.609997735507,4264.505548007247,4285.20703125,138542100
2024-09-13,4388.71484375,4388.71484375,4285.207418189858,4305.908903301886,259722600
2024-09-17,4388.71484375,4430.117813974056,4347.311873525943,4430.117813974056,201331600
2024-09-18,4430.1181640625,4450.819650810456,4409.416677314544,4430.1181640625,186877300
2024-09-19,4471.52099609375,4554.326940465856,4471.52099609375,4492.222482186777,332941100
2024-09-20,4450.8193359375,4512.923791787791,4450.8193359375,4471.52082122093,260437400
2024-09-23,4554.32666015625,4554.32666015625,4430.117751242898,4430.117751242898,245292000
2024-09-24,4575.0283203125,4616.431291537047,4575.0283203125,4595.729805924774,195415700
2024-09-25,4409.41650390625,4492.222447641579,4305.909074237089,4471.520961707746,607065900
2024-09-26,4181.7001953125,4305.909112004951,4160.998709197092,4264.506139774134,855266800
2024-09-27,4223.10302734375,4264.505998200061,4140.297085631128,4181.700056487439,304694300
2024-09-30,4098.89453125,4181.700481376262,4098.89453125,4181.700481376262,539169900
2024-10-01,4202.4013671875,4202.4013671875,4115.45513200431,4115.45513200431,197069300
2024-10-02,4090.613525390625,4202.401546833486,4057.491148666814,4140.297090476341,307487600
2024-10-03,4074.05224609375,4107.1746220782525,4024.3686821169968,4057.491058101499,354814800
2024-10-04,4024.368896484375,4074.0524631076387,4016.0883020471642,4032.6494909215853,289960700
2024-10-07,3991.24658203125,4082.333122285075,3982.9659874627205,4024.3689603053685,308452200
2024-10-08,4140.296875,4181.699843750001,3941.562625,3974.6850000000004,527474400
2024-10-09,4082.3330078125,4202.401625689338,4082.3330078124995,4140.297168166835,309336600
2024-10-10,4024.368896484375,4115.455435293692,4024.368896484375,4074.0524631076387,226564700
2024-10-11,4057.491455078125,4090.6138343032526,4049.210860271843,4065.772049884407,104875300
2024-10-14,4057.491455078125,4082.3332394969707,4032.6496706592793,4057.491455078125,125414400
2024-10-15,4074.05224609375,4132.016404066629,4074.05224609375,4082.3328400898754,142372200
2024-10-16,4098.89453125,4115.4557212752525,4074.0527462121213,4098.89453125,118014300
2024-10-17,4123.73583984375,4181.699998235128,4090.6134636201054,4107.174651731928,188127700
2024-10-18,4115.455078125,4181.699827873491,4107.174484406439,4160.998343577088,157113000
2024-10-21,4132.0166015625,4160.998681934181,4115.455412778682,4123.736007170592,110708200
2024-10-22,4057.491455078125,4115.455618722099,4057.491455078125,4107.175023915816,199707500
2024-10-23,4024.368896484375,4049.210679796007,3982.9659242983216,3999.5271131727427,222147300
2024-10-24,3991.24658203125,4057.4913385794866,3982.9659874627205,3991.24658203125,218162100
2024-10-25,3949.84375,4024.369103773585,3949.84375,3991.2467243186584,195647800
2024-10-28,3941.56298828125,3974.685366334034,3900.1600157152707,3949.843582794446,191211000
2024-10-29,3891.87939453125,3958.124150182846,3891.87939453125,3916.7211779005984,203658600
2024-10-30,3900.16015625,3933.2825354962843,3833.9153977574306,3833.9153977574306,296314500
2024-10-31,3974.685302734375,4032.649463399251,3900.1599533081053,3900.1599533081053,307110400
2024-11-01,3891.87939453125,3991.2465280086435,3891.87939453125,3949.8435557263965,235656400
2024-11-04,3908.440185546875,3949.843153614109,3850.476030252748,3900.1595919334286,209831500
2024-11-05,3900.16015625,3925.001940684713,3875.3183718152864,3883.5989666268574,199499300
2024-11-06,3809.0732421875,3916.720964249321,3809.0732421875,3900.15977623981,249059500
2024-11-07,3767.67041015625,3842.1957589285716,3767.67041015625,3817.3539760044646,296218600
2024-11-08,3742.82861328125,3842.195744607301,3742.82861328125,3809.0733674986172,198589900
2024-11-11,3693.145263671875,3759.390021764644,3618.61991081751,3701.4258584334716,507192300
2024-11-12,3726.267333984375,3742.8285221354163,3668.303175455729,3668.303175455729,252380100
2024-11-13,3792.512451171875,3817.354235786538,3693.145312713223,3701.4259075847776,209627200
2024-11-14,3726.267333984375,3800.792680664062,3726.267333984375,3784.231492513021,159871800
2024-11-15,3701.42578125,3734.5481596057048,3684.864592072148,3684.864592072148,106365600
2024-11-18,3602.05859375,3693.145132902299,3602.05859375,3676.5839439655174,253272300
2024-11-19,3610.3388671875,3651.7418358479067,3602.058273455418,3602.058273455418,294838700
2024-11-20,3585.49755859375,3676.584101652714,3585.49755859375,3643.461722358545,298734600
2024-11-21,3519.25244140625,3577.2165992647056,3519.25244140625,3544.094223345588,376788400
2024-11-22,3643.461669921875,3660.0228593306106,3519.252749356356,3519.252749356356,280188100
2024-11-25,3701.42578125,3751.109348783557,3660.022808305369,3660.022808305369,401446400
2024-11-26,3643.461669921875,3701.42583285245,3626.900480513139,3684.864643443714,266677500
2024-11-28,3585.49755859375,3635.181127535003,3585.49755859375,3602.058748240834,277081800
2024-11-29,3519.25244140625,3560.655411305147,3519.25244140625,3544.094223345588,412519800
2024-12-02,3453.008056640625,3544.094600101169,3444.7274617805756,3535.8140052411195,337188900
2024-12-03,3510.971923828125,3519.252517988097,3486.1301413482092,3510.971923828125,384146700
2024-12-04,3602.05859375,3618.619782686782,3494.4108656609196,3510.972054597701,345762200
2024-12-05,3527.533203125,3593.7779581132627,3519.252608751467,3568.9361749926643,183249300
2024-12-06,3568.93603515625,3568.93603515625,3494.410688714472,3519.2524708617316,151433000
2024-12-09,3635.180908203125,3635.180908203125,3560.655559287799,3568.936153611724,158897200
2024-12-10,3610.3388671875,3626.9000546516627,3552.3747110629297,3610.3388671875,196160900
2024-12-11,3626.900146484375,3668.3031161931003,3593.777770717394,3593.777770717394,203980300
2024-12-12,3527.533203125,3610.3391468603286,3527.533203125,3593.7779581132627,226698900
2024-12-13,3453.008056640625,3544.094600101169,3453.008056640625,3502.691625800922,287838100
2024-12-16,3519.25244140625,3544.094223345588,3436.446501608456,3436.446501608456,325441900
2024-12-17,3436.44677734375,3552.3751023625755,3436.44677734375,3519.252723785768,327919000
2024-12-18,3436.44677734375,3486.130345208961,3419.8855880553465,3453.0079666321535,205055500
2024-12-19,3386.76318359375,3403.3243727555773,3353.6408052700945,3386.76318359375,381986300
2024-12-20,3361.92138671875,3411.60495401016,3353.6407921701816,3370.2019812673184,252689600
2024-12-23,3486.13037109375,3486.1303710937505,3403.3244240368917,3419.8856134482635,167689800
2024-12-24,3477.849609375,3519.252580915179,3453.007826450893,3494.410797991072,199536100
2024-12-27,3507.794189453125,3524.905380621189,3490.682998285061,3507.794189453125,143104400
2024-12-30,3490.68310546875,3524.9054888556984,3482.1275096220124,3490.68310546875,153934700
2025-01-02,3601.906005859375,3610.4616020728176,3499.2388512980624,3507.794447511505,181361700
2025-01-03,3550.572265625,3627.5726280120484,3550.572265625,3610.4614363704823,134632300
2025-01-06,3507.794189453125,3576.238954125381,3507.794189453125,3576.238954125381,153048700
2025-01-07,3447.9052734375,3499.2388507095225,3447.9052734375,3490.6832544975186,171997400
2025-01-08,3490.68310546875,3507.794297162224,3447.905126235064,3447.905126235064,133655700
2025-01-09,3447.9052734375,3507.7944469215263,3447.9052734375,3482.127658285515,99300400
2025-01-10,3430.793701171875,3473.5716774957136,3430.793701171875,3447.9048917014106,132774300
2025-01-13,3293.904296875,3413.6826349431817,3293.904296875,3413.6826349431817,413408100
2025-01-14,3251.12646484375,3353.7936163651316,3251.12646484375,3268.2376567639803,293621700
2025-01-15,3499.23876953125,3499.23876953125,3285.348869193154,3285.348869193154,407813500
2025-01-16,3559.127685546875,3627.5724487304688,3533.4608993530273,3601.905662536621,349387500
2025-01-17,3499.23876953125,3584.7947296664884,3490.683173517726,3550.572345612393,268758600
2025-01-20,3610.46142578125,3610.46142578125,3533.4610636200387,3533.4610636200387,167348600
2025-01-21,3644.683837890625,3747.350988253741,3636.128242027032,3653.2394337542178,345223800
2025-01-22,3644.683837890625,3696.017413072183,3619.017050299846,3687.46181720859,193218900
2025-01-23,3678.90625,3713.1286337209303,3644.6838662790697,3644.6838662790697,216018100
2025-01-24,3584.794677734375,3721.6842119676685,3584.794677734375,3721.6842119676685,276421900
2025-01-30,3524.905517578125,3567.6834971603835,3499.2387298287695,3533.4611134945767,220222400
2025-01-31,3610.46142578125,3661.795000555391,3550.572255211419,3567.683446802799,192622700
2025-02-03,3636.128173828125,3653.239365234375,3550.5722167968747,3593.3501953124996,220285800
2025-02-04,3644.683837890625,3678.906221344997,3593.350262709067,3644.683837890625,231917500
2025-02-05,3542.0166015625,3636.1281537779287,3542.0166015625,3636.1281537779287,209834400
2025-02-06,3396.571533203125,3559.12785343199,3370.9047457985675,3524.905470225913,378545500
2025-02-07,3447.9052734375,3447.9052734375,3370.9049075294665,3396.5716961654775,259636200
2025-02-10,3396.571533203125,3465.016299615279,3379.460341600087,3422.238320607683,201999400
2025-02-11,3430.793701171875,3456.4604869661785,3336.6821532594295,3396.5713201128037,276382800
2025-02-12,3447.9052734375,3473.572062073511,3379.4605037414703,3388.016099953474,362571900
2025-02-13,3413.6826171875,3447.904999314693,3388.0158305921054,3422.238212719298,341640600
2025-02-14,3302.459716796875,3430.7936436154064,3293.9041216756395,3422.238048494171,524909600
2025-02-17,3447.9052734375,3447.9052734375,3311.0157340454402,3311.0157340454402,265737100
2025-02-18,3550.572265625,3576.2390530873495,3447.9051157756026,3447.9051157756026,374350700
2025-02-19,3439.349609375,3576.239146066542,3430.7940133317784,3559.1279539800994,348358600
2025-02-20,3345.238037109375,3439.349593140585,3345.238037109375,3396.5716131263985,312753300
2025-02-21,3328.126708984375,3362.3490915960397,3311.015517678543,3345.2379002902076,205268800
2025-02-24,3353.79345703125,3370.904648138552,3311.015479262994,3336.6822659239474,138610800
2025-02-25,3251.12646484375,3353.7936163651316,3251.12646484375,3319.5712325246714,404555100
2025-02-26,3268.23779296875,3302.4601782354384,3216.9042150687173,3251.126600335406,242834100
2025-02-27,3105.68115234375,3251.126275180785,3088.5699614217456,3242.5706797197827,410928000
2025-02-28,2874.68017578125,3028.680899483817,2874.68017578125,2994.4585164388022,1000597600
2025-03-03,3139.90380859375,3199.7929820546665,2968.791884419704,3011.569865463215,744626800
2025-03-04,3139.90380859375,3182.6817896372618,3080.014635132834,3148.4594048024524,338434700
2025-03-05,3285.348876953125,3336.6824531555176,3174.126128514608,3174.126128514608,441151000
2025-03-06,3379.46044921875,3413.682833514636,3311.015680626978,3311.015680626978,434485100
2025-03-07,3259.68212890625,3362.3492825725884,3259.68212890625,3362.3492825725884,243793600
2025-03-10,3216.904052734375,3259.682032159034,3191.237265079579,3242.5708403891704,232192200
2025-03-11,3242.57080078125,3242.57080078125,3131.348055635719,3165.5704387574206,273961800
2025-03-12,3328.126708984375,3353.7934959431236,3259.681943761046,3259.681943761046,271631200
2025-03-13,3251.12646484375,3396.5715961657074,3251.12646484375,3388.0160002055923,209225700
2025-03-14,3208.348388671875,3285.3487499999997,3208.348388671875,3208.348388671875,156131900
2025-03-17,3276.793212890625,3285.3488087467363,3191.237254329512,3234.015233610068,162467700
2025-03-18,3148.459228515625,3302.4599516495414,2994.4585053817086,3285.3487601902175,416894600
2025-03-19,3174.1259765625,3234.015145931604,3148.459189690027,3174.1259765625,352217700
2025-03-20,3131.34814453125,3216.9041047643445,3114.2369524846313,3191.237316694416,313033000
2025-03-21,3165.570556640625,3165.570556640625,3037.236615155194,3080.014595650338,627645600
2025-03-24,3088.570068359375,3199.7928132033417,3011.5697065443214,3122.792451388288,342883200
2025-03-25,3251.12646484375,3285.3488486842107,3131.3481214021385,3131.3481214021385,331285900
2025-03-26,3422.23828125,3439.34947265625,3302.45994140625,3311.0155371093747,540888800
2025-03-27,3465.016357421875,3465.016357421875,3362.349206090856,3422.238377700617,322553200
2025-04-08,3114.23681640625,3208.3483685503948,2951.680499066363,2960.236094715831,734807100
2025-04-09,3105.68115234375,3174.1259160317663,3080.014365960744,3088.5699614217456,366649900
2025-04-10,3251.12646484375,3362.3492123252468,3225.459676963405,3353.7936163651316,417562900
2025-04-11,3285.88623046875,3303.990286834969,3249.678117736312,3258.7301459194214,301200600
2025-04-14,3340.1982421875,3340.1982421875,3276.83404789126,3285.8860756478657,169458300
2025-04-15,3340.1982421875,3421.666491996951,3331.1462144308944,3376.4063532139226,254224400
2025-04-16,3303.990478515625,3349.250622056935,3258.730334974315,3340.198593348673,233772400
2025-04-17,3294.938232421875,3322.0943167550226,3267.782148088728,3322.0943167550226,121059300
2025-04-21,3276.834228515625,3313.0423415378973,3231.574087237785,3276.834228515625,107470200
2025-04-22,3285.88623046875,3303.990286834969,3258.7301459194214,3258.7301459194214,147116900
2025-04-23,3403.562744140625,3430.7188298651513,3294.9384012425203,3313.042458392204,432999900
2025-04-24,3376.406494140625,3475.978803619303,3367.3544660062,3430.7186629471767,272537300
2025-04-25,3385.458740234375,3430.718883820396,3376.4067115171706,3412.6148263859877,136517100
2025-04-28,3475.978759765625,3485.030787785848,3421.666591644287,3430.7186196645102,212945800
2025-04-29,3485.031005859375,3503.13506303267,3457.8749200994316,3494.0830344460223,160631400
2025-04-30,3485.031005859375,3485.031005859375,3412.614777166193,3448.822891512784,226832200
2025-05-02,3512.18701171875,3548.3951252416236,3485.0309265765945,3548.3951252416236,205628100
2025-05-05,3494.0830078125,3548.395178918394,3494.0830078125,3530.291121883096,196917100
2025-05-06,3512.18701171875,3530.291068480187,3475.9788981958764,3475.9788981958764,111333800
2025-05-07,3539.343017578125,3539.343017578125,3503.1349048663283,3530.290989400176,119763100
2025-05-08,3430.71875,3584.6032321899734,3421.6667216358837,3539.343090369393,224121900
2025-05-09,3475.978759765625,3475.978759765625,3403.5625356038413,3448.822675704956,147638100
2025-05-14,3702.279541015625,3702.279541015625,3584.6031741862776,3620.811287056846,461642400
2025-05-15,3865.216064453125,3901.4241774690795,3738.487668897285,3747.5396971512737,537151700
2025-05-16,3847.112060546875,3919.5282875689336,3765.6438051470586,3901.424230813419,289337600
2025-05-19,3829.0078125,3856.1638962765956,3801.851728723404,3829.0078125,145935500
2025-05-20,3810.90380859375,3874.268004936164,3774.6956963980847,3829.0078646915827,209576900
2025-05-21,3856.1640625,3901.4242040786385,3810.9039209213615,3810.9039209213615,256020200
2025-05-22,3892.3720703125,3901.424098382994,3838.0599018895346,3874.2680141715114,208291800
2025-05-23,3937.63232421875,3955.7363808818245,3919.528267555675,3937.63232421875,108182800
2025-05-26,3910.47607421875,3937.632158067491,3856.1639065212676,3937.632158067491,149418600
2025-05-27,3955.736328125,3955.736328125,3874.268074227689,3910.4761870709385,180028000
2025-05-28,4028.152587890625,4028.152587890625,3910.4762201544945,3946.6843333040733,466133500
2025-06-02,3801.851806640625,3973.840340750558,3801.851806640625,3946.684256417411,389541100
2025-06-03,3801.851806640625,3829.0078909737726,3729.4355817522323,3810.9038347516744,277902300
2025-06-04,3693.2275390625,3829.007963292739,3693.2275390625,3829.007963292739,279755300
2025-06-05,3711.331787109375,3747.539902105564,3666.0716433641387,3720.383815858422,230129500
2025-06-10,3756.591796875,3765.6438253012047,3711.331654743976,3711.331654743976,179827500
2025-06-11,3684.175537109375,3747.5397355363175,3675.123508762669,3738.4877071896117,196558700
2025-06-12,3684.175537109375,3711.3316221494933,3675.123508762669,3684.175537109375,113850500
2025-06-13,3620.811279296875,3666.0714202880863,3602.7072229003907,3638.9153356933593,283826000
2025-06-16,3611.75927734375,3629.863333871789,3584.603192551692,3602.707249079731,155450700
2025-06-17,3584.60302734375,3647.9672222715435,3584.60302734375,3629.8631665778885,125769400
2025-06-18,3566.4990234375,3584.6030793940354,3530.290911524429,3575.5510514157677,140882100
2025-06-19,3439.770751953125,3548.3950914884867,3439.770751953125,3530.29103489926,355413000
2025-06-20,3430.71875,3475.9788918205804,3385.4586081794196,3385.4586081794196,516177900
2025-06-23,3367.3544921875,3394.5105768019152,3313.042322958669,3376.406520392305,222067700
2025-06-24,3421.66650390625,3530.2908373635914,3412.6144761181386,3457.874615058697,281594300
2025-06-25,3403.562744140625,3466.9269441645197,3376.4066584160987,3466.9269441645197,164257700
2025-06-26,3466.927001953125,3466.927001953125,3394.5107721473155,3421.666858324494,171427000
2025-06-30,3385.458740234375,3475.979027406417,3376.4067115171706,3475.979027406417,271933200
2025-07-01,3349.25048828125,3430.718743401605,3322.0944032411317,3421.6667150548988,212288800
2025-07-02,3331.146484375,3349.250541355299,3294.938370414402,3303.9903989045515,220273500
2025-07-03,3331.146484375,3376.406626825747,3331.146484375,3358.3025698454485,119674300
2025-07-04,3322.094482421875,3358.3025966717046,3303.99042529696,3331.1465109843325,91141200
2025-07-07,3349.25048828125,3349.25048828125,3303.9903465477196,3322.0944032411317,78783800
2025-07-08,3322.094482421875,3349.250568109247,3303.99042529696,3340.1985395467896,115551200
2025-07-09,3331.146484375,3349.250541355299,3303.9903989045515,3303.9903989045515,92437900
2025-07-10,3503.134765625,3512.1867934431525,3331.146237080103,3340.1982648982557,290117200
2025-07-11,3512.18701171875,3548.3951252416236,3503.1349833380314,3548.3951252416236,255634700
2025-07-14,3421.66650390625,3521.2388095754795,3394.5104205419148,3512.1867817873676,167151400
2025-07-15,3512.18701171875,3512.18701171875,3421.6667279115654,3439.7707846730027,183209300
2025-07-16,3512.18701171875,3584.6032387644973,3512.18701171875,3575.551210383779,241966800
2025-07-17,3521.239013671875,3557.447126923,3512.186985359094,3557.447126923,111359500
2025-07-18,3494.0830078125,3566.4992359536914,3494.0830078125,3539.343150400745,111030000
2025-07-21,3466.927001953125,3530.291203033208,3466.927001953125,3521.239174307482,89765800
2025-07-22,3475.978759765625,3512.186871846517,3466.926731745402,3494.082815806071,84902800
2025-07-23,3439.770751953125,3494.0829217208056,3430.7187236585114,3475.978865131579,132305000
2025-07-24,3575.55126953125,3575.55126953125,3457.874898635285,3466.9269271657436,206654200
2025-07-25,3512.18701171875,3575.551210383779,3503.1349833380314,3575.551210383779,86263700
2025-07-28,3566.4990234375,3575.5510514157677,3548.394967480964,3566.4990234375,94898300
2025-07-29,3548.395263671875,3557.447292405732,3530.2912062041614,3557.447292405732,98887100
2025-07-30,3421.66650390625,3539.3428651517033,3412.6144761181386,3539.3428651517033,206358500
2025-07-31,3358.302490234375,3430.7187164388897,3349.250461958811,3421.6666881633255,163371700
2025-08-01,3385.458740234375,3439.7709125376005,3385.458740234375,3439.7709125376005,134100500
2025-08-04,3358.302490234375,3385.458575061068,3340.1984336832465,3367.354518509939,104446300
2025-08-05,3385.458740234375,3430.718883820396,3349.2506253655583,3349.2506253655583,184822600
2025-08-06,3358.302490234375,3421.6666881633255,3358.302490234375,3412.6146598877613,100168200
2025-08-07,3358.302490234375,3394.5106033366324,3349.250461958811,3376.406546785504,92746000
2025-08-08,3349.25048828125,3376.4065733213683,3349.25048828125,3358.3025166279563,133180100
2025-08-11,3448.82275390625,3448.82275390625,3367.3544998769685,3367.3544998769685,143167900
2025-08-12,3666.0712890625,3666.0712890625,3466.9266758294757,3494.0827594521606,404797800
2025-08-13,3693.2275390625,3711.331595626532,3611.7592845243566,3675.123482498468,292104000
2025-08-14,3675.12353515625,3711.3316488031096,3657.01947833282,3693.22759197968,164408100
2025-08-15,3729.435546875,3756.5916309541867,3684.175406743022,3711.3314908222087,269255400
2025-08-19,3657.01953125,3711.331702506188,3629.863445621906,3702.27967396349,208409700
2025-08-20,3756.591796875,3756.591796875,3666.0715126129517,3666.0715126129517,173260400
2025-08-21,3756.591796875,3774.6958537274095,3702.279626317771,3765.6438253012047,112477700
2025-08-22,3711.331787109375,3774.6959883527056,3711.331787109375,3774.6959883527056,71971500
2025-08-25,3810.90380859375,3865.2159768872475,3774.6956963980847,3783.747724447001,195322200
2025-08-26,3774.69580078125,3819.955942277428,3774.69580078125,3819.955942277428,267465600
2025-08-27,3738.48779296875,3756.5918500775574,3684.1756216423273,3738.48779296875,123874000
2025-08-28,3747.53955078125,3756.591578681688,3720.383467079937,3738.4875228808123,60838200
2025-08-29,3666.0712890625,3729.435484182099,3638.915205439815,3711.331428433642,217276600
2025-09-01,3602.707275390625,3629.8633603810067,3494.0829354290986,3557.447133739989,234206100
2025-09-02,3584.60302734375,3666.071277965199,3584.60302734375,3602.7070830374055,111856000
2025-09-03,3647.96728515625,3647.96728515625,3575.551061133297,3638.915257153381,112507500
2025-09-04,3620.811279296875,3629.863307495117,3584.6031665039063,3602.7072229003907,87402700
2025-09-08,3530.291015625,3684.175495793269,3521.2389873798074,3684.175495793269,143993900
2025-09-09,3430.71875,3521.239033641161,3394.5106365435354,3503.134976912929,327167200
2025-09-10,3512.18701171875,3521.239040099468,3457.8748414344395,3457.8748414344395,117680500
2025-09-11,3693.2275390625,3729.435652190564,3602.707256242341,3620.8113128063724,281910400
2025-09-12,3783.747802734375,3792.7998309705813,3720.383605080928,3783.747802734375,235383800
2025-09-15,3747.53955078125,3819.955773984753,3729.4354949803746,3801.851718183877,157482000
2025-09-16,3738.48779296875,3774.695907186365,3693.2276501967312,3765.643878631961,167511900
2025-09-17,3819.9560546875,3819.9560546875,3729.435769031398,3765.643883293839,245154800
2025-09-18,3847.112060546875,3865.2161173023896,3810.9039470358457,3865.2161173023896,332670300
2025-09-19,3847.112060546875,3847.112060546875,3783.7478619025737,3829.0080037913604,211373200
2025-09-22,3765.643798828125,3847.1120540912334,3720.3836570152866,3847.1120540912334,157592800
2025-09-23,3747.53955078125,3774.6956344825635,3720.383467079937,3729.4354949803746,110771700
2025-09-24,3774.69580078125,3774.69580078125,3711.331602686601,3747.539715883543,124591600
2025-09-25,3684.175537109375,3774.695820576436,3666.071480415963,3774.695820576436,129656800
2025-09-26,3657.01953125,3693.227645420792,3620.811417079208,3666.071559792698,146229200
2025-09-29,3602.707275390625,3657.0194453713884,3584.603218730371,3657.0194453713884,126611800
2025-09-30,3530.291015625,3602.707241586538,3530.291015625,3602.707241586538,217357100
2025-10-01,3448.82275390625,3566.4991208374345,3439.7707256807744,3494.0828950336286,223133600
2025-10-02,3358.302490234375,3430.7187164388897,3358.302490234375,3403.562631612197,379620000
2025-10-03,3340.1982421875,3394.510408727134,3331.1462144308944,3358.3022977007113,214737100
2025-10-06,3313.042236328125,3385.4584600730022,3294.938180391906,3349.2503482005636,190283900
2025-10-07,3358.302490234375,3367.354518509939,3322.0943771321176,3340.1984336832465,155933000
2025-10-08,3367.3544921875,3385.45854859711,3322.094351163474,3376.406520392305,148263700
2025-10-09,3494.0830078125,3557.447207436043,3294.9383804242225,3340.1985230124674,479239500
2025-10-10,3376.406494140625,3430.7186629471767,3340.198381602924,3430.7186629471767,277252300
2025-10-13,3313.042236328125,3358.302376168673,3313.042236328125,3331.1462922643445,181694400
2025-10-14,3213.469970703125,3340.198363913952,3213.469970703125,3294.938223481514,278639100
2025-10-15,3168.2099609375,3249.678217075893,3122.949818638393,3231.57416015625,468733500
2025-10-16,3195.365966796875,3240.6261079696355,3150.105825624115,3168.2098820932188,227629500
2025-10-17,3168.2099609375,3231.57416015625,3159.1579324776785,3195.3660463169645,244442400
2025-10-20,3331.146484375,3376.406626825747,3204.4180855129075,3213.470114003057,391510300
2025-10-21,3403.562744140625,3430.7188298651513,3358.3026012664145,3421.666801290309,293000200
2025-10-22,3349.25048828125,3457.874828441723,3331.146431587838,3430.718743401605,329470700
2025-10-23,3457.874755859375,3457.874755859375,3349.2504179789757,3367.354474292376,225902700
2025-10-24,3485.031005859375,3539.3431773792613,3457.8749200994316,3457.8749200994316,313903600
2025-10-27,3494.0830078125,3557.447207436043,3394.5106941183612,3512.187064847798,332539600
2025-10-28,3485.031005859375,3494.0830344460223,3421.666805752841,3485.031005859375,239026800
2025-10-29,3521.239013671875,3521.239013671875,3430.7187305440634,3466.926843795188,215008600
2025-10-30,3539.343017578125,3611.759243001718,3503.1349048663283,3530.290989400176,287905300
2025-10-31,3602.707275390625,3638.915388711134,3548.395105409862,3557.447133739989,348755700
2025-11-03,3657.01953125,3666.071559792698,3629.863445621906,3666.071559792698,163770500
2025-11-04,3593.6552734375,3666.071500610044,3593.6552734375,3647.967443816908,241154700
2025-11-05,3602.707275390625,3611.759303720752,3539.3430770797345,3566.499162070116,139859100
2025-11-06,3620.811279296875,3629.863307495117,3575.551138305664,3602.7072229003907,130808100
2025-11-07,3602.707275390625,3629.8633603810067,3602.707275390625,3620.8113320508796,87287600
2025-11-10,3557.447021484375,3638.9152738847806,3557.447021484375,3629.8632458402913,148552900
2025-11-11,3521.239013671875,3584.603211861343,3494.0829287335314,3566.499155235781,179000200
2025-11-12,3530.291015625,3575.5511568509614,3521.2389873798074,3521.2389873798074,111115400
2025-11-13,3503.134765625,3539.34287689761,3503.134765625,3530.2908490794575,99373200
2025-11-14,3530.291015625,3557.4471003605768,3494.0829026442307,3494.0829026442307,100717300
2025-11-17,3566.4990234375,3575.5510514157677,3512.186855567893,3512.186855567893,140868100
2025-11-18,3593.6552734375,3611.7593302306364,3557.447159851228,3575.551216644364,205257700
2025-11-19,3620.811279296875,3620.811279296875,3593.6551947021485,3611.759251098633,107451000
2025-11-20,3611.75927734375,3666.071446927867,3611.75927734375,3638.915362135808,183008400
2025-11-21,3584.60302734375,3620.8111387310605,3566.4989716500945,3602.7070830374055,112666100
2025-11-24,3602.707275390625,3620.8113320508796,3566.499162070116,3620.8113320508796,262302000
2025-11-25,3466.927001953125,3602.7074328390177,3466.927001953125,3602.7074328390177,396959100
2025-11-26,3430.71875,3466.926863456464,3421.6667216358837,3439.770778364116,288419400
2025-11-27,3385.458740234375,3448.8229412548044,3367.3546827999667,3439.7709125376005,283451800
2025-11-28,3331.146484375,3394.510683806046,3331.146484375,3358.3025698454485,353872800
2025-12-01,3322.094482421875,3376.4066537966196,3313.0424538594175,3331.1465109843325,299669500
2025-12-02,3358.302490234375,3376.406546785504,3322.0943771321176,3340.1984336832465,277714300
2025-12-03,3313.042236328125,3349.2503482005636,3313.042236328125,3340.198320232454,225357100
2025-12-04,3340.1982421875,3340.1982421875,3303.990131161077,3313.0421589176826,221121100
2025-12-05,3303.990478515625,3349.250622056935,3303.990478515625,3349.250622056935,156161100
2025-12-08,3322.094482421875,3340.1985395467896,3313.0424538594175,3331.1465109843325,124094700
2025-12-09,3331.146484375,3349.250541355299,3303.9903989045515,3349.250541355299,201089800
2025-12-10,3313.042236328125,3331.1462922643445,3303.9902083600155,3331.1462922643445,172677700
2025-12-11,3276.834228515625,3349.2504545601696,3240.626115493353,3331.1463980490335,327591200
2025-12-12,3285.88623046875,3294.9382586518595,3240.6260895532023,3294.9382586518595,169747600
2025-12-15,3421.66650390625,3448.8225872705852,3285.8860870845733,3303.990142660797,312694100
2025-12-16,3340.1982421875,3448.822575266768,3331.1462144308944,3439.7705475101625,237949900
2025-12-17,3394.510498046875,3421.66658203125,3331.1463020833335,3340.1983300781253,273544100
2025-12-18,3421.66650390625,3457.874615058697,3394.5104205419148,3394.5104205419148,262527300
2025-12-19,3412.61474609375,3448.82286011066,3403.562717589523,3439.7708316064327,228583500
2025-12-22,3403.562744140625,3421.666801290309,3394.510715565783,3412.614772715467,161680300
2025-12-23,3412.61474609375,3421.6667745979776,3376.40663207684,3403.562717589523,138427000
2025-12-24,3412.61474609375,3430.718803102205,3394.5106890852953,3412.61474609375,121073600
2025-12-29,3421.66650390625,3430.718531694362,3403.5624483300267,3421.66650390625,238061500
2025-12-30,3437.6337890625,3465.8111152023566,3428.2413470158813,3465.8111152023566,274402200
2026-01-02,3418.848876953125,3447.0262028620796,3400.0639930138223,3437.633760892428,191985100
2026-01-05,3409.45654296875,3437.6338697701444,3371.8867739002235,3409.45654296875,230544800
2026-01-06,3456.418701171875,3465.811143294625,3409.4564905581265,3409.4564905581265,175820800
2026-01-07,3475.20361328125,3484.5960554793073,3437.6338444890202,3456.4187288851354,195024700
2026-01-08,3484.595947265625,3531.558156797507,3475.2035053592485,3484.595947265625,182019700
2026-01-09,3456.418701171875,3512.773353908373,3447.026259049125,3503.380911785623,143474700
2026-01-12,3475.20361328125,3512.7733820734798,3437.6338444890202,3456.4187288851354,215159700
2026-01-13,3493.988525390625,3503.3809676631804,3447.0263140278475,3475.203640845514,227620800
2026-01-14,3493.988525390625,3522.165852208291,3475.203640845514,3512.773409935736,170097000
2026-01-15,3587.912841796875,3616.090167779573,3503.3808638487812,3503.3808638487812,407151300
2026-01-19,3606.69775390625,3663.052406311035,3578.5204277038574,3616.0901959737143,359652500
2026-01-20,3616.09033203125,3644.267659293831,3587.913004768669,3606.6978896103897,170245800
2026-01-21,3587.912841796875,3616.090167779573,3569.12795780841,3616.090167779573,273678200
2026-01-22,3578.5205078125,3616.0902769233926,3559.735623257054,3616.0902769233926,153742700
2026-01-23,3616.09033203125,3616.09033203125,3531.5583502435065,3578.5205623478087,164603900
2026-01-26,3616.09033203125,3616.09033203125,3569.128119926948,3606.6978896103897,120002700
2026-01-27,3587.912841796875,3616.090167779573,3550.3430738199445,3616.090167779573,157633200
2026-01-28,3371.88671875,3550.343118906685,3324.924508182451,3409.456487204039,726740400
2026-01-29,3550.343017578125,3550.343017578125,3090.113367151331,3334.3168551328954,781321200
2026-01-30,3578.5205078125,3653.660046034285,3512.7734118684384,3550.343180979331,532329000
2026-02-02,3597.305419921875,3644.2676316702023,3522.165881124551,3625.482746970871,334659200
2026-02-03,3569.1279296875,3634.875023129112,3531.558162006579,3625.4825812088816,201224300
2026-02-04,3634.875,3644.267441860465,3569.1279069767443,3587.912790697674,251005600
2026-02-05,3616.09033203125,3700.6223138189935,3606.6978896103897,3616.09033203125,342757200
2026-02-06,3550.343017578125,3616.0901104962386,3540.9505757326806,3569.1279012690147,279127200
2026-02-09,3540.95068359375,3569.128009988395,3484.5960308044596,3559.735567856847,215606400
2026-02-10,3550.343017578125,3559.73545942357,3503.380808350901,3522.165692041791,181835800
2026-02-11,3569.1279296875,3569.1279296875,3512.7732781661184,3559.7354877672697,147378100
2026-02-12,3559.735595703125,3559.735595703125,3531.558269088061,3550.3431534981037,185678800
2026-02-13,3550.343017578125,3569.1279012690147,3522.165692041791,3550.343017578125,144473700
2026-02-18,3597.305419921875,3606.6978622715405,3531.5583234742166,3550.3432081735477,135223700
2026-02-19,3540.95068359375,3616.0902206461374,3540.95068359375,3616.0902206461374,154562300
2026-02-20,3606.69775390625,3634.8750801086426,3550.343101501465,3559.735543568929,191533500
2026-02-23,3663.052490234375,3672.444932517027,3625.482721103766,3644.2676056690707,189611200
2026-02-24,3634.875,3653.6598837209303,3625.482558139535,3644.267441860465,191295900
2026-02-25,3728.799560546875,3738.192002764877,3644.2675805848553,3644.2675805848553,263027700
2026-02-26,3710.0146484375,3728.799532733386,3681.8373219936707,3728.799532733386,146158100
2026-02-27,3672.44482421875,3710.0145922414486,3644.2674982017265,3710.0145922414486,263179300
2026-03-02,3587.912841796875,3606.6977257853405,3569.12795780841,3606.6977257853405,204655700
2026-03-03,3540.95068359375,3606.697778514589,3540.95068359375,3587.912894251492,113600400
2026-03-04,3465.81103515625,3540.950569793784,3437.633709667175,3540.950569793784,215656600
2026-03-05,3522.165771484375,3550.34309765625,3493.9884453125,3493.9884453125,96625300
2026-03-06,3447.0263671875,3522.1659065267368,3447.0263671875,3522.1659065267368,136987800
2026-03-09,3353.101806640625,3409.4564588530725,3343.709364605217,3371.8866907114407,215587500
2026-03-10,3343.70947265625,3390.6716843508602,3343.70947265625,3381.279242011938,175353400
2026-03-11,3362.494384765625,3381.2792695967178,3343.709499934532,3362.494384765625,100862200
2026-03-12,3353.101806640625,3390.671574782257,3353.101806640625,3362.494248676033,141366700
2026-03-13,3296.7470703125,3371.886604678597,3296.7470703125,3343.709279291311,159393900
2026-03-16,3268.56982421875,3296.7471502896014,3221.6076141006647,3287.3547082659843,160328700
2026-03-17,3268.56982421875,3315.5320343368357,3268.56982421875,3287.3547082659843,204208500
2026-03-25,3324.924560546875,3324.924560546875,3202.822811148261,3231.0001379325563,379422800
2026-03-26,3277.96240234375,3353.101941652489,3268.5699599301574,3324.924614411712,162060500
2026-03-27,3212.215087890625,3277.962180332831,3212.215087890625,3249.784855000457,207067900
2026-03-30,3155.860595703125,3184.0379224504745,3127.683268955776,3146.4681534540086,317467700
2026-03-31,3127.68310546875,3193.430197775901,3127.68310546875,3146.467988985079,298589200
2026-04-01,3146.468017578125,3230.999994169776,3127.6831338910915,3193.430226795709,279604500
2026-04-02,3118.290771484375,3184.037866063865,3118.290771484375,3137.0756556499437,242569200
2026-04-06,3108.8984375,3155.860649546828,3090.113552681269,3137.0757647280966,184143400
2026-04-07,3033.7587890625,3118.290767705108,3024.366346991099,3108.8983256337074,273842700
2026-04-08,3137.07568359375,3165.2530100930953,3127.6832414273017,3137.07568359375,416112900
2026-04-09,3080.720947265625,3127.683156827601,3061.936063440835,3108.8982730028106,319141400
2026-04-10,3184.037841796875,3193.4302838080753,3090.1134216848727,3090.1134216848727,353451500
2026-04-13,3165.2529296875,3202.8226973989244,3146.468045831788,3184.0378135432125,176083800
2026-04-14,3249.784912109375,3277.962237936913,3212.2151443393245,3212.2151443393245,280543100
2026-04-15,3193.430419921875,3296.7472864487595,3193.430419921875,3287.3548440372247,332898200
2026-04-16,3202.82275390625,3221.6076380933832,3174.64542762555,3193.430311812683,228465700
2026-04-17,3221.607666015625,3240.39255036557,3202.8227816656795,3202.8227816656795,209108800
2026-04-20,3231.0,3259.1773255813955,3212.2151162790697,3231.0,354461400
2026-04-21,3270.0,3300.0,3230.0,3250.0,398239800
2026-04-22,3240.0,3280.0,3240.0,3260.0,223077500
2026-04-23,3160.0,3270.0,3150.0,3240.0,352657300
2026-04-24,3070.0,3150.0,3060.0,3120.0,428089200
2026-04-27,3050.0,3100.0,3050.0,3060.0,216480300
2026-04-28,3070.0,3080.0,3020.0,3050.0,232596600
2026-04-29,3070.0,3110.0,3050.0,3070.0,180641600
2026-04-30,2990.0,3060.0,2980.0,3050.0,382750500
2026-05-04,3040.0,3040.0,3000.0,3010.0,190480000
2026-05-05,3150.0,3170.0,3040.0,3050.0,253157600
2026-05-06,3160.0,3190.0,3130.0,3150.0,185002500
2026-05-07,3310.0,3330.0,3190.0,3200.0,312804400
2026-05-08,3260.0,3360.0,3260.0,3310.0,335638700
2026-05-11,3200.0,3280.0,3200.0,3260.0,196431000
2026-05-12,3220.0,3240.0,3170.0,3200.0,151508100
2026-05-13,3120.0,3210.0,3120.0,3200.0,155231500
2026-05-14,3120.0,3120.0,3120.0,3120.0,0
2026-05-15,3120.0,3120.0,3120.0,3120.0,0
2026-05-18,3060.0,3100.0,3010.0,3040.0,348373200
2026-05-19,3040.0,3140.0,3040.0,3060.0,224758600
2026-05-20,3040.0,3110.0,3030.0,3060.0,273501800
2026-05-21,3020.0,3090.0,3020.0,3050.0,173346000
2026-05-22,3050.0,3070.0,3000.0,3020.0,158122200
2026-05-25,3170.0,3220.0,3080.0,3090.0,242782900
2026-05-26,3070.0,3150.0,3070.0,3150.0,185037400
2026-05-27,3070.0,3070.0,3070.0,3070.0,0
2026-05-28,3070.0,3070.0,3070.0,3070.0,0
2026-05-29,2950.0,3080.0,2950.0,3060.0,1073661600
2026-06-02,3040.0,3040.0,2980.0,3000.0,320974000
2026-06-03,2900.0,3070.0,2900.0,3050.0,411746000
2026-06-04,2810.0,2930.0,2780.0,2900.0,493450500
2026-06-05,2740.0,2830.0,2730.0,2780.0,310053600
2026-06-08,2590.0,2750.0,2590.0,2700.0,626878600
2026-06-09,2790.0,2800.0,2540.0,2540.0,873192700
2026-06-10,2880.0,2910.0,2730.0,2790.0,704423000
2026-06-11,2850.0,2960.0,2780.0,2880.0,465509700
2026-06-12,2850.0,2900.0,2830.0,2880.0,450530000
2026-06-15,2990.0,3050.0,2890.0,2890.0,622216400
2026-06-17,3080.0,3130.0,3010.0,3020.0,512048000
2026-06-18,2960.0,3060.0,2960.0,3040.0,356398400
2026-06-19,2930.0,3000.0,2910.0,2960.0,514857200
2026-06-22,2870.0,2940.0,2870.0,2930.0,250025400
2026-06-23,2910.0,2940.0,2860.0,2870.0,271555000
2026-06-24,2810.0,2980.0,2800.0,2930.0,330171300
2026-06-25,2850.0,2920.0,2790.0,2800.0,343497900
2026-06-26,2870.0,2880.0,2810.0,2850.0,200394100
2026-06-29,2840.0,2890.0,2830.0,2880.0,173099600
2026-06-30,2730.0,2840.0,2730.0,2810.0,346190100
2026-07-01,2670.0,2750.0,2670.0,2700.0,302582100
2026-07-02,2690.0,2730.0,2630.0,2680.0,366662800
2026-07-03,2710.0,2740.0,2700.0,2710.0,219292600
2026-07-06,2790.0,2790.0,2680.0,2710.0,257473000
2026-07-07,2860.0,2890.0,2800.0,2810.0,265534600
2026-07-08,2790.0,2870.0,2770.0,2860.0,253336100
2026-07-09,2780.0,2790.0,2730.0,2770.0,244821900
2026-07-10,2790.0,2810.0,2760.0,2790.0,144957900
2026-07-13,2870.0,2870.0,2780.0,2790.0,211532100
2026-07-14,2800.0,2890.0,2800.0,2880.0,273911200
2026-07-15,2830.0,2870.0,2810.0,2840.0,182403300
2026-07-16,2860.0,2880.0,2830.0,2840.0,197705800
2026-07-17,2970.0,3000.0,2840.0,2860.0,439266600
2026-07-20,3020.0,3080.0,2990.0,3000.0,393555500
2026-07-21,3070.0,3080.0,3040.0,3080.0,320262200
2026-07-22,3020.0,3080.0,3020.0,3080.0,200041000
2026-07-23,2990.0,3070.0,2990.0,3030.0,217693500
2026-07-24,2960.0,3020.0,2940.0,2970.0,290905700
2026-07-27,2950.0,2980.0,2920.0,2930.0,201363300
2026-07-28,2930.0,2970.0,2920.0,2930.0,220772100
2026-07-29,2920.0,2950.0,2910.0,2930.0,132102100
2026-07-30,2990.0,3010.0,2920.0,2930.0,220548900
2026-07-31,3040.0,3040.0,2980.0,3000.0,226634400
2026-08-03,3020.0,3030.0,2980.0,3030.0,119721600
2026-08-04,3060.0,3060.0,3000.0,3020.0,191121700
2026-08-05,3020.0,3070.0,3020.0,3060.0,111460100
2026-08-06,3040.0,3070.0,3030.0,3030.0,117685400
2026-08-07,3130.0,3130.0,3040.0,3050.0,349136300
2026-08-10,3090.0,3160.0,3090.0,3140.0,232230700
2026-08-11,3090.0,3110.0,3060.0,3100.0,179274900
2026-08-12,3130.0,3130.0,3080.0,3090.0,158307500
2026-08-13,3110.0,3130.0,3080.0,3130.0,165084600
2026-08-14,3120.0,3150.0,3090.0,3110.0,118492200
2026-08-18,3080.0,3140.0,3080.0,3120.0,153801000
2026-08-19,3080.0,3100.0,3040.0,3080.0,101112000
2026-08-20,3140.0,3140.0,3090.0,3100.0,156120300
2026-08-21,3230.0,3250.0,3160.0,3170.0,349663900
2026-08-24,3180.0,3240.0,3160.0,3230.0,151200300
2026-08-25,3180.0,3180.0,3180.0,3180.0,0
2026-08-26,3130.0,3170.0,3110.0,3170.0,159003300
2026-08-27,3150.0,3150.0,3100.0,3110.0,164832300
2026-08-28,3190.0,3200.0,3160.0,3180.0,135419900
2026-08-31,3250.0,3270.0,3170.0,3180.0,353834000
